country,iso_code,date,total_vaccinations,people_vaccinated,people_fully_vaccinated,New_deaths,population,ratio,continent,vaccination_rate,death_rate_per_million,country_avg_vaccination_rate,country_avg_death_rate,continent_avg_vaccination_rate,continent_avg_death_rate
Afghanistan,AFG,2021-05-11,504502.0,448878.0,55624.0,12,40146987.0,1.1180863958732443,Asia,0.1385508705796527,0.29890163363940614,0.41021406721080744,1.0813206158131456,23.2444639828785,1.6257203533003144
Afghanistan,AFG,2021-05-20,547901.0,470341.0,77560.0,10,40146987.0,1.1715474438965991,Asia,0.19319008920893616,0.2490846946995051,0.41021406721080744,1.0813206158131456,23.2444639828785,1.6257203533003144
Afghanistan,AFG,2021-05-24,573277.0,476367.0,96910.0,10,40146987.0,1.1865572875991914,Asia,0.2413879776332904,0.2490846946995051,0.41021406721080744,1.0813206158131456,23.2444639828785,1.6257203533003144
Afghanistan,AFG,2021-05-26,590454.0,479372.0,111082.0,19,40146987.0,1.1940422826749115,Asia,0.27668826056610424,0.47326091992905966,0.41021406721080744,1.0813206158131456,23.2444639828785,1.6257203533003144
Afghanistan,AFG,2021-05-27,593313.0,479574.0,113739.0,14,40146987.0,1.1945454337582044,Asia,0.2833064409042701,0.34871857257930716,0.41021406721080744,1.0813206158131456,23.2444639828785,1.6257203533003144
Afghanistan,AFG,2021-05-30,600152.0,480226.0,119926.0,20,40146987.0,1.1961694659676454,Asia,0.2987173109653285,0.4981693893990102,0.41021406721080744,1.0813206158131456,23.2444639828785,1.6257203533003144
Afghanistan,AFG,2021-06-02,626290.0,481690.0,144600.0,34,40146987.0,1.199816065898046,Asia,0.36017646853548435,0.8468879619783173,0.41021406721080744,1.0813206158131456,23.2444639828785,1.6257203533003144
Afghanistan,AFG,2021-06-03,630305.0,481800.0,148505.0,27,40146987.0,1.2000900590622154,Asia,0.3699032258635,0.6725286756886638,0.41021406721080744,1.0813206158131456,23.2444639828785,1.6257203533003144
Afghanistan,AFG,2021-06-08,641295.0,482952.0,158343.0,64,40146987.0,1.2029595147451535,Asia,0.3944081781280373,1.5941420460768325,0.41021406721080744,1.0813206158131456,23.2444639828785,1.6257203533003144
Afghanistan,AFG,2021-06-14,662003.0,484737.0,177266.0,85,40146987.0,1.20740567654554,Asia,0.4415424749060247,2.1172199049457934,0.41021406721080744,1.0813206158131456,23.2444639828785,1.6257203533003144
Afghanistan,AFG,2021-06-22,765890.0,582128.0,183762.0,78,40146987.0,1.449991751560335,Asia,0.4577230166737046,1.94286061865614,0.41021406721080744,1.0813206158131456,23.2444639828785,1.6257203533003144
Afghanistan,AFG,2021-06-27,835694.0,649434.0,186260.0,56,40146987.0,1.6176406961747838,Asia,0.4639451523472982,1.3948742903172286,0.41021406721080744,1.0813206158131456,23.2444639828785,1.6257203533003144
Afghanistan,AFG,2021-06-30,886854.0,699200.0,187654.0,77,40146987.0,1.7416001853389398,Asia,0.4674173929914093,1.9179521491861893,0.41021406721080744,1.0813206158131456,23.2444639828785,1.6257203533003144
Afghanistan,AFG,2021-07-05,915671.0,726349.0,189322.0,84,40146987.0,1.809224189102908,Asia,0.471572125698997,2.0923114354758425,0.41021406721080744,1.0813206158131456,23.2444639828785,1.6257203533003144
Afghanistan,AFG,2021-07-07,934463.0,735213.0,199250.0,55,40146987.0,1.8313030564410724,Asia,0.4963012541887639,1.369965820847278,0.41021406721080744,1.0813206158131456,23.2444639828785,1.6257203533003144
Afghanistan,AFG,2021-07-11,962093.0,742934.0,219159.0,86,40146987.0,1.850534885718821,Asia,0.5458915260564884,2.1421283744157438,0.41021406721080744,1.0813206158131456,23.2444639828785,1.6257203533003144
Albania,ALB,2021-02-02,550.0,549.0,1.0,13,2871065.0,0.0191218241314634,Europe,3.4830280749477984e-05,4.527936497432138,17.953533354455605,1.150209271261831,24.78207907735958,3.0760247467090363
Albania,ALB,2021-02-09,1127.0,689.0,438.0,12,2871065.0,0.0239980634363903,Europe,0.015255662968271355,4.179633689937358,17.953533354455605,1.150209271261831,24.78207907735958,3.0760247467090363
Albania,ALB,2021-02-17,1701.0,1090.0,611.0,15,2871065.0,0.037965006016931,Europe,0.021281301537931046,5.224542112421697,17.953533354455605,1.150209271261831,24.78207907735958,3.0760247467090363
Albania,ALB,2021-02-18,3049.0,2438.0,611.0,18,2871065.0,0.0849162244672273,Europe,0.021281301537931046,6.269450534906037,17.953533354455605,1.150209271261831,24.78207907735958,3.0760247467090363
Albania,ALB,2021-02-22,6728.0,6073.0,655.0,13,2871065.0,0.2115242949915797,Europe,0.02281383389090808,4.527936497432138,17.953533354455605,1.150209271261831,24.78207907735958,3.0760247467090363
Angola,AGO,2021-05-12,626572.0,586377.0,40195.0,3,34299088.0,1.7095993922637245,Africa,0.11718970486912073,0.087465882474776,2.075162943941,0.18222058848911665,6.7162313205294755,1.7302538308583773
Angola,AGO,2021-05-18,681502.0,606287.0,75215.0,18,34299088.0,1.767647582932817,Africa,0.21929154501134257,0.524795294848656,2.075162943941,0.18222058848911665,6.7162313205294755,1.7302538308583773
Angola,AGO,2021-05-21,757535.0,630984.0,126551.0,8,34299088.0,1.8396524129154688,Africa,0.36896316310217925,0.23324235326606935,2.075162943941,0.18222058848911665,6.7162313205294755,1.7302538308583773
Angola,AGO,2021-05-26,859979.0,663049.0,196930.0,4,34299088.0,1.9331388636339253,Africa,0.574155207858588,0.11662117663303467,2.075162943941,0.18222058848911665,6.7162313205294755,1.7302538308583773
Angola,AGO,2021-05-31,909215.0,679034.0,230181.0,7,34299088.0,1.9797436013459015,Africa,0.6710994764642139,0.2040870591078107,2.075162943941,0.18222058848911665,6.7162313205294755,1.7302538308583773
Argentina,ARG,2021-01-20,247933.0,243539.0,4394.0,425,45745417.0,0.5323790140551129,South America,0.009605333797700434,9.2905481657321,14.482184076108716,5.567738718214432,20.998690731896094,6.493491552577863
Argentina,ARG,2021-01-21,265724.0,249372.0,16352.0,234,45745417.0,0.5451300181611636,South America,0.03574565731907089,5.115266519485438,14.482184076108716,5.567738718214432,20.998690731896094,6.493491552577863
Argentina,ARG,2021-01-22,279602.0,254456.0,25146.0,150,45745417.0,0.5562436997787122,South America,0.05496944098247045,3.279016999670153,14.482184076108716,5.567738718214432,20.998690731896094,6.493491552577863
Argentina,ARG,2021-01-23,288064.0,258876.0,29188.0,139,45745417.0,0.5659058698710737,South America,0.06380529879091494,3.038555753027675,14.482184076108716,5.567738718214432,20.998690731896094,6.493491552577863
Argentina,ARG,2021-01-24,292023.0,260036.0,31987.0,220,45745417.0,0.5684416430174852,South America,0.06992394451229945,4.809224932849557,14.482184076108716,5.567738718214432,20.998690731896094,6.493491552577863
Argentina,ARG,2021-01-25,292386.0,260122.0,32264.0,162,45745417.0,0.568629639992133,South America,0.07052946965157188,3.541338359643765,14.482184076108716,5.567738718214432,20.998690731896094,6.493491552577863
Argentina,ARG,2021-01-26,305880.0,266969.0,38911.0,90,45745417.0,0.5835972595899607,South America,0.08505988698277687,1.9674101998020919,14.482184076108716,5.567738718214432,20.998690731896094,6.493491552577863
Argentina,ARG,2021-01-27,318033.0,272323.0,45710.0,207,45745417.0,0.59530116426745,South America,0.09992257803661511,4.525043459544811,14.482184076108716,5.567738718214432,20.998690731896094,6.493491552577863
Argentina,ARG,2021-01-28,327999.0,276548.0,51451.0,219,45745417.0,0.6045370621498543,South America,0.11247246910001936,4.787364819518423,14.482184076108716,5.567738718214432,20.998690731896094,6.493491552577863
Argentina,ARG,2021-01-29,344034.0,278451.0,65583.0,182,45745417.0,0.6086970417167692,South America,0.14336518125957842,3.9785406262664518,14.482184076108716,5.567738718214432,20.998690731896094,6.493491552577863
Argentina,ARG,2021-01-30,366384.0,281023.0,85361.0,166,45745417.0,0.614319462865537,South America,0.18660011340589594,3.6287788129683025,14.482184076108716,5.567738718214432,20.998690731896094,6.493491552577863
Argentina,ARG,2021-02-01,375851.0,281577.0,94274.0,156,45745417.0,0.6155305131440817,South America,0.206084032417936,3.4101776796569587,14.482184076108716,5.567738718214432,20.998690731896094,6.493491552577863
Argentina,ARG,2021-02-03,396562.0,284196.0,112366.0,275,45745417.0,0.6212556768255058,South America,0.24563334945662427,6.011531166061947,14.482184076108716,5.567738718214432,20.998690731896094,6.493491552577863
Argentina,ARG,2021-02-04,444018.0,297717.0,146301.0,177,45745417.0,0.6508127360605326,South America,0.3198156440458287,3.86924005961078,14.482184076108716,5.567738718214432,20.998690731896094,6.493491552577863
Argentina,ARG,2021-02-06,471383.0,307501.0,163882.0,161,45745417.0,0.6722006709437145,South America,0.358247909293296,3.5194782463126306,14.482184076108716,5.567738718214432,20.998690731896094,6.493491552577863
Argentina,ARG,2021-02-07,501152.0,319316.0,181836.0,285,45745417.0,0.6980283948444497,South America,0.39749555676801457,6.23013229937329,14.482184076108716,5.567738718214432,20.998690731896094,6.493491552577863
Argentina,ARG,2021-02-08,511582.0,322318.0,189264.0,125,45745417.0,0.7045908008664562,South America,0.4137332489503812,2.732514166391794,14.482184076108716,5.567738718214432,20.998690731896094,6.493491552577863
Argentina,ARG,2021-02-09,513178.0,322975.0,190203.0,61,45745417.0,0.7060270103123117,South America,0.4157859135921747,1.3334669131991954,14.482184076108716,5.567738718214432,20.998690731896094,6.493491552577863
Argentina,ARG,2021-02-10,535303.0,337772.0,197531.0,227,45745417.0,0.7383734200083912,South America,0.43180500464122995,4.962245726167498,14.482184076108716,5.567738718214432,20.998690731896094,6.493491552577863
Argentina,ARG,2021-02-11,572928.0,362649.0,210279.0,158,45745417.0,0.7927548239422542,South America,0.4596722771157601,3.4538979063192277,14.482184076108716,5.567738718214432,20.998690731896094,6.493491552577863
Argentina,ARG,2021-02-12,591632.0,368023.0,223609.0,118,45745417.0,0.8045024488464056,South America,0.4888118081861621,2.579493373073854,14.482184076108716,5.567738718214432,20.998690731896094,6.493491552577863
Argentina,ARG,2021-02-13,606245.0,371629.0,234616.0,200,45745417.0,0.8123852057136128,South America,0.5128732349297417,4.37202266622687,14.482184076108716,5.567738718214432,20.998690731896094,6.493491552577863
Argentina,ARG,2021-02-14,609605.0,372122.0,237483.0,314,45745417.0,0.8134629093008378,South America,0.5191405294217779,6.864075585976186,14.482184076108716,5.567738718214432,20.998690731896094,6.493491552577863
Argentina,ARG,2021-02-15,609791.0,372181.0,237610.0,48,45745417.0,0.8135918839694914,South America,0.5194181528610833,1.049285439894449,14.482184076108716,5.567738718214432,20.998690731896094,6.493491552577863
Argentina,ARG,2021-02-16,611169.0,373253.0,237916.0,0,45745417.0,0.815935288118589,South America,0.5200870723290161,0.0,14.482184076108716,5.567738718214432,20.998690731896094,6.493491552577863
Argentina,ARG,2021-02-17,612322.0,374002.0,238320.0,91,45745417.0,0.8175726106070911,South America,0.5209702209075939,1.9892703131332259,14.482184076108716,5.567738718214432,20.998690731896094,6.493491552577863
Argentina,ARG,2021-02-18,635583.0,392399.0,243184.0,105,45745417.0,0.8577886611023788,South America,0.5316029800318576,2.295311899769107,14.482184076108716,5.567738718214432,20.998690731896094,6.493491552577863
Argentina,ARG,2021-02-19,668654.0,414958.0,253696.0,184,45745417.0,0.9071028907660847,South America,0.554582331165546,4.022260852928721,14.482184076108716,5.567738718214432,20.998690731896094,6.493491552577863
Argentina,ARG,2021-02-20,707148.0,445614.0,261534.0,241,45745417.0,0.9741172541940104,South America,0.5717162879944891,5.26828731280338,14.482184076108716,5.567738718214432,20.998690731896094,6.493491552577863
Argentina,ARG,2021-02-21,720267.0,456929.0,263338.0,143,45745417.0,0.9988519724281888,South America,0.5756598524394257,3.125996206352212,14.482184076108716,5.567738718214432,20.998690731896094,6.493491552577863
Argentina,ARG,2021-02-22,722234.0,458822.0,263412.0,122,45745417.0,1.002990091881773,South America,0.5758216172780762,2.666933826398391,14.482184076108716,5.567738718214432,20.998690731896094,6.493491552577863
Argentina,ARG,2021-02-23,746615.0,481689.0,264926.0,237,45745417.0,1.0529776130360775,South America,0.5791312384364099,5.180846859478842,14.482184076108716,5.567738718214432,20.998690731896094,6.493491552577863
Argentina,ARG,2021-02-24,780455.0,513394.0,267061.0,151,45745417.0,1.122285102352439,South America,0.5837983726326071,3.300877113001287,14.482184076108716,5.567738718214432,20.998690731896094,6.493491552577863
Argentina,ARG,2021-02-25,829832.0,558831.0,271001.0,14,45745417.0,1.221610899295114,South America,0.592411257285074,0.30604158663588094,14.482184076108716,5.567738718214432,20.998690731896094,6.493491552577863
Argentina,ARG,2021-02-26,903915.0,620635.0,283280.0,156,45745417.0,1.3567151437268568,South America,0.6192532904443739,3.4101776796569587,14.482184076108716,5.567738718214432,20.998690731896094,6.493491552577863
Argentina,ARG,2021-02-27,984895.0,694470.0,290425.0,207,45745417.0,1.5181192905072871,South America,0.6348723414194694,4.525043459544811,14.482184076108716,5.567738718214432,20.998690731896094,6.493491552577863
Argentina,ARG,2021-02-28,1025003.0,731571.0,293432.0,59,45745417.0,1.599222496977129,South America,0.6414456774981415,1.289746686536927,14.482184076108716,5.567738718214432,20.998690731896094,6.493491552577863
Argentina,ARG,2021-03-01,1049169.0,755212.0,293957.0,19,45745417.0,1.6509019909032636,South America,0.642593333448026,0.4153421532915527,14.482184076108716,5.567738718214432,20.998690731896094,6.493491552577863
Argentina,ARG,2021-03-02,1126108.0,823446.0,302662.0,112,45745417.0,1.800062288206926,South America,0.6616225621027786,2.4483326930870475,14.482184076108716,5.567738718214432,20.998690731896094,6.493491552577863
Argentina,ARG,2021-03-03,1181292.0,874916.0,306376.0,115,45745417.0,1.9125762915222744,South America,0.6697414081939618,2.5139130330804504,14.482184076108716,5.567738718214432,20.998690731896094,6.493491552577863
Argentina,ARG,2021-03-04,1252461.0,941695.0,310766.0,261,45745417.0,2.0585559423362563,South America,0.6793379979463299,5.705489579426065,14.482184076108716,5.567738718214432,20.998690731896094,6.493491552577863
Argentina,ARG,2021-03-05,1357596.0,1030504.0,327092.0,52,45745417.0,2.2526934228187274,South America,0.7150268189707398,1.1367258932189863,14.482184076108716,5.567738718214432,20.998690731896094,6.493491552577863
Argentina,ARG,2021-03-07,1526078.0,1182874.0,343204.0,86,45745417.0,2.585775969645222,South America,0.7502478335698634,1.8799697464775542,14.482184076108716,5.567738718214432,20.998690731896094,6.493491552577863
Argentina,ARG,2021-03-08,1546699.0,1202998.0,343701.0,10,45745417.0,2.6297672617127965,South America,0.7513342812024207,0.2186011333113435,14.482184076108716,5.567738718214432,20.998690731896094,6.493491552577863
Argentina,ARG,2021-03-09,1648957.0,1301787.0,347170.0,241,45745417.0,2.8457211352997396,South America,0.7589175545169913,5.26828731280338,14.482184076108716,5.567738718214432,20.998690731896094,6.493491552577863
Argentina,ARG,2021-03-10,1774438.0,1424984.0,349454.0,131,45745417.0,3.1150311735053156,South America,0.7639104044018223,2.8636748463786,14.482184076108716,5.567738718214432,20.998690731896094,6.493491552577863
Argentina,ARG,2021-03-11,1919074.0,1564555.0,354519.0,107,45745417.0,3.4201349612792904,South America,0.7749825518040419,2.3390321264313756,14.482184076108716,5.567738718214432,20.998690731896094,6.493491552577863
Argentina,ARG,2021-03-12,2098205.0,1719543.0,378662.0,134,45745417.0,3.758940485775876,South America,0.8277594234193995,2.929255186372003,14.482184076108716,5.567738718214432,20.998690731896094,6.493491552577863
Argentina,ARG,2021-03-13,2294738.0,1876113.0,418625.0,85,45745417.0,4.101204280201446,South America,0.9151189943246117,1.85810963314642,14.482184076108716,5.567738718214432,20.998690731896094,6.493491552577863
Argentina,ARG,2021-03-14,2381429.0,1932696.0,448733.0,68,45745417.0,4.224895359463003,South America,0.980935423541991,1.486487706517136,14.482184076108716,5.567738718214432,20.998690731896094,6.493491552577863
Argentina,ARG,2021-03-15,2404194.0,1952883.0,451311.0,24,45745417.0,4.269024370244565,South America,0.9865709607587576,0.5246427199472244,14.482184076108716,5.567738718214432,20.998690731896094,6.493491552577863
Armenia,ARM,2021-06-20,64293.0,52509.0,11784.0,2,2969746.0,1.768131011877783,Asia,0.3968016119897122,0.6734582688216434,3.1313373165880973,3.8426736515117295,23.2444639828785,1.6257203533003144
Armenia,ARM,2021-06-27,74714.0,58518.0,16196.0,2,2969746.0,1.9704715487452464,Asia,0.5453665060917667,0.6734582688216434,3.1313373165880973,3.8426736515117295,23.2444639828785,1.6257203533003144
Austria,AUT,2021-01-16,110497.0,110485.0,12.0,48,9056020.0,1.2200171819408527,Europe,0.0001325085412797233,5.3003416511889325,28.062400449349106,1.5287646193579387,24.78207907735958,3.0760247467090363
Austria,AUT,2021-01-17,116217.0,115824.0,393.0,52,9056020.0,1.2789724404318894,Europe,0.004339654726910939,5.742036788788011,28.062400449349106,1.5287646193579387,24.78207907735958,3.0760247467090363
Austria,AUT,2021-01-18,127691.0,126399.0,1292.0,51,9056020.0,1.3957455924346458,Europe,0.014266752944450213,5.6316130043882415,28.062400449349106,1.5287646193579387,24.78207907735958,3.0760247467090363
Austria,AUT,2021-01-19,153933.0,151145.0,2788.0,42,9056020.0,1.6690002893103153,Europe,0.030786151090655717,4.637798944790316,28.062400449349106,1.5287646193579387,24.78207907735958,3.0760247467090363
Austria,AUT,2021-01-20,177647.0,173542.0,4104.0,51,9056020.0,1.9163164392304783,Europe,0.045317921117665375,5.6316130043882415,28.062400449349106,1.5287646193579387,24.78207907735958,3.0760247467090363
Austria,AUT,2021-01-21,197645.0,193367.0,4277.0,39,9056020.0,2.135231591803022,Europe,0.047228252587781384,4.306527591591008,28.062400449349106,1.5287646193579387,24.78207907735958,3.0760247467090363
Austria,AUT,2021-01-22,209260.0,204392.0,4867.0,35,9056020.0,2.2569738141037674,Europe,0.053743255867367785,3.8648324539919305,28.062400449349106,1.5287646193579387,24.78207907735958,3.0760247467090363
Austria,AUT,2021-01-23,212417.0,207547.0,4869.0,52,9056020.0,2.291812518081895,Europe,0.05376534062424774,5.742036788788011,28.062400449349106,1.5287646193579387,24.78207907735958,3.0760247467090363
Austria,AUT,2021-01-24,213688.0,208808.0,4879.0,36,9056020.0,2.3057369572947057,Europe,0.05387576440864751,3.9752562383917,28.062400449349106,1.5287646193579387,24.78207907735958,3.0760247467090363
Austria,AUT,2021-01-25,215218.0,210223.0,4994.0,53,9056020.0,2.321361922787273,Europe,0.05514563792924485,5.85246057318778,28.062400449349106,1.5287646193579387,24.78207907735958,3.0760247467090363
Austria,AUT,2021-01-26,223978.0,218066.0,5911.0,34,9056020.0,2.407967296892012,Europe,0.06527149895870371,3.7544086695921606,28.062400449349106,1.5287646193579387,24.78207907735958,3.0760247467090363
Austria,AUT,2021-01-27,232063.0,225618.0,6444.0,42,9056020.0,2.491359338870718,Europe,0.07115708666721142,4.637798944790316,28.062400449349106,1.5287646193579387,24.78207907735958,3.0760247467090363
Austria,AUT,2021-01-28,242072.0,232941.0,9130.0,48,9056020.0,2.5722226761866693,Europe,0.1008169151569895,5.3003416511889325,28.062400449349106,1.5287646193579387,24.78207907735958,3.0760247467090363
Austria,AUT,2021-01-29,257260.0,238326.0,18919.0,38,9056020.0,2.631685884085945,Europe,0.2089107577059238,4.196103807191238,28.062400449349106,1.5287646193579387,24.78207907735958,3.0760247467090363
Austria,AUT,2021-01-30,260995.0,239676.0,21304.0,40,9056020.0,2.646593094979914,Europe,0.23524683028526883,4.416951375990777,28.062400449349106,1.5287646193579387,24.78207907735958,3.0760247467090363
Austria,AUT,2021-01-31,262423.0,240089.0,22319.0,44,9056020.0,2.6511535972756244,Europe,0.2464548444018454,4.858646513589855,28.062400449349106,1.5287646193579387,24.78207907735958,3.0760247467090363
Austria,AUT,2021-02-01,267177.0,241700.0,25462.0,35,9056020.0,2.6689428689424273,Europe,0.28116103983869295,3.8648324539919305,28.062400449349106,1.5287646193579387,24.78207907735958,3.0760247467090363
Austria,AUT,2021-02-02,284894.0,244841.0,40008.0,39,9056020.0,2.703626979622395,Europe,0.44178347662659756,4.306527591591008,28.062400449349106,1.5287646193579387,24.78207907735958,3.0760247467090363
Austria,AUT,2021-02-03,303317.0,248054.0,55217.0,38,9056020.0,2.7391061415500406,Europe,0.6097270103202068,4.196103807191238,28.062400449349106,1.5287646193579387,24.78207907735958,3.0760247467090363
Austria,AUT,2021-02-04,324239.0,250955.0,73238.0,41,9056020.0,2.771140081404414,Europe,0.8087217121870314,4.527375160390547,28.062400449349106,1.5287646193579387,24.78207907735958,3.0760247467090363
Austria,AUT,2021-02-05,345689.0,255133.0,90510.0,30,9056020.0,2.8172751385266372,Europe,0.9994456726023131,3.312713531993083,28.062400449349106,1.5287646193579387,24.78207907735958,3.0760247467090363
Bangladesh,BGD,2021-04-08,5664830.0,5583507.0,81323.0,74,166848913.0,3.346444936084181,Asia,0.048740503331897646,0.44351502607631615,4.561516060643229,0.5342916762152347,23.2444639828785,1.6257203533003144
Bangladesh,BGD,2021-04-10,5821476.0,5603450.0,218026.0,77,166848913.0,3.3583976660369372,Asia,0.13067271226393906,0.4614953649713019,4.561516060643229,0.5342916762152347,23.2444639828785,1.6257203533003144
Bangladesh,BGD,2021-04-11,6010824.0,5627107.0,383717.0,78,166848913.0,3.3725763619448936,Asia,0.2299787233255754,0.46748881126963054,4.561516060643229,0.5342916762152347,23.2444639828785,1.6257203533003144
Bangladesh,BGD,2021-04-12,6172159.0,5649563.0,522596.0,83,166848913.0,3.38603524495242,Asia,0.3132151061721331,0.49745604276127353,4.561516060643229,0.5342916762152347,23.2444639828785,1.6257203533003144
Bangladesh,BGD,2021-04-15,6617036.0,5686885.0,930151.0,94,166848913.0,3.4084039852270416,Asia,0.5574810067836642,0.563383952042888,4.561516060643229,0.5342916762152347,23.2444639828785,1.6257203533003144
Bangladesh,BGD,2021-04-18,7080699.0,5714090.0,1366609.0,102,166848913.0,3.424709155881646,Asia,0.8190697652312544,0.6113315224295168,4.561516060643229,0.5342916762152347,23.2444639828785,1.6257203533003144
Belarus,BLR,2021-03-12,30944.0,20944.0,10000.0,7,9440496.0,0.2218527501097399,Europe,0.10592663775293162,0.7414864642705215,9.298853254799509,1.114532449400411,24.78207907735958,3.0760247467090363
Belarus,BLR,2021-03-26,66618.0,40518.0,26100.0,9,9440496.0,0.4291935508473283,Europe,0.2764685245351515,0.9533397397763846,9.298853254799509,1.114532449400411,24.78207907735958,3.0760247467090363
Belarus,BLR,2021-04-09,118100.0,92000.0,26100.0,10,9440496.0,0.974525067326971,Europe,0.2764685245351515,1.0592663775293163,9.298853254799509,1.114532449400411,24.78207907735958,3.0760247467090363
Belarus,BLR,2021-04-23,328500.0,244000.0,84500.0,10,9440496.0,2.5846099611715316,Europe,0.8950800890122722,1.0592663775293163,9.298853254799509,1.114532449400411,24.78207907735958,3.0760247467090363
Belgium,BEL,2020-12-29,360.0,359.0,11.0,63,11647393.0,0.0030822347970915,Europe,9.444173472982323e-05,5.408935716344422,30.065791606557315,1.8486163780851235,24.78207907735958,3.0760247467090363
Belgium,BEL,2020-12-30,873.0,871.0,21.0,77,11647393.0,0.0074780682681523,Europe,0.00018029785721148072,6.610921431087626,30.065791606557315,1.8486163780851235,24.78207907735958,3.0760247467090363
Belgium,BEL,2020-12-31,906.0,904.0,21.0,74,11647393.0,0.0077613934723418,Europe,0.00018029785721148072,6.353353063642654,30.065791606557315,1.8486163780851235,24.78207907735958,3.0760247467090363
Belgium,BEL,2021-01-01,916.0,914.0,21.0,87,11647393.0,0.0078472495948234,Europe,0.00018029785721148072,7.469482655904201,30.065791606557315,1.8486163780851235,24.78207907735958,3.0760247467090363
Belgium,BEL,2021-01-02,934.0,932.0,34.0,50,11647393.0,0.0080017906152904,Europe,0.0002919108164376355,4.292806124082874,30.065791606557315,1.8486163780851235,24.78207907735958,3.0760247467090363
Belgium,BEL,2021-01-03,953.0,951.0,34.0,64,11647393.0,0.0081649172480056,Europe,0.0002919108164376355,5.494791838826079,30.065791606557315,1.8486163780851235,24.78207907735958,3.0760247467090363
Belgium,BEL,2021-01-04,990.0,988.0,37.0,42,11647393.0,0.0084825849011877,Europe,0.00031766765318213267,3.6059571442296146,30.065791606557315,1.8486163780851235,24.78207907735958,3.0760247467090363
Belgium,BEL,2021-01-05,2745.0,2741.0,56.0,59,11647393.0,0.0235331631722223,Europe,0.00048079428589728197,5.065511226417791,30.065791606557315,1.8486163780851235,24.78207907735958,3.0760247467090363
Belgium,BEL,2021-01-06,6736.0,6731.0,80.0,63,11647393.0,0.0577897560424036,Europe,0.0006868489798532599,5.408935716344422,30.065791606557315,1.8486163780851235,24.78207907735958,3.0760247467090363
Belgium,BEL,2021-01-07,15215.0,15206.0,97.0,56,11647393.0,0.1305528198456083,Europe,0.0008328043880720775,4.80794285897282,30.065791606557315,1.8486163780851235,24.78207907735958,3.0760247467090363
Belgium,BEL,2021-01-08,24606.0,24595.0,133.0,53,11647393.0,0.2111631332436365,Europe,0.0011418864290060446,4.550374491527847,30.065791606557315,1.8486163780851235,24.78207907735958,3.0760247467090363
Belgium,BEL,2021-01-09,27877.0,27863.0,146.0,50,11647393.0,0.2392209140706422,Europe,0.0012534993882321991,4.292806124082874,30.065791606557315,1.8486163780851235,24.78207907735958,3.0760247467090363
Belgium,BEL,2021-01-10,28306.0,28290.0,148.0,52,11647393.0,0.242886970500609,Europe,0.0012706706127285307,4.464518369046189,30.065791606557315,1.8486163780851235,24.78207907735958,3.0760247467090363
Belgium,BEL,2021-01-11,34014.0,33993.0,162.0,56,11647393.0,0.2918507171518983,Europe,0.0013908691842028512,4.80794285897282,30.065791606557315,1.8486163780851235,24.78207907735958,3.0760247467090363
Belgium,BEL,2021-01-12,50042.0,50013.0,191.0,53,11647393.0,0.4293922253675136,Europe,0.001639851939399658,4.550374491527847,30.065791606557315,1.8486163780851235,24.78207907735958,3.0760247467090363
Belgium,BEL,2021-01-13,71927.0,71777.0,329.0,51,11647393.0,0.6162494903365929,Europe,0.0028246664296465314,4.378662246564532,30.065791606557315,1.8486163780851235,24.78207907735958,3.0760247467090363
Belgium,BEL,2021-01-14,95436.0,95272.0,354.0,41,11647393.0,0.8179684501072472,Europe,0.003039306735850675,3.520101021747957,30.065791606557315,1.8486163780851235,24.78207907735958,3.0760247467090363
Belgium,BEL,2021-01-15,119101.0,118930.0,382.0,62,11647393.0,1.0210868646743525,Europe,0.003279703878799316,5.323079593862764,30.065791606557315,1.8486163780851235,24.78207907735958,3.0760247467090363
Belgium,BEL,2021-01-16,124339.0,124164.0,396.0,48,11647393.0,1.066023959181252,Europe,0.0033999024502736363,4.1210938791195595,30.065791606557315,1.8486163780851235,24.78207907735958,3.0760247467090363
Belgium,BEL,2021-01-17,127616.0,127422.0,415.0,46,11647393.0,1.0939958838857762,Europe,0.0035630290829887857,3.9493816341562447,30.065791606557315,1.8486163780851235,24.78207907735958,3.0760247467090363
Belgium,BEL,2021-01-18,138841.0,138505.0,570.0,44,11647393.0,1.189150224432197,Europe,0.004893798981454476,3.7776693891929294,30.065791606557315,1.8486163780851235,24.78207907735958,3.0760247467090363
Belgium,BEL,2021-01-19,158278.0,157739.0,803.0,58,11647393.0,1.354285890413417,Europe,0.006894246635277095,4.9796551039361345,30.065791606557315,1.8486163780851235,24.78207907735958,3.0760247467090363
Belgium,BEL,2021-01-20,179963.0,178966.0,1287.0,61,11647393.0,1.5365326816052314,Europe,0.011049682963389318,5.237223471381106,30.065791606557315,1.8486163780851235,24.78207907735958,3.0760247467090363
Belgium,BEL,2021-01-21,210298.0,209272.0,1340.0,49,11647393.0,1.7967282463981424,Europe,0.011504720412542102,4.206950001601216,30.065791606557315,1.8486163780851235,24.78207907735958,3.0760247467090363
Belgium,BEL,2021-01-22,240489.0,239417.0,1421.0,53,11647393.0,2.055541527619099,Europe,0.012200155004643528,4.550374491527847,30.065791606557315,1.8486163780851235,24.78207907735958,3.0760247467090363
Belgium,BEL,2021-01-23,248993.0,247912.0,1442.0,49,11647393.0,2.128476303667267,Europe,0.01238045286185501,4.206950001601216,30.065791606557315,1.8486163780851235,24.78207907735958,3.0760247467090363
Belgium,BEL,2021-01-24,250920.0,249818.0,1463.0,67,11647393.0,2.1448404806122707,Europe,0.01256075071906649,5.752360206271051,30.065791606557315,1.8486163780851235,24.78207907735958,3.0760247467090363
Belgium,BEL,2021-01-25,262364.0,261242.0,1506.0,39,11647393.0,2.2429225149353167,Europe,0.012929932045737617,3.348388776784642,30.065791606557315,1.8486163780851235,24.78207907735958,3.0760247467090363
Belgium,BEL,2021-01-26,275307.0,272413.0,3299.0,44,11647393.0,2.3388323893595757,Europe,0.028323934806698807,3.7776693891929294,30.065791606557315,1.8486163780851235,24.78207907735958,3.0760247467090363
Belgium,BEL,2021-01-27,292121.0,285780.0,6785.0,52,11647393.0,2.4535962682808075,Europe,0.058253379103804605,4.464518369046189,30.065791606557315,1.8486163780851235,24.78207907735958,3.0760247467090363
Belgium,BEL,2021-01-28,316101.0,301837.0,14739.0,41,11647393.0,2.591455444149605,Europe,0.12654333892571495,3.520101021747957,30.065791606557315,1.8486163780851235,24.78207907735958,3.0760247467090363
Belgium,BEL,2021-01-29,337727.0,314394.0,23842.0,55,11647393.0,2.6992649771498223,Europe,0.20469816722076778,4.722086736491161,30.065791606557315,1.8486163780851235,24.78207907735958,3.0760247467090363
Belgium,BEL,2021-01-30,342280.0,316030.0,26771.0,44,11647393.0,2.7133110387878214,Europe,0.22984542549564524,3.7776693891929294,30.065791606557315,1.8486163780851235,24.78207907735958,3.0760247467090363
Belgium,BEL,2021-01-31,343263.0,316664.0,27120.0,29,11647393.0,2.7187543169531585,Europe,0.23284180417025507,2.4898275519680673,30.065791606557315,1.8486163780851235,24.78207907735958,3.0760247467090363
Belgium,BEL,2021-02-01,351220.0,320658.0,31098.0,32,11647393.0,2.7530452522723325,Europe,0.26699536969345844,2.7473959194130395,30.065791606557315,1.8486163780851235,24.78207907735958,3.0760247467090363
Belgium,BEL,2021-02-02,375952.0,330951.0,45566.0,38,11647393.0,2.8414169591427023,Europe,0.3912120076999205,3.2625326543029844,30.065791606557315,1.8486163780851235,24.78207907735958,3.0760247467090363
Belgium,BEL,2021-02-03,407023.0,341215.0,66396.0,52,11647393.0,2.9295396832578757,Europe,0.5700503108292131,4.464518369046189,30.065791606557315,1.8486163780851235,24.78207907735958,3.0760247467090363
Belgium,BEL,2021-02-04,441538.0,351270.0,90876.0,41,11647393.0,3.0158680144131824,Europe,0.7802260986643106,3.520101021747957,30.065791606557315,1.8486163780851235,24.78207907735958,3.0760247467090363
Belgium,BEL,2021-02-05,472723.0,359392.0,113977.0,34,11647393.0,3.085600357092785,Europe,0.9785623272091876,2.919108164376355,30.065791606557315,1.8486163780851235,24.78207907735958,3.0760247467090363
Benin,BEN,2021-05-21,12934.0,12516.0,418.0,0,12562862.0,0.0996269799031462,Africa,0.003327267305809775,0.0,0.28460985129935246,0.0,6.7162313205294755,1.7302538308583773
Benin,BEN,2021-06-08,26624.0,21834.0,4790.0,0,12562862.0,0.1737979769259584,Africa,0.03812825453308331,0.0,0.28460985129935246,0.0,6.7162313205294755,1.7302538308583773
Benin,BEN,2021-06-28,46108.0,36188.0,9920.0,0,12562862.0,0.2880553810111104,Africa,0.07896289874074873,0.0,0.28460985129935246,0.0,6.7162313205294755,1.7302538308583773
Benin,BEN,2021-07-12,52563.0,40270.0,12293.0,0,12562862.0,0.320547977045358,Africa,0.09785190667540565,0.0,0.28460985129935246,0.0,6.7162313205294755,1.7302538308583773
Benin,BEN,2021-07-24,57886.0,43377.0,14509.0,0,12562862.0,0.3452796026892598,Africa,0.11549119937797614,0.0,0.28460985129935246,0.0,6.7162313205294755,1.7302538308583773
Benin,BEN,2021-08-03,70323.0,48918.0,21405.0,0,12562862.0,0.3893857944153172,Africa,0.17038314995420628,0.0,0.28460985129935246,0.0,6.7162313205294755,1.7302538308583773
Bhutan,BTN,2021-07-05,486126.0,484820.0,1306.0,0,782762.0,61.93708943459186,Asia,0.16684509467756484,0.0,48.29305970397132,0.0,23.2444639828785,1.6257203533003144
Bhutan,BTN,2021-07-12,487060.0,485497.0,1563.0,0,782762.0,62.02357804798905,Asia,0.199677552052859,0.0,48.29305970397132,0.0,23.2444639828785,1.6257203533003144
Bhutan,BTN,2021-07-18,488872.0,486242.0,2630.0,0,782762.0,62.11875384855167,Asia,0.3359897388989246,0.0,48.29305970397132,0.0,23.2444639828785,1.6257203533003144
Bolivia (Plurinational State of),BOL,2021-03-02,19487.0,10325.0,9162.0,21,11887357.0,0.0868569859557511,Unknown,0.07707348235608638,1.766582765201718,6.831563542163119,2.730277412626303,20.260881057678773,2.048871017881066
Bolivia (Plurinational State of),BOL,2021-03-03,19865.0,10325.0,9540.0,17,11887357.0,0.0868569859557511,Unknown,0.08025333133344947,1.4300908099252003,6.831563542163119,2.730277412626303,20.260881057678773,2.048871017881066
Bolivia (Plurinational State of),BOL,2021-03-04,20025.0,10325.0,9700.0,37,11887357.0,0.0868569859557511,Unknown,0.08159929915455555,3.112550586307789,6.831563542163119,2.730277412626303,20.260881057678773,2.048871017881066
Bolivia (Plurinational State of),BOL,2021-03-05,20110.0,10325.0,9785.0,31,11887357.0,0.0868569859557511,Unknown,0.08231434455951815,2.6078126533930126,6.831563542163119,2.730277412626303,20.260881057678773,2.048871017881066
Bolivia (Plurinational State of),BOL,2021-03-06,106182.0,96397.0,9785.0,27,11887357.0,0.8109203753197619,Unknown,0.08231434455951815,2.2713206981164946,6.831563542163119,2.730277412626303,20.260881057678773,2.048871017881066
Bolivia (Plurinational State of),BOL,2021-03-07,106905.0,97120.0,9785.0,28,11887357.0,0.8170024674113852,Unknown,0.08231434455951815,2.355443686935624,6.831563542163119,2.730277412626303,20.260881057678773,2.048871017881066
Bolivia (Plurinational State of),BOL,2021-03-08,112066.0,102236.0,9830.0,18,11887357.0,0.8600397884912517,Unknown,0.08269289800920424,1.5142137987443296,6.831563542163119,2.730277412626303,20.260881057678773,2.048871017881066
Bolivia (Plurinational State of),BOL,2021-03-09,119080.0,109210.0,9870.0,16,11887357.0,0.9187071608937126,Unknown,0.08302938996448075,1.3459678211060708,6.831563542163119,2.730277412626303,20.260881057678773,2.048871017881066
Bolivia (Plurinational State of),BOL,2021-03-10,126889.0,117011.0,9878.0,22,11887357.0,0.9843315044715152,Unknown,0.08309668835553605,1.8507057540208474,6.831563542163119,2.730277412626303,20.260881057678773,2.048871017881066
Bolivia (Plurinational State of),BOL,2021-03-11,132286.0,122348.0,9938.0,13,11887357.0,1.0292279436042848,Unknown,0.08360142628845083,1.0935988546486828,6.831563542163119,2.730277412626303,20.260881057678773,2.048871017881066
Bolivia (Plurinational State of),BOL,2021-03-12,137150.0,127199.0,9951.0,26,11887357.0,1.0700360054804443,Unknown,0.0837107861739157,2.1871977092973656,6.831563542163119,2.730277412626303,20.260881057678773,2.048871017881066
Bolivia (Plurinational State of),BOL,2021-03-13,137787.0,127836.0,9951.0,19,11887357.0,1.075394639868223,Unknown,0.0837107861739157,1.598336787563459,6.831563542163119,2.730277412626303,20.260881057678773,2.048871017881066
Bolivia (Plurinational State of),BOL,2021-03-14,138218.0,128267.0,9951.0,0,11887357.0,1.0790203406863277,Unknown,0.0837107861739157,0.0,6.831563542163119,2.730277412626303,20.260881057678773,2.048871017881066
Bolivia (Plurinational State of),BOL,2021-03-15,141810.0,131814.0,9996.0,41,11887357.0,1.1088587648204726,Unknown,0.08408933962360178,3.4490425415843067,6.831563542163119,2.730277412626303,20.260881057678773,2.048871017881066
Bolivia (Plurinational State of),BOL,2021-03-16,146039.0,136032.0,10007.0,14,11887357.0,1.1443418415043816,Unknown,0.08418187491130283,1.177721843467812,6.831563542163119,2.730277412626303,20.260881057678773,2.048871017881066
Bolivia (Plurinational State of),BOL,2021-03-17,150593.0,140532.0,10061.0,16,11887357.0,1.1821971864729897,Unknown,0.08463613905092612,1.3459678211060708,6.831563542163119,2.730277412626303,20.260881057678773,2.048871017881066
Bolivia (Plurinational State of),BOL,2021-03-18,155945.0,144816.0,11129.0,23,11887357.0,1.2182354748831048,Unknown,0.09362047425680915,1.934828742839977,6.831563542163119,2.730277412626303,20.260881057678773,2.048871017881066
Bolivia (Plurinational State of),BOL,2021-03-19,164984.0,148045.0,16939.0,18,11887357.0,1.2453987879728017,Unknown,0.14249593076072334,1.5142137987443296,6.831563542163119,2.730277412626303,20.260881057678773,2.048871017881066
Bolivia (Plurinational State of),BOL,2021-03-20,167160.0,148588.0,18572.0,13,11887357.0,1.2499666662656803,Unknown,0.1562332148348872,1.0935988546486828,6.831563542163119,2.730277412626303,20.260881057678773,2.048871017881066
Bolivia (Plurinational State of),BOL,2021-03-21,168477.0,148975.0,19502.0,13,11887357.0,1.2532222259329806,Unknown,0.1640566527950662,1.0935988546486828,6.831563542163119,2.730277412626303,20.260881057678773,2.048871017881066
Bolivia (Plurinational State of),BOL,2021-03-22,180187.0,151952.0,28235.0,10,11887357.0,1.2782656397044356,Unknown,0.23752125893081194,0.8412298881912943,6.831563542163119,2.730277412626303,20.260881057678773,2.048871017881066
Bolivia (Plurinational State of),BOL,2021-03-23,198104.0,155962.0,42142.0,9,11887357.0,1.3119989582209064,Unknown,0.3545110994815753,0.7571068993721648,6.831563542163119,2.730277412626303,20.260881057678773,2.048871017881066
Bolivia (Plurinational State of),BOL,2021-03-24,218201.0,160904.0,57297.0,14,11887357.0,1.3535725392953204,Unknown,0.48199948903696593,1.177721843467812,6.831563542163119,2.730277412626303,20.260881057678773,2.048871017881066
Bolivia (Plurinational State of),BOL,2021-03-25,238178.0,166737.0,71441.0,19,11887357.0,1.4026414786735184,Unknown,0.6009830444227425,1.598336787563459,6.831563542163119,2.730277412626303,20.260881057678773,2.048871017881066
Bolivia (Plurinational State of),BOL,2021-03-26,259171.0,173264.0,85907.0,14,11887357.0,1.4575485534757642,Unknown,0.7226753600484952,1.177721843467812,6.831563542163119,2.730277412626303,20.260881057678773,2.048871017881066
Bolivia (Plurinational State of),BOL,2021-03-27,263144.0,174799.0,88315.0,24,11887357.0,1.4704614322595009,Unknown,0.7429321757561416,2.0189517316591066,6.831563542163119,2.730277412626303,20.260881057678773,2.048871017881066
Bolivia (Plurinational State of),BOL,2021-03-28,263887.0,175169.0,88718.0,12,11887357.0,1.4735739828458083,Unknown,0.7463223322055526,1.0094758658295533,6.831563542163119,2.730277412626303,20.260881057678773,2.048871017881066
Bolivia (Plurinational State of),BOL,2021-03-29,275810.0,180484.0,95326.0,22,11887357.0,1.5182853514031756,Unknown,0.8019108032172333,1.8507057540208474,6.831563542163119,2.730277412626303,20.260881057678773,2.048871017881066
Bolivia (Plurinational State of),BOL,2021-03-30,289351.0,186985.0,102366.0,21,11887357.0,1.5729737064344915,Unknown,0.8611333873459004,1.766582765201718,6.831563542163119,2.730277412626303,20.260881057678773,2.048871017881066
Bolivia (Plurinational State of),BOL,2021-03-31,304185.0,194880.0,109305.0,25,11887357.0,1.6393888061071944,Unknown,0.9195063292874943,2.1030747204782356,6.831563542163119,2.730277412626303,20.260881057678773,2.048871017881066
Bolivia (Plurinational State of),BOL,2021-04-01,318115.0,203103.0,115012.0,28,11887357.0,1.7085631398131649,Unknown,0.9675153190065714,2.355443686935624,6.831563542163119,2.730277412626303,20.260881057678773,2.048871017881066
Bolivia (Plurinational State of),BOL,2021-04-02,320065.0,204097.0,115968.0,18,11887357.0,1.716924964901786,Unknown,0.9755574767376802,1.5142137987443296,6.831563542163119,2.730277412626303,20.260881057678773,2.048871017881066
Bolivia (Plurinational State of),BOL,2021-04-03,321807.0,205115.0,116692.0,23,11887357.0,1.7254886851635736,Unknown,0.9816479811281852,1.934828742839977,6.831563542163119,2.730277412626303,20.260881057678773,2.048871017881066
Bolivia (Plurinational State of),BOL,2021-04-04,323081.0,206003.0,117078.0,25,11887357.0,1.732958806570712,Unknown,0.9848951284966035,2.1030747204782356,6.831563542163119,2.730277412626303,20.260881057678773,2.048871017881066
Bosnia and Herzegovina,BIH,2021-04-14,35612.0,25612.0,10000.0,79,3256617.0,0.7864603052799883,Europe,0.3070671190379464,24.258302403997767,5.932141390897364,5.200949328705217,24.78207907735958,3.0760247467090363
Bosnia and Herzegovina,BIH,2021-04-24,80988.0,68988.0,12000.0,39,3256617.0,2.118394640818985,Europe,0.3684805428455357,11.97561764247991,5.932141390897364,5.200949328705217,24.78207907735958,3.0760247467090363
Bosnia and Herzegovina,BIH,2021-05-01,109609.0,85057.0,24552.0,39,3256617.0,2.611820794401061,Europe,0.7539111906619661,11.97561764247991,5.932141390897364,5.200949328705217,24.78207907735958,3.0760247467090363
Botswana,BWA,2021-06-14,174333.0,151315.0,23018.0,0,2412433.0,6.272298546736842,Africa,0.9541404880467147,0.0,6.102873768545727,6.417372619874409,6.7162313205294755,1.7302538308583773
Brazil,BRA,2021-02-06,3401383.0,3399421.0,1962.0,1232,214478458.0,1.584970831895854,South America,0.0009147771847557762,5.744166623950644,15.096844861705287,6.779257602556672,20.998690731896094,6.493491552577863
Brazil,BRA,2021-02-07,3553681.0,3534004.0,19677.0,1239,214478458.0,1.647719791047733,South America,0.009174347943139352,5.776803934314,15.096844861705287,6.779257602556672,20.998690731896094,6.493491552577863
Brazil,BRA,2021-02-08,3605538.0,3579850.0,25688.0,978,214478458.0,1.6690953643465674,South America,0.011976960408769817,4.559898505051729,15.096844861705287,6.779257602556672,20.998690731896094,6.493491552577863
Brazil,BRA,2021-02-09,3820207.0,3786591.0,33616.0,522,214478458.0,1.7654877955155757,South America,0.01567336893106533,2.4338108585245424,15.096844861705287,6.779257602556672,20.998690731896094,6.493491552577863
Brazil,BRA,2021-02-10,4120332.0,4069677.0,50655.0,636,214478458.0,1.8974758761087327,South America,0.02361775652079707,2.965332770156339,15.096844861705287,6.779257602556672,20.998690731896094,6.493491552577863
Brazil,BRA,2021-02-11,4406835.0,4326075.0,80760.0,1350,214478458.0,2.0170207490022145,South America,0.037654131213494646,6.294338427218644,15.096844861705287,6.779257602556672,20.998690731896094,6.493491552577863
Brazil,BRA,2021-02-12,4696136.0,4586270.0,109866.0,1330,214478458.0,2.138335962859263,South America,0.05122472486257804,6.2010889690376265,15.096844861705287,6.779257602556672,20.998690731896094,6.493491552577863
Brazil,BRA,2021-02-13,5125206.0,4946738.0,178468.0,1351,214478458.0,2.306403191317237,South America,0.08321022151324867,6.2990009001276945,15.096844861705287,6.779257602556672,20.998690731896094,6.493491552577863
Brazil,BRA,2021-02-14,5236943.0,5042713.0,194230.0,1288,214478458.0,2.3511512750618526,South America,0.09055921131249461,6.005265106857491,15.096844861705287,6.779257602556672,20.998690731896094,6.493491552577863
Brazil,BRA,2021-02-15,5293979.0,5076110.0,217869.0,1043,214478458.0,2.36672253583621,South America,0.10158083102219992,4.8629592441400336,15.096844861705287,6.779257602556672,20.998690731896094,6.493491552577863
Brazil,BRA,2021-02-16,5609937.0,5324317.0,285620.0,713,214478458.0,2.482448377169888,South America,0.1331695512283103,3.3243431841532542,15.096844861705287,6.779257602556672,20.998690731896094,6.493491552577863
Brazil,BRA,2021-02-17,5883539.0,5326007.0,557532.0,528,214478458.0,2.4832363350915174,South America,0.2599477845928937,2.4617856959788473,15.096844861705287,6.779257602556672,20.998690731896094,6.493491552577863
Brazil,BRA,2021-02-18,6206680.0,5482925.0,723755.0,1167,214478458.0,2.5563989274857617,South America,0.33744880802900956,5.441105884862339,15.096844861705287,6.779257602556672,20.998690731896094,6.493491552577863
Brazil,BRA,2021-02-19,6535156.0,5640483.0,894673.0,1150,214478458.0,2.629859918146185,South America,0.4171388624959249,5.361843845408474,15.096844861705287,6.779257602556672,20.998690731896094,6.493491552577863
Brazil,BRA,2021-02-20,6813168.0,5756361.0,1056807.0,1367,214478458.0,2.6838877217216845,South America,0.49273340075952987,6.373600466672508,15.096844861705287,6.779257602556672,20.998690731896094,6.493491552577863
Brazil,BRA,2021-02-21,6950802.0,5817908.0,1132894.0,1308,214478458.0,2.7125838437350196,South America,0.528208758382625,6.098514565038508,15.096844861705287,6.779257602556672,20.998690731896094,6.493491552577863
Brazil,BRA,2021-02-22,7028356.0,5857080.0,1171276.0,1212,214478458.0,2.7308476826143537,South America,0.546104261902144,5.650917165769627,15.096844861705287,6.779257602556672,20.998690731896094,6.493491552577863
Brazil,BRA,2021-02-23,7297061.0,6002873.0,1294188.0,527,214478458.0,2.7988232738972787,South America,0.6034116489218698,2.4571232230697966,15.096844861705287,6.779257602556672,20.998690731896094,6.493491552577863
Brazil,BRA,2021-02-24,7551676.0,6116082.0,1435594.0,639,214478458.0,2.851606663453353,South America,0.6693418133395942,2.9793201888834915,15.096844861705287,6.779257602556672,20.998690731896094,6.493491552577863
Brazil,BRA,2021-02-25,7799000.0,6202055.0,1596945.0,1386,214478458.0,2.8916913417943353,South America,0.7445712799744206,6.462187451944475,15.096844861705287,6.779257602556672,20.998690731896094,6.493491552577863
Brazil,BRA,2021-02-26,8101787.0,6346769.0,1755018.0,1428,214478458.0,2.9591638522503736,South America,0.81827238798966,6.65801131412461,15.096844861705287,6.779257602556672,20.998690731896094,6.493491552577863
Brazil,BRA,2021-02-27,8322042.0,6437836.0,1884206.0,1541,214478458.0,3.0016235942912273,South America,0.8785059430071062,7.184870752847356,15.096844861705287,6.779257602556672,20.998690731896094,6.493491552577863
Brazil,BRA,2021-02-28,8433568.0,6518628.0,1914940.0,1337,214478458.0,3.0392926454180307,South America,0.892835587245783,6.233726279400983,15.096844861705287,6.779257602556672,20.998690731896094,6.493491552577863
Brazil,BRA,2021-03-01,8465403.0,6542206.0,1923197.0,1386,214478458.0,3.050285824042991,South America,0.8966853911267861,6.462187451944475,15.096844861705287,6.779257602556672,20.998690731896094,6.493491552577863
Brazil,BRA,2021-03-02,8841027.0,6806293.0,2034734.0,721,214478458.0,3.1734156723562417,South America,0.9486892152124667,3.361642967425661,15.096844861705287,6.779257602556672,20.998690731896094,6.493491552577863
Brunei Darussalam,BRN,2021-04-26,12947.0,12842.0,105.0,0,442902.0,2.8995127590302143,Asia,0.02370727610171099,0.0,14.163892523697369,0.6450959483458771,23.2444639828785,1.6257203533003144
Brunei Darussalam,BRN,2021-04-27,13485.0,13363.0,122.0,0,442902.0,3.0171460052110852,Asia,0.027545596994368957,0.0,14.163892523697369,0.6450959483458771,23.2444639828785,1.6257203533003144
Brunei Darussalam,BRN,2021-04-28,14126.0,13898.0,228.0,0,442902.0,3.1379402215388508,Asia,0.051478656678001,0.0,14.163892523697369,0.6450959483458771,23.2444639828785,1.6257203533003144
Brunei Darussalam,BRN,2021-04-29,14876.0,14526.0,350.0,0,442902.0,3.279732310985274,Asia,0.07902425367236995,0.0,14.163892523697369,0.6450959483458771,23.2444639828785,1.6257203533003144
Brunei Darussalam,BRN,2021-05-03,15905.0,15043.0,862.0,0,442902.0,3.396462422838461,Asia,0.19462544761595116,0.0,14.163892523697369,0.6450959483458771,23.2444639828785,1.6257203533003144
Brunei Darussalam,BRN,2021-05-04,16632.0,15441.0,1191.0,0,442902.0,3.486324288443041,Asia,0.2689082460679789,0.0,14.163892523697369,0.6450959483458771,23.2444639828785,1.6257203533003144
Brunei Darussalam,BRN,2021-05-05,17776.0,15989.0,1787.0,0,442902.0,3.610053691335781,Asia,0.4034752608929289,0.0,14.163892523697369,0.6450959483458771,23.2444639828785,1.6257203533003144
Brunei Darussalam,BRN,2021-05-06,19163.0,16764.0,2399.0,0,442902.0,3.7850359673246,Asia,0.5416548130286158,0.0,14.163892523697369,0.6450959483458771,23.2444639828785,1.6257203533003144
Brunei Darussalam,BRN,2021-05-08,20990.0,17811.0,3179.0,0,442902.0,4.021431377595946,Asia,0.7177660069270403,0.0,14.163892523697369,0.6450959483458771,23.2444639828785,1.6257203533003144
Brunei Darussalam,BRN,2021-05-09,21030.0,17811.0,3219.0,0,442902.0,4.021431377595946,Asia,0.7267973502038826,0.0,14.163892523697369,0.6450959483458771,23.2444639828785,1.6257203533003144
Brunei Darussalam,BRN,2021-05-10,23188.0,19108.0,4080.0,0,442902.0,4.314272683347558,Asia,0.9211970142379128,0.0,14.163892523697369,0.6450959483458771,23.2444639828785,1.6257203533003144
Bulgaria,BGR,2021-01-18,19638.0,18524.0,1114.0,9,6879105.0,0.2692792158282218,Europe,0.016193967093102953,1.3083097292453014,5.37857208477151,7.230209996412867,24.78207907735958,3.0760247467090363
Bulgaria,BGR,2021-01-19,22226.0,19058.0,3168.0,82,6879105.0,0.2770418535550772,Europe,0.04605250246943462,11.920155310901636,5.37857208477151,7.230209996412867,24.78207907735958,3.0760247467090363
Bulgaria,BGR,2021-01-20,24127.0,19834.0,4293.0,49,6879105.0,0.2883223907761256,Europe,0.06240637408500088,7.123019637002197,5.37857208477151,7.230209996412867,24.78207907735958,3.0760247467090363
Bulgaria,BGR,2021-01-21,25251.0,20719.0,4532.0,37,6879105.0,0.3011874364470378,Europe,0.06588066325488562,5.378606664675129,5.37857208477151,7.230209996412867,24.78207907735958,3.0760247467090363
Bulgaria,BGR,2021-01-22,26101.0,21496.0,4605.0,90,6879105.0,0.3124825104428556,Europe,0.06694184781305126,13.083097292453017,5.37857208477151,7.230209996412867,24.78207907735958,3.0760247467090363
Bulgaria,BGR,2021-01-23,26119.0,21509.0,4610.0,58,6879105.0,0.3126714885148577,Europe,0.06701453168689822,8.431329366247498,5.37857208477151,7.230209996412867,24.78207907735958,3.0760247467090363
Bulgaria,BGR,2021-01-24,26143.0,21533.0,4610.0,12,6879105.0,0.3130203711093231,Europe,0.06701453168689822,1.7444129723270687,5.37857208477151,7.230209996412867,24.78207907735958,3.0760247467090363
Bulgaria,BGR,2021-01-25,26798.0,22129.0,4669.0,9,6879105.0,0.3216842888718809,Europe,0.06787220139829236,1.3083097292453014,5.37857208477151,7.230209996412867,24.78207907735958,3.0760247467090363
Bulgaria,BGR,2021-01-26,29122.0,23667.0,5455.0,60,6879105.0,0.3440418484672061,Europe,0.07929810636703466,8.722064861635344,5.37857208477151,7.230209996412867,24.78207907735958,3.0760247467090363
Bulgaria,BGR,2021-01-27,32917.0,25245.0,7672.0,36,6879105.0,0.3669808790533071,Europe,0.11152613603077725,5.233238916981206,5.37857208477151,7.230209996412867,24.78207907735958,3.0760247467090363
Bulgaria,BGR,2021-01-28,37636.0,26753.0,10883.0,28,6879105.0,0.3889023354055506,Europe,0.15820371981529574,4.070296935429827,5.37857208477151,7.230209996412867,24.78207907735958,3.0760247467090363
Bulgaria,BGR,2021-01-29,40805.0,27856.0,12949.0,29,6879105.0,0.4049363979761902,Europe,0.1882366964888601,4.215664683123749,5.37857208477151,7.230209996412867,24.78207907735958,3.0760247467090363
Bulgaria,BGR,2021-01-30,41020.0,27957.0,13063.0,35,6879105.0,0.4064046122278988,Europe,0.18989388881257083,5.087871169287284,5.37857208477151,7.230209996412867,24.78207907735958,3.0760247467090363
Bulgaria,BGR,2021-01-31,41125.0,28041.0,13084.0,20,6879105.0,0.4076257013085277,Europe,0.19019916108272805,2.907354953878448,5.37857208477151,7.230209996412867,24.78207907735958,3.0760247467090363
Bulgaria,BGR,2021-02-01,42634.0,28978.0,13656.0,17,6879105.0,0.4212466592674483,Europe,0.19851419625082045,2.4712517107966807,5.37857208477151,7.230209996412867,24.78207907735958,3.0760247467090363
Bulgaria,BGR,2021-02-02,45917.0,30817.0,15100.0,97,6879105.0,0.4479797880683606,Europe,0.21950529901782284,14.100671526310473,5.37857208477151,7.230209996412867,24.78207907735958,3.0760247467090363
Bulgaria,BGR,2021-02-03,50124.0,33691.0,16433.0,36,6879105.0,0.489758478755594,Europe,0.2388828197854227,5.233238916981206,5.37857208477151,7.230209996412867,24.78207907735958,3.0760247467090363
Bulgaria,BGR,2021-02-04,54025.0,36929.0,17096.0,40,6879105.0,0.536828555458886,Europe,0.24852070145752972,5.814709907756896,5.37857208477151,7.230209996412867,24.78207907735958,3.0760247467090363
Bulgaria,BGR,2021-02-05,56860.0,39468.0,17392.0,54,6879105.0,0.5737374265983729,Europe,0.25282358678926986,7.8498583754718085,5.37857208477151,7.230209996412867,24.78207907735958,3.0760247467090363
Bulgaria,BGR,2021-02-06,57016.0,39624.0,17392.0,30,6879105.0,0.576005163462398,Europe,0.25282358678926986,4.361032430817672,5.37857208477151,7.230209996412867,24.78207907735958,3.0760247467090363
Bulgaria,BGR,2021-02-07,57038.0,39646.0,17392.0,9,6879105.0,0.5763249725073247,Europe,0.25282358678926986,1.3083097292453014,5.37857208477151,7.230209996412867,24.78207907735958,3.0760247467090363
Bulgaria,BGR,2021-02-08,58888.0,41407.0,17481.0,20,6879105.0,0.6019242328762244,Europe,0.2541173597437457,2.907354953878448,5.37857208477151,7.230209996412867,24.78207907735958,3.0760247467090363
Bulgaria,BGR,2021-02-09,62428.0,44482.0,17946.0,89,6879105.0,0.6466248152921056,Europe,0.2608769600115131,12.937729544759094,5.37857208477151,7.230209996412867,24.78207907735958,3.0760247467090363
Bulgaria,BGR,2021-02-10,66163.0,47551.0,18612.0,62,6879105.0,0.6912381770593704,Europe,0.27055845200792833,9.012800357023188,5.37857208477151,7.230209996412867,24.78207907735958,3.0760247467090363
Bulgaria,BGR,2021-02-11,71123.0,51435.0,19688.0,45,6879105.0,0.7476990102636898,Europe,0.2862000216597944,6.5415486462265084,5.37857208477151,7.230209996412867,24.78207907735958,3.0760247467090363
Bulgaria,BGR,2021-02-12,74694.0,54123.0,20571.0,34,6879105.0,0.7867738608438162,Europe,0.29903599378116774,4.942503421593361,5.37857208477151,7.230209996412867,24.78207907735958,3.0760247467090363
Bulgaria,BGR,2021-02-13,75320.0,54646.0,20674.0,33,6879105.0,0.7943765940482083,Europe,0.30053328158241516,4.797135673899439,5.37857208477151,7.230209996412867,24.78207907735958,3.0760247467090363
Bulgaria,BGR,2021-02-14,75388.0,54690.0,20698.0,14,6879105.0,0.7950162121380616,Europe,0.3008821641768806,2.0351484677149134,5.37857208477151,7.230209996412867,24.78207907735958,3.0760247467090363
Bulgaria,BGR,2021-02-15,77436.0,56113.0,21323.0,16,6879105.0,0.8157020426349066,Europe,0.3099676484077507,2.325883963102758,5.37857208477151,7.230209996412867,24.78207907735958,3.0760247467090363
Bulgaria,BGR,2021-02-16,81338.0,58562.0,22776.0,47,6879105.0,0.8513026040451482,Europe,0.33108958214767764,6.832284141614353,5.37857208477151,7.230209996412867,24.78207907735958,3.0760247467090363
Bulgaria,BGR,2021-02-17,85920.0,61813.0,24107.0,32,6879105.0,0.8985616588204425,Europe,0.3504380293657387,4.651767926205516,5.37857208477151,7.230209996412867,24.78207907735958,3.0760247467090363
Bulgaria,BGR,2021-02-18,90514.0,65073.0,25441.0,41,6879105.0,0.9459515445686612,Europe,0.3698300869081079,5.960077655450818,5.37857208477151,7.230209996412867,24.78207907735958,3.0760247467090363
Bulgaria,BGR,2021-02-19,104268.0,77518.0,26750.0,42,6879105.0,1.1268617065737476,Europe,0.3888587250812424,6.10544540314474,5.37857208477151,7.230209996412867,24.78207907735958,3.0760247467090363
Bulgaria,BGR,2021-02-20,108356.0,81433.0,26923.0,35,6879105.0,1.183773179795918,Europe,0.3913735871163473,5.087871169287284,5.37857208477151,7.230209996412867,24.78207907735958,3.0760247467090363
Bulgaria,BGR,2021-02-21,119354.0,92381.0,26973.0,18,6879105.0,1.3429217899712245,Europe,0.39210042585481686,2.616619458490603,5.37857208477151,7.230209996412867,24.78207907735958,3.0760247467090363
Bulgaria,BGR,2021-02-22,131063.0,103111.0,27952.0,15,6879105.0,1.498901383246803,Europe,0.40633192835405185,2.180516215408836,5.37857208477151,7.230209996412867,24.78207907735958,3.0760247467090363
Bulgaria,BGR,2021-02-23,148226.0,118549.0,29677.0,79,6879105.0,1.7233201121366806,Europe,0.4314078648312535,11.484052067819869,5.37857208477151,7.230209996412867,24.78207907735958,3.0760247467090363
Bulgaria,BGR,2021-02-24,168462.0,136454.0,32008.0,45,6879105.0,1.9836010643826487,Europe,0.4652930868187068,6.5415486462265084,5.37857208477151,7.230209996412867,24.78207907735958,3.0760247467090363
Bulgaria,BGR,2021-02-25,188512.0,153793.0,34719.0,48,6879105.0,2.235654202109141,Europe,0.5047022832185291,6.977651889308275,5.37857208477151,7.230209996412867,24.78207907735958,3.0760247467090363
Bulgaria,BGR,2021-02-26,204439.0,167258.0,37181.0,53,6879105.0,2.431391874379007,Europe,0.5404918227007729,7.704490627777887,5.37857208477151,7.230209996412867,24.78207907735958,3.0760247467090363
Bulgaria,BGR,2021-02-27,209760.0,172393.0,37367.0,49,6879105.0,2.5060382128198366,Europe,0.5431956628078798,7.123019637002197,5.37857208477151,7.230209996412867,24.78207907735958,3.0760247467090363
Bulgaria,BGR,2021-02-28,212445.0,175066.0,37379.0,39,6879105.0,2.5448950117784217,Europe,0.5433701041051126,5.669342160062973,5.37857208477151,7.230209996412867,24.78207907735958,3.0760247467090363
Bulgaria,BGR,2021-03-01,223539.0,184764.0,38775.0,24,6879105.0,2.685872653491988,Europe,0.563663441683184,3.4888259446541374,5.37857208477151,7.230209996412867,24.78207907735958,3.0760247467090363
Bulgaria,BGR,2021-03-02,243772.0,202247.0,41525.0,117,6879105.0,2.940019086785272,Europe,0.6036395722990127,17.008026480188917,5.37857208477151,7.230209996412867,24.78207907735958,3.0760247467090363
Bulgaria,BGR,2021-03-03,248169.0,206296.0,41873.0,83,6879105.0,2.9988784878265413,Europe,0.6086983699187613,12.06552305859556,5.37857208477151,7.230209996412867,24.78207907735958,3.0760247467090363
Bulgaria,BGR,2021-03-04,268544.0,221832.0,46712.0,22,6879105.0,3.2247218206438193,Europe,0.6790418230278503,3.1980904492662927,5.37857208477151,7.230209996412867,24.78207907735958,3.0760247467090363
Bulgaria,BGR,2021-03-05,284464.0,234526.0,49938.0,93,6879105.0,3.4092516395664845,Europe,0.7259374584339096,13.519200535534782,5.37857208477151,7.230209996412867,24.78207907735958,3.0760247467090363
Bulgaria,BGR,2021-03-06,287118.0,237067.0,50051.0,65,6879105.0,3.44618958425551,Europe,0.727580113982851,9.448903600104956,5.37857208477151,7.230209996412867,24.78207907735958,3.0760247467090363
Bulgaria,BGR,2021-03-07,288631.0,238575.0,50056.0,22,6879105.0,3.4681110406077535,Europe,0.727652797856698,3.1980904492662927,5.37857208477151,7.230209996412867,24.78207907735958,3.0760247467090363
Bulgaria,BGR,2021-03-08,294132.0,243479.0,50653.0,21,6879105.0,3.539399384076853,Europe,0.7363312523940251,3.05272270157237,5.37857208477151,7.230209996412867,24.78207907735958,3.0760247467090363
Bulgaria,BGR,2021-03-09,302151.0,250507.0,51644.0,150,6879105.0,3.6415638371561414,Europe,0.7507371961904927,21.80516215408836,5.37857208477151,7.230209996412867,24.78207907735958,3.0760247467090363
Bulgaria,BGR,2021-03-10,309145.0,256410.0,52735.0,138,6879105.0,3.727374418619864,Europe,0.7665968174638997,20.06074918176129,5.37857208477151,7.230209996412867,24.78207907735958,3.0760247467090363
Bulgaria,BGR,2021-03-11,324446.0,270587.0,53859.0,97,6879105.0,3.933462274525538,Europe,0.7829361523046967,14.100671526310473,5.37857208477151,7.230209996412867,24.78207907735958,3.0760247467090363
Bulgaria,BGR,2021-03-12,336660.0,279324.0,57336.0,95,6879105.0,4.060470075685718,Europe,0.8334805181778735,13.809936030922627,5.37857208477151,7.230209996412867,24.78207907735958,3.0760247467090363
Bulgaria,BGR,2021-03-13,337904.0,280137.0,57767.0,102,6879105.0,4.072288473573233,Europe,0.8397458681034815,14.827510264780084,5.37857208477151,7.230209996412867,24.78207907735958,3.0760247467090363
Bulgaria,BGR,2021-03-14,338879.0,280462.0,58417.0,38,6879105.0,4.077012925373286,Europe,0.8491947717035865,5.523974412369052,5.37857208477151,7.230209996412867,24.78207907735958,3.0760247467090363
Bulgaria,BGR,2021-03-15,341707.0,281713.0,59994.0,51,6879105.0,4.095198430609796,Europe,0.872119265514918,7.413755132390042,5.37857208477151,7.230209996412867,24.78207907735958,3.0760247467090363
Bulgaria,BGR,2021-03-16,345994.0,284266.0,61728.0,187,6879105.0,4.132310816596054,Europe,0.8973260329650441,27.18376881876349,5.37857208477151,7.230209996412867,24.78207907735958,3.0760247467090363
Bulgaria,BGR,2021-03-17,350702.0,286950.0,63752.0,107,6879105.0,4.171327520077103,Europe,0.926748465098294,15.554349003249694,5.37857208477151,7.230209996412867,24.78207907735958,3.0760247467090363
Bulgaria,BGR,2021-03-18,356052.0,289311.0,66741.0,136,6879105.0,4.205648845307638,Europe,0.9701988848840074,19.770013686373446,5.37857208477151,7.230209996412867,24.78207907735958,3.0760247467090363
Burkina Faso,BFA,2021-08-31,108799.0,108799.0,13273.0,0,21699821.0,0.5013820160083348,Africa,0.06116640316986946,0.0,0.7103210667037299,0.0,6.7162313205294755,1.7302538308583773
Burkina Faso,BFA,2021-09-12,166160.0,166160.0,102268.0,0,21699821.0,0.7657206020270858,Africa,0.4712849935490251,0.0,0.7103210667037299,0.0,6.7162313205294755,1.7302538308583773
Burkina Faso,BFA,2021-09-22,254545.0,234490.0,168141.0,0,21699821.0,1.0806079921120086,Africa,0.7748497095897704,0.0,0.7103210667037299,0.0,6.7162313205294755,1.7302538308583773
Burkina Faso,BFA,2021-10-09,297231.0,273428.0,208994.0,0,21699821.0,1.260047260297677,Africa,0.9631139353637985,0.0,0.7103210667037299,0.0,6.7162313205294755,1.7302538308583773
Cambodia,KHM,2021-02-24,54350.0,54286.0,64.0,0,17023643.0,0.318885916486853,Asia,0.00037594773339642986,0.0,26.157267283094903,0.6649283043992873,23.2444639828785,1.6257203533003144
Cambodia,KHM,2021-02-25,60270.0,59928.0,342.0,0,17023643.0,0.352028058859082,Asia,0.0020089707003371725,0.0,26.157267283094903,0.6649283043992873,23.2444639828785,1.6257203533003144
Cambodia,KHM,2021-02-26,63825.0,63217.0,608.0,0,17023643.0,0.3713482478456579,Asia,0.003571503467266084,0.0,26.157267283094903,0.6649283043992873,23.2444639828785,1.6257203533003144
Cambodia,KHM,2021-02-28,69777.0,68299.0,1478.0,0,17023643.0,0.4012008475506682,Asia,0.008682042968123803,0.0,26.157267283094903,0.6649283043992873,23.2444639828785,1.6257203533003144
Cambodia,KHM,2021-03-01,87069.0,84736.0,2333.0,0,17023643.0,0.4977547990168731,Asia,0.013704469718966734,0.0,26.157267283094903,0.6649283043992873,23.2444639828785,1.6257203533003144
Cambodia,KHM,2021-03-02,114283.0,108409.0,5874.0,0,17023643.0,0.6368143410902121,Asia,0.03450495290579108,0.0,26.157267283094903,0.6649283043992873,23.2444639828785,1.6257203533003144
Cambodia,KHM,2021-03-03,135543.0,125668.0,9875.0,0,17023643.0,0.7381968712572273,Asia,0.058007560426402274,0.0,26.157267283094903,0.6649283043992873,23.2444639828785,1.6257203533003144
Cambodia,KHM,2021-03-04,151231.0,140096.0,11135.0,0,17023643.0,0.822949588404785,Asia,0.06540903142764448,0.0,26.157267283094903,0.6649283043992873,23.2444639828785,1.6257203533003144
Cambodia,KHM,2021-03-05,167773.0,153718.0,14055.0,0,17023643.0,0.9029677137848814,Asia,0.08256164676385659,0.0,26.157267283094903,0.6649283043992873,23.2444639828785,1.6257203533003144
Cambodia,KHM,2021-03-06,178910.0,162927.0,15983.0,0,17023643.0,0.957063068110627,Asia,0.09388707223242404,0.0,26.157267283094903,0.6649283043992873,23.2444639828785,1.6257203533003144
Cambodia,KHM,2021-03-07,185052.0,167487.0,17565.0,0,17023643.0,0.9838493441151228,Asia,0.10318003026731704,0.0,26.157267283094903,0.6649283043992873,23.2444639828785,1.6257203533003144
Cambodia,KHM,2021-03-08,198636.0,175675.0,22961.0,0,17023643.0,1.0319471572565286,Asia,0.13487712353930356,0.0,26.157267283094903,0.6649283043992873,23.2444639828785,1.6257203533003144
Cambodia,KHM,2021-03-09,221672.0,188026.0,33646.0,0,17023643.0,1.1044991956187051,Asia,0.19764277246650439,0.0,26.157267283094903,0.6649283043992873,23.2444639828785,1.6257203533003144
Cambodia,KHM,2021-03-10,254090.0,214209.0,39881.0,0,17023643.0,1.2583029378611852,Asia,0.2342683055559847,0.0,26.157267283094903,0.6649283043992873,23.2444639828785,1.6257203533003144
Cambodia,KHM,2021-03-11,284894.0,237379.0,47515.0,0,17023643.0,1.3944077657173617,Asia,0.2791118211301776,0.0,26.157267283094903,0.6649283043992873,23.2444639828785,1.6257203533003144
Cambodia,KHM,2021-03-12,308173.0,255641.0,52532.0,1,17023643.0,1.501682101768699,Asia,0.3085825989184571,0.05874183334319217,26.157267283094903,0.6649283043992873,23.2444639828785,1.6257203533003144
Cambodia,KHM,2021-03-13,327250.0,270466.0,56784.0,0,17023643.0,1.5887668696999813,Asia,0.3335596264559824,0.0,26.157267283094903,0.6649283043992873,23.2444639828785,1.6257203533003144
Cambodia,KHM,2021-03-14,336900.0,279307.0,57593.0,0,17023643.0,1.6407005245586976,Asia,0.33831184077344667,0.0,26.157267283094903,0.6649283043992873,23.2444639828785,1.6257203533003144
Cambodia,KHM,2021-03-15,346135.0,286020.0,60115.0,0,17023643.0,1.6801339172819827,Asia,0.35312653114259973,0.0,26.157267283094903,0.6649283043992873,23.2444639828785,1.6257203533003144
Cambodia,KHM,2021-03-16,372685.0,297585.0,75100.0,0,17023643.0,1.7480688475433843,Asia,0.44115116840737323,0.0,26.157267283094903,0.6649283043992873,23.2444639828785,1.6257203533003144
Cambodia,KHM,2021-03-17,402917.0,308459.0,94458.0,0,17023643.0,1.8119447171207712,Asia,0.5548636093931246,0.0,26.157267283094903,0.6649283043992873,23.2444639828785,1.6257203533003144
Cambodia,KHM,2021-03-19,441640.0,317247.0,124393.0,0,17023643.0,1.8635670402627689,Asia,0.7307072875059704,0.0,26.157267283094903,0.6649283043992873,23.2444639828785,1.6257203533003144
Cambodia,KHM,2021-03-20,456503.0,322021.0,134482.0,2,17023643.0,1.891610391500809,Asia,0.7899719231659169,0.11748366668638434,26.157267283094903,0.6649283043992873,23.2444639828785,1.6257203533003144
Cambodia,KHM,2021-03-21,463872.0,323689.0,140183.0,0,17023643.0,1.9014085293024532,Asia,0.8234606423548708,0.0,26.157267283094903,0.6649283043992873,23.2444639828785,1.6257203533003144
Cambodia,KHM,2021-03-22,475703.0,328401.0,147302.0,0,17023643.0,1.9290876811737652,Asia,0.8652789535118893,0.0,26.157267283094903,0.6649283043992873,23.2444639828785,1.6257203533003144
Cambodia,KHM,2021-03-23,488990.0,334311.0,154679.0,1,17023643.0,1.9638041046795915,Asia,0.9086128039691622,0.05874183334319217,26.157267283094903,0.6649283043992873,23.2444639828785,1.6257203533003144
Cambodia,KHM,2021-03-24,505830.0,341912.0,163918.0,1,17023643.0,2.0084537722037523,Asia,0.9628843837949375,0.05874183334319217,26.157267283094903,0.6649283043992873,23.2444639828785,1.6257203533003144
Cameroon,CMR,2021-05-12,44391.0,43488.0,903.0,78,27455506.0,0.1583944582918996,Africa,0.0032889577777222533,2.840960206670385,0.2118034389253396,0.31709058113666444,6.7162313205294755,1.7302538308583773
Cameroon,CMR,2021-05-18,47488.0,45706.0,1782.0,0,27455506.0,0.1664729835975341,Africa,0.006490501395239264,0.0,0.2118034389253396,0.31709058113666444,6.7162313205294755,1.7302538308583773
Cameroon,CMR,2021-05-21,50106.0,46658.0,3448.0,0,27455506.0,0.1699404119523421,Africa,0.012558501016153191,0.0,0.2118034389253396,0.31709058113666444,6.7162313205294755,1.7302538308583773
Cameroon,CMR,2021-05-24,57008.0,51925.0,5083.0,0,27455506.0,0.1891241778607176,Africa,0.018513590680135344,0.0,0.2118034389253396,0.31709058113666444,6.7162313205294755,1.7302538308583773
Cameroon,CMR,2021-05-26,64829.0,56583.0,8246.0,40,27455506.0,0.2060898094538851,Africa,0.030034048543851274,1.456902670087377,0.2118034389253396,0.31709058113666444,6.7162313205294755,1.7302538308583773
Cameroon,CMR,2021-05-31,75215.0,63404.0,11811.0,0,27455506.0,0.2309336422355501,Africa,0.043018693591005026,0.0,0.2118034389253396,0.31709058113666444,6.7162313205294755,1.7302538308583773
Cameroon,CMR,2021-06-08,80445.0,66216.0,14229.0,27,27455506.0,0.2411756680062644,Africa,0.05182567023168322,0.9834093023089795,0.2118034389253396,0.31709058113666444,6.7162313205294755,1.7302538308583773
Cameroon,CMR,2021-06-10,86451.0,70257.0,16194.0,0,27455506.0,0.2558940272308221,Africa,0.05898270459848746,0.0,0.2118034389253396,0.31709058113666444,6.7162313205294755,1.7302538308583773
Cameroon,CMR,2021-06-14,89180.0,72111.0,17069.0,0,27455506.0,0.2626467711066771,Africa,0.0621696791893036,0.0,0.2118034389253396,0.31709058113666444,6.7162313205294755,1.7302538308583773
Cameroon,CMR,2021-06-20,97245.0,78476.0,18769.0,0,27455506.0,0.2858297348444424,Africa,0.06836151553717494,0.0,0.2118034389253396,0.31709058113666444,6.7162313205294755,1.7302538308583773
Cameroon,CMR,2021-06-24,102400.0,82228.0,20172.0,0,27455506.0,0.2994954818898621,Africa,0.07347160165250642,0.0,0.2118034389253396,0.31709058113666444,6.7162313205294755,1.7302538308583773
Cameroon,CMR,2021-06-28,110324.0,88333.0,21991.0,0,27455506.0,0.3217314588920706,Africa,0.08009686654472876,0.0,0.2118034389253396,0.31709058113666444,6.7162313205294755,1.7302538308583773
Cameroon,CMR,2021-07-12,163921.0,134108.0,29813.0,0,27455506.0,0.4884557582001949,Africa,0.10858659825828743,0.0,0.2118034389253396,0.31709058113666444,6.7162313205294755,1.7302538308583773
Cameroon,CMR,2021-07-19,313881.0,265223.0,48658.0,0,27455506.0,0.9660102421714608,Africa,0.17722492530277897,0.0,0.2118034389253396,0.31709058113666444,6.7162313205294755,1.7302538308583773
Cameroon,CMR,2021-07-24,318485.0,269339.0,49146.0,2,27455506.0,0.9810017706466602,Africa,0.17900234656028557,0.07284513350436884,0.2118034389253396,0.31709058113666444,6.7162313205294755,1.7302538308583773
Cameroon,CMR,2021-07-26,331875.0,279987.0,51888.0,0,27455506.0,1.019784519724386,Africa,0.18898941436373456,0.0,0.2118034389253396,0.31709058113666444,6.7162313205294755,1.7302538308583773
Cameroon,CMR,2021-08-03,349845.0,293991.0,55854.0,0,27455506.0,1.0707906822041453,Africa,0.20343460433765087,0.0,0.2118034389253396,0.31709058113666444,6.7162313205294755,1.7302538308583773
Cameroon,CMR,2021-08-09,368280.0,306462.0,61818.0,0,27455506.0,1.1162132652007943,Africa,0.22515702314865366,0.0,0.2118034389253396,0.31709058113666444,6.7162313205294755,1.7302538308583773
Cameroon,CMR,2021-08-16,395212.0,327127.0,68085.0,0,27455506.0,1.1914804993941834,Africa,0.24798304573224764,0.0,0.2118034389253396,0.31709058113666444,6.7162313205294755,1.7302538308583773
Cameroon,CMR,2021-08-20,412524.0,340412.0,72112.0,0,27455506.0,1.2398678793244606,Africa,0.2626504133633523,0.0,0.2118034389253396,0.31709058113666444,6.7162313205294755,1.7302538308583773
Cameroon,CMR,2021-08-23,418130.0,343672.0,74476.0,0,27455506.0,1.2517416360856726,Africa,0.27126070814356873,0.0,0.2118034389253396,0.31709058113666444,6.7162313205294755,1.7302538308583773
Cameroon,CMR,2021-08-27,426590.0,348238.0,78352.0,0,27455506.0,1.26837218006472,Africa,0.2853780950167154,0.0,0.2118034389253396,0.31709058113666444,6.7162313205294755,1.7302538308583773
Cameroon,CMR,2021-08-30,428255.0,349385.0,78870.0,0,27455506.0,1.2725498484711957,Africa,0.2872647839744786,0.0,0.2118034389253396,0.31709058113666444,6.7162313205294755,1.7302538308583773
Cameroon,CMR,2021-09-06,435676.0,355561.0,80115.0,0,27455506.0,1.2950444256973446,Africa,0.2917993935351255,0.0,0.2118034389253396,0.31709058113666444,6.7162313205294755,1.7302538308583773
Cameroon,CMR,2021-09-12,444521.0,363773.0,80748.0,0,27455506.0,1.3249546375142385,Africa,0.2941049420105388,0.0,0.2118034389253396,0.31709058113666444,6.7162313205294755,1.7302538308583773
Cameroon,CMR,2021-09-17,452336.0,370319.0,82017.0,0,27455506.0,1.3487968497102183,Africa,0.298726965731391,0.0,0.2118034389253396,0.31709058113666444,6.7162313205294755,1.7302538308583773
Cameroon,CMR,2021-09-22,459397.0,376195.0,83202.0,0,27455506.0,1.370198749933802,Africa,0.30304303989152487,0.0,0.2118034389253396,0.31709058113666444,6.7162313205294755,1.7302538308583773
Cameroon,CMR,2021-09-27,461201.0,377791.0,83410.0,0,27455506.0,1.3760117915874508,Africa,0.3038006292799703,0.0,0.2118034389253396,0.31709058113666444,6.7162313205294755,1.7302538308583773
Cameroon,CMR,2021-09-29,469341.0,385057.0,84284.0,91,27455506.0,1.402476428589588,Africa,0.30698396161411123,3.3144535744487826,0.2118034389253396,0.31709058113666444,6.7162313205294755,1.7302538308583773
Cameroon,CMR,2021-10-06,476512.0,391795.0,84717.0,58,27455506.0,1.4270179540672097,Africa,0.3085610587544808,2.1125088716266966,0.2118034389253396,0.31709058113666444,6.7162313205294755,1.7302538308583773
Cameroon,CMR,2021-10-11,479521.0,395570.0,140494.0,0,27455506.0,1.4407674730161593,Africa,0.5117152093281399,0.0,0.2118034389253396,0.31709058113666444,6.7162313205294755,1.7302538308583773
Cameroon,CMR,2021-10-14,481985.0,397608.0,142770.0,0,27455506.0,1.4481903921202546,Africa,0.520004985520937,0.0,0.2118034389253396,0.31709058113666444,6.7162313205294755,1.7302538308583773
Cameroon,CMR,2021-10-18,490604.0,405846.0,150894.0,0,27455506.0,1.478195302610704,Africa,0.5495946787504117,0.0,0.2118034389253396,0.31709058113666444,6.7162313205294755,1.7302538308583773
Cameroon,CMR,2021-10-23,497689.0,411601.0,155738.0,0,27455506.0,1.4991564897765863,Africa,0.5672377700851698,0.0,0.2118034389253396,0.31709058113666444,6.7162313205294755,1.7302538308583773
Canada,CAN,2020-12-29,72285.0,72284.0,1.0,209,38179601.0,0.1893262320892248,North America,2.619199713480505e-06,5.474127401174256,26.837734016394414,1.201189272573013,25.330161870977133,2.7121448645862953
Canada,CAN,2020-12-30,85673.0,85672.0,1.0,114,38179601.0,0.2243920778533018,North America,2.619199713480505e-06,2.9858876733677757,26.837734016394414,1.201189272573013,25.330161870977133,2.7121448645862953
Canada,CAN,2020-12-31,98642.0,98641.0,1.0,156,38179601.0,0.2583604789374304,North America,2.619199713480505e-06,4.085951553029588,26.837734016394414,1.201189272573013,25.330161870977133,2.7121448645862953
Canada,CAN,2021-01-01,105251.0,105250.0,1.0,94,38179601.0,0.2756707698438231,North America,2.619199713480505e-06,2.462047730671675,26.837734016394414,1.201189272573013,25.330161870977133,2.7121448645862953
Canada,CAN,2021-01-02,109919.0,109918.0,1.0,133,38179601.0,0.2878971941063502,North America,2.619199713480505e-06,3.4835356189290714,26.837734016394414,1.201189272573013,25.330161870977133,2.7121448645862953
Canada,CAN,2021-01-03,115118.0,115117.0,1.0,136,38179601.0,0.3015144134167353,North America,2.619199713480505e-06,3.5621116103334867,26.837734016394414,1.201189272573013,25.330161870977133,2.7121448645862953
Canada,CAN,2021-01-04,138715.0,138714.0,1.0,83,38179601.0,0.3633196690557347,North America,2.619199713480505e-06,2.1739357621888193,26.837734016394414,1.201189272573013,25.330161870977133,2.7121448645862953
Canada,CAN,2021-01-05,156519.0,156516.0,3.0,41,38179601.0,0.4099466623551147,North America,7.857599140441515e-06,1.073871882527007,26.837734016394414,1.201189272573013,25.330161870977133,2.7121448645862953
Canada,CAN,2021-01-06,184594.0,184152.0,442.0,209,38179601.0,0.4823308656368619,North America,0.001157686273358383,5.474127401174256,26.837734016394414,1.201189272573013,25.330161870977133,2.7121448645862953
Canada,CAN,2021-01-07,221693.0,220572.0,1121.0,159,38179601.0,0.5777221192018219,North America,0.002936122878811646,4.164527544434003,26.837734016394414,1.201189272573013,25.330161870977133,2.7121448645862953
Canada,CAN,2021-01-08,263506.0,261416.0,2090.0,136,38179601.0,0.6847007122992197,North America,0.005474127401174255,3.5621116103334867,26.837734016394414,1.201189272573013,25.330161870977133,2.7121448645862953
Canada,CAN,2021-01-09,299689.0,296654.0,3035.0,210,38179601.0,0.7769960718028457,North America,0.007949271130413332,5.500319398309061,26.837734016394414,1.201189272573013,25.330161870977133,2.7121448645862953
Canada,CAN,2021-01-10,323084.0,320037.0,3047.0,128,38179601.0,0.8382408187031603,North America,0.007980701526975099,3.352575633255046,26.837734016394414,1.201189272573013,25.330161870977133,2.7121448645862953
Canada,CAN,2021-01-11,361351.0,358297.0,3054.0,126,38179601.0,0.9384513997409244,North America,0.007999035924969462,3.300191638985436,26.837734016394414,1.201189272573013,25.330161870977133,2.7121448645862953
Canada,CAN,2021-01-12,391300.0,386991.0,4309.0,117,38179601.0,1.013606716319534,North America,0.011286131565387497,3.0644636647721906,26.837734016394414,1.201189272573013,25.330161870977133,2.7121448645862953
Canada,CAN,2021-01-13,422378.0,409143.0,13235.0,136,38179601.0,1.071627228372554,North America,0.034665108207914484,3.5621116103334867,26.837734016394414,1.201189272573013,25.330161870977133,2.7121448645862953
Canada,CAN,2021-01-14,463737.0,447920.0,15817.0,147,38179601.0,1.1731919356621878,North America,0.04142788186812115,3.850223578816342,26.837734016394414,1.201189272573013,25.330161870977133,2.7121448645862953
Canada,CAN,2021-01-15,512751.0,493404.0,19347.0,150,38179601.0,1.292323615430135,North America,0.050673656856707334,3.9287995702207574,26.837734016394414,1.201189272573013,25.330161870977133,2.7121448645862953
Canada,CAN,2021-01-16,549131.0,528606.0,20525.0,155,38179601.0,1.3845246837440757,North America,0.05375907411918736,4.059759555894782,26.837734016394414,1.201189272573013,25.330161870977133,2.7121448645862953
Canada,CAN,2021-01-17,576499.0,554720.0,21779.0,191,38179601.0,1.4529224650619057,North America,0.057043550559891916,5.002671452747765,26.837734016394414,1.201189272573013,25.330161870977133,2.7121448645862953
Canada,CAN,2021-01-18,620797.0,598277.0,22520.0,136,38179601.0,1.567006946981976,North America,0.05898437754758097,3.5621116103334867,26.837734016394414,1.201189272573013,25.330161870977133,2.7121448645862953
Canada,CAN,2021-01-19,660191.0,635430.0,24761.0,149,38179601.0,1.6643180739369174,North America,0.06485400410549078,3.9026075730859526,26.837734016394414,1.201189272573013,25.330161870977133,2.7121448645862953
Canada,CAN,2021-01-20,703317.0,665861.0,37456.0,106,38179601.0,1.7440229404178424,North America,0.09810474446812578,2.7763516962893355,26.837734016394414,1.201189272573013,25.330161870977133,2.7121448645862953
Canada,CAN,2021-01-21,746078.0,702389.0,43689.0,146,38179601.0,1.8396970675518585,North America,0.11443021628224977,3.8240315816815373,26.837734016394414,1.201189272573013,25.330161870977133,2.7121448645862953
Canada,CAN,2021-01-22,783940.0,733927.0,50013.0,196,38179601.0,1.9223013881156064,North America,0.13099403527030049,5.13363143842179,26.837734016394414,1.201189272573013,25.330161870977133,2.7121448645862953
Canada,CAN,2021-01-23,811208.0,756819.0,54389.0,160,38179601.0,1.9822601079566025,North America,0.14245565321649117,4.190719541568808,26.837734016394414,1.201189272573013,25.330161870977133,2.7121448645862953
Canada,CAN,2021-01-24,826559.0,769521.0,57038.0,206,38179601.0,2.0155291827172315,North America,0.14939391325750104,5.3955514097698405,26.837734016394414,1.201189272573013,25.330161870977133,2.7121448645862953
Canada,CAN,2021-01-25,850271.0,784999.0,65272.0,146,38179601.0,2.056069155882483,North America,0.1709604036982995,3.8240315816815373,26.837734016394414,1.201189272573013,25.330161870977133,2.7121448645862953
Canada,CAN,2021-01-26,879341.0,805867.0,73474.0,120,38179601.0,2.110726615503394,North America,0.19244307974826663,3.143039656176606,26.837734016394414,1.201189272573013,25.330161870977133,2.7121448645862953
Canada,CAN,2021-01-27,902330.0,819315.0,83015.0,144,38179601.0,2.14594961325028,North America,0.21743286421458413,3.7716475874119273,26.837734016394414,1.201189272573013,25.330161870977133,2.7121448645862953
Canada,CAN,2021-01-28,927378.0,834461.0,92917.0,165,38179601.0,2.1856200121106557,North America,0.2433681797774681,4.321679527242833,26.837734016394414,1.201189272573013,25.330161870977133,2.7121448645862953
Canada,CAN,2021-01-29,949192.0,846851.0,102341.0,130,38179601.0,2.218071896560679,North America,0.26805151787730835,3.404959627524656,26.837734016394414,1.201189272573013,25.330161870977133,2.7121448645862953
Canada,CAN,2021-01-30,964711.0,853872.0,110839.0,131,38179601.0,2.2364612977490257,North America,0.2903094770424657,3.4311516246594613,26.837734016394414,1.201189272573013,25.330161870977133,2.7121448645862953
Canada,CAN,2021-01-31,970444.0,857054.0,113390.0,137,38179601.0,2.2447955912373208,North America,0.29699105551155447,3.5883036074682915,26.837734016394414,1.201189272573013,25.330161870977133,2.7121448645862953
Canada,CAN,2021-02-01,988888.0,870930.0,117958.0,141,38179601.0,2.281139606461576,North America,0.3089555598027334,3.693071596007512,26.837734016394414,1.201189272573013,25.330161870977133,2.7121448645862953
Canada,CAN,2021-02-02,1000475.0,877588.0,122887.0,90,38179601.0,2.2985782381539295,North America,0.3218655951904788,2.3572797421324547,26.837734016394414,1.201189272573013,25.330161870977133,2.7121448645862953
Canada,CAN,2021-02-03,1014148.0,881933.0,132215.0,104,38179601.0,2.309958660909002,North America,0.34629749011782496,2.7239677020197255,26.837734016394414,1.201189272573013,25.330161870977133,2.7121448645862953
Canada,CAN,2021-02-04,1033682.0,888932.0,144750.0,77,38179601.0,2.328290439703652,North America,0.3791291585263031,2.0167837793799888,26.837734016394414,1.201189272573013,25.330161870977133,2.7121448645862953
Canada,CAN,2021-02-05,1057261.0,899206.0,158055.0,142,38179601.0,2.355200097559951,North America,0.41397761071416117,3.719263593142317,26.837734016394414,1.201189272573013,25.330161870977133,2.7121448645862953
Canada,CAN,2021-02-06,1078963.0,907156.0,171807.0,158,38179601.0,2.376022735282121,North America,0.4499968451739451,4.138335547299198,26.837734016394414,1.201189272573013,25.330161870977133,2.7121448645862953
Canada,CAN,2021-02-07,1092823.0,913235.0,179588.0,96,38179601.0,2.391944850340369,North America,0.4703768381445369,2.514431724941285,26.837734016394414,1.201189272573013,25.330161870977133,2.7121448645862953
Canada,CAN,2021-02-08,1114204.0,923675.0,190529.0,93,38179601.0,2.419289295349105,North America,0.49903350220972714,2.4358557335368696,26.837734016394414,1.201189272573013,25.330161870977133,2.7121448645862953
Canada,CAN,2021-02-09,1140516.0,933039.0,207477.0,65,38179601.0,2.443815481466137,North America,0.5434236989537947,1.702479813762328,26.837734016394414,1.201189272573013,25.330161870977133,2.7121448645862953
Canada,CAN,2021-02-10,1170570.0,942685.0,227885.0,68,38179601.0,2.46908028190237,North America,0.5968763267065049,1.7810558051667433,26.837734016394414,1.201189272573013,25.330161870977133,2.7121448645862953
Canada,CAN,2021-02-11,1203973.0,955251.0,248719.0,74,38179601.0,2.501993145501966,North America,0.6514447335371577,1.9382077879755735,26.837734016394414,1.201189272573013,25.330161870977133,2.7121448645862953
Canada,CAN,2021-02-12,1241657.0,969364.0,272288.0,95,38179601.0,2.5389579110583163,North America,0.7131766515841798,2.4882397278064796,26.837734016394414,1.201189272573013,25.330161870977133,2.7121448645862953
Canada,CAN,2021-02-13,1275341.0,982041.0,293295.0,84,38179601.0,2.5721615058261085,North America,0.7681981799652647,2.200127759323624,26.837734016394414,1.201189272573013,25.330161870977133,2.7121448645862953
Canada,CAN,2021-02-14,1292105.0,984385.0,307715.0,74,38179601.0,2.578300909954507,North America,0.8059670398336536,1.9382077879755735,26.837734016394414,1.201189272573013,25.330161870977133,2.7121448645862953
Canada,CAN,2021-02-15,1302128.0,986092.0,316031.0,66,38179601.0,2.582771883865418,North America,0.8277483046509574,1.7286718108971333,26.837734016394414,1.201189272573013,25.330161870977133,2.7121448645862953
Canada,CAN,2021-02-16,1328817.0,994805.0,334007.0,65,38179601.0,2.605592970968974,North America,0.874831038700483,1.702479813762328,26.837734016394414,1.201189272573013,25.330161870977133,2.7121448645862953
Canada,CAN,2021-02-17,1349676.0,999755.0,349916.0,18,38179601.0,2.618558009550702,North America,0.9164998869422445,0.4714559484264909,26.837734016394414,1.201189272573013,25.330161870977133,2.7121448645862953
Canada,CAN,2021-02-18,1377335.0,1007455.0,369875.0,86,38179601.0,2.638725847344502,North America,0.9687764940236018,2.252511753593234,26.837734016394414,1.201189272573013,25.330161870977133,2.7121448645862953
Cabo Verde,CPV,2021-05-12,21318.0,18650.0,2668.0,1,563890.0,3.3073826455514377,Africa,0.4731419248434978,1.7733955204029155,9.054913192289277,1.1400399774018743,6.7162313205294755,1.7302538308583773
Cabo Verde,CPV,2021-05-18,22531.0,19858.0,2670.0,2,563890.0,3.5216088244161092,Africa,0.4734966039475784,3.546791040805831,9.054913192289277,1.1400399774018743,6.7162313205294755,1.7302538308583773
Cabo Verde,CPV,2021-05-21,24027.0,21357.0,2670.0,0,563890.0,3.7874408129245065,Africa,0.4734966039475784,0.0,9.054913192289277,1.1400399774018743,6.7162313205294755,1.7302538308583773
Cabo Verde,CPV,2021-06-08,34449.0,31748.0,2701.0,0,563890.0,5.630176098175176,Africa,0.4789941300608275,0.0,9.054913192289277,1.1400399774018743,6.7162313205294755,1.7302538308583773
Cabo Verde,CPV,2021-06-10,39211.0,36440.0,2771.0,1,563890.0,6.462253276348225,Africa,0.4914078987036479,1.7733955204029155,9.054913192289277,1.1400399774018743,6.7162313205294755,1.7302538308583773
Cabo Verde,CPV,2021-06-14,44942.0,42164.0,2778.0,2,563890.0,7.477344872226853,Africa,0.49264927556792987,3.546791040805831,9.054913192289277,1.1400399774018743,6.7162313205294755,1.7302538308583773
Cabo Verde,CPV,2021-06-20,63606.0,60771.0,2835.0,0,563890.0,10.777101917040556,Africa,0.5027576300342266,0.0,9.054913192289277,1.1400399774018743,6.7162313205294755,1.7302538308583773
Cabo Verde,CPV,2021-06-24,74321.0,70333.0,3988.0,0,563890.0,12.472822713649826,Africa,0.7072301335366826,0.0,9.054913192289277,1.1400399774018743,6.7162313205294755,1.7302538308583773
Central African Republic,CAF,2021-09-22,150393.0,140492.0,9901.0,0,4949991.0,2.8382273826356452,Africa,0.20002056569395785,0.0,1.5920837027784494,0.0,6.7162313205294755,1.7302538308583773
Central African Republic,CAF,2021-09-30,207004.0,197103.0,9901.0,0,4949991.0,3.9818860276715657,Africa,0.20002056569395785,0.0,1.5920837027784494,0.0,6.7162313205294755,1.7302538308583773
Central African Republic,CAF,2021-10-14,255345.0,245444.0,9901.0,0,4949991.0,4.958473661871304,Africa,0.20002056569395785,0.0,1.5920837027784494,0.0,6.7162313205294755,1.7302538308583773
Chad,TCD,2021-07-05,14604.0,10920.0,3684.0,0,17081847.0,0.0639275132250043,Africa,0.02156675446162233,0.0,0.11251772283850742,0.0,6.7162313205294755,1.7302538308583773
Chad,TCD,2021-07-07,20478.0,15966.0,4512.0,0,17081847.0,0.0934676443361189,Africa,0.026414005464397382,0.0,0.11251772283850742,0.0,6.7162313205294755,1.7302538308583773
Chad,TCD,2021-07-15,24459.0,18484.0,5975.0,0,17081847.0,0.1082084390522875,Africa,0.03497865306954219,0.0,0.11251772283850742,0.0,6.7162313205294755,1.7302538308583773
Chad,TCD,2021-07-21,28810.0,21581.0,7229.0,0,17081847.0,0.1263387969696719,Africa,0.04231977958823774,0.0,0.11251772283850742,0.0,6.7162313205294755,1.7302538308583773
Chad,TCD,2021-07-29,29980.0,22445.0,7535.0,0,17081847.0,0.1313967980160459,Africa,0.044111154958828516,0.0,0.11251772283850742,0.0,6.7162313205294755,1.7302538308583773
Chad,TCD,2021-08-05,36173.0,26511.0,9662.0,0,17081847.0,0.1551998446069678,Africa,0.056562970034797766,0.0,0.11251772283850742,0.0,6.7162313205294755,1.7302538308583773
Chad,TCD,2021-08-12,40649.0,29786.0,10863.0,0,17081847.0,0.1743722444065913,Africa,0.06359382565597269,0.0,0.11251772283850742,0.0,6.7162313205294755,1.7302538308583773
Chad,TCD,2021-08-19,45390.0,33525.0,11865.0,0,17081847.0,0.1962609781014898,Africa,0.06945970186947582,0.0,0.11251772283850742,0.0,6.7162313205294755,1.7302538308583773
Chad,TCD,2021-08-28,51697.0,37024.0,14673.0,0,17081847.0,0.2167447115057288,Africa,0.08589820527019122,0.0,0.11251772283850742,0.0,6.7162313205294755,1.7302538308583773
Chad,TCD,2021-08-30,55598.0,40329.0,15269.0,0,17081847.0,0.2360927363416848,Africa,0.08938728932532881,0.0,0.11251772283850742,0.0,6.7162313205294755,1.7302538308583773
Chad,TCD,2021-09-09,76242.0,60431.0,15811.0,0,17081847.0,0.353773219020168,Africa,0.09256024831506804,0.0,0.11251772283850742,0.0,6.7162313205294755,1.7302538308583773
Chad,TCD,2021-09-15,104707.0,86821.0,17886.0,0,17081847.0,0.5082647093139283,Africa,0.1047076466613944,0.0,0.11251772283850742,0.0,6.7162313205294755,1.7302538308583773
Chad,TCD,2021-09-19,123052.0,98213.0,24839.0,0,17081847.0,0.5749553897772296,Africa,0.14541167591537377,0.0,0.11251772283850742,0.0,6.7162313205294755,1.7302538308583773
Chad,TCD,2021-09-26,142548.0,113135.0,29413.0,0,17081847.0,0.66231128284898,Africa,0.17218863978819152,0.0,0.11251772283850742,0.0,6.7162313205294755,1.7302538308583773
Chad,TCD,2021-09-29,154042.0,123426.0,30616.0,0,17081847.0,0.722556524478881,Africa,0.17923120374512194,0.0,0.11251772283850742,0.0,6.7162313205294755,1.7302538308583773
Chad,TCD,2021-10-06,173184.0,139591.0,33593.0,0,17081847.0,0.8171891482226717,Africa,0.19665906151717666,0.0,0.11251772283850742,0.0,6.7162313205294755,1.7302538308583773
Chad,TCD,2021-10-11,183351.0,146669.0,36682.0,0,17081847.0,0.8586249484613695,Africa,0.21474258609153915,0.0,0.11251772283850742,0.0,6.7162313205294755,1.7302538308583773
Chad,TCD,2021-10-13,191439.0,150842.0,40597.0,0,17081847.0,0.8830543910152104,Africa,0.23766165333292122,0.0,0.11251772283850742,0.0,6.7162313205294755,1.7302538308583773
Chad,TCD,2021-10-17,199516.0,155038.0,44478.0,0,17081847.0,0.9076184794302397,Africa,0.2603816788664598,0.0,0.11251772283850742,0.0,6.7162313205294755,1.7302538308583773
Chile,CHL,2021-01-13,11744.0,10712.0,1032.0,20,19248722.0,0.0556504478583045,South America,0.005361394901957647,1.039030019759234,41.39110490446832,3.7368623517656654,20.998690731896094,6.493491552577863
Chile,CHL,2021-01-14,18661.0,12832.0,5829.0,22,19248722.0,0.0666641660677524,South America,0.030282529925882873,1.1429330217351572,41.39110490446832,3.7368623517656654,20.998690731896094,6.493491552577863
Chile,CHL,2021-01-15,22092.0,13789.0,8303.0,90,19248722.0,0.0716359247123003,South America,0.0431353312703046,4.675635088916552,41.39110490446832,3.7368623517656654,20.998690731896094,6.493491552577863
Chile,CHL,2021-01-16,22182.0,13812.0,8370.0,75,19248722.0,0.0717554131645726,South America,0.04348340632692394,3.896362574097127,41.39110490446832,3.7368623517656654,20.998690731896094,6.493491552577863
Chile,CHL,2021-01-17,22182.0,13812.0,8370.0,66,19248722.0,0.0717554131645726,South America,0.04348340632692394,3.428799065205472,41.39110490446832,3.7368623517656654,20.998690731896094,6.493491552577863
Chile,CHL,2021-01-18,33233.0,24863.0,8370.0,42,19248722.0,0.1291670169063691,South America,0.04348340632692394,2.181963041494391,41.39110490446832,3.7368623517656654,20.998690731896094,6.493491552577863
Chile,CHL,2021-01-19,52600.0,44229.0,8371.0,70,19248722.0,0.2297762937196557,South America,0.043488601477022736,3.636605069157319,41.39110490446832,3.7368623517656654,20.998690731896094,6.493491552577863
Chile,CHL,2021-01-20,61909.0,53538.0,8371.0,26,19248722.0,0.2781379459893493,South America,0.043488601477022736,1.3507390256870042,41.39110490446832,3.7368623517656654,20.998690731896094,6.493491552577863
Chile,CHL,2021-01-21,64966.0,56595.0,8371.0,21,19248722.0,0.2940195198413692,South America,0.043488601477022736,1.0909815207471956,41.39110490446832,3.7368623517656654,20.998690731896094,6.493491552577863
Chile,CHL,2021-01-22,65381.0,57006.0,8375.0,108,19248722.0,0.2961547265319744,South America,0.04350938207741792,5.6107621066998625,41.39110490446832,3.7368623517656654,20.998690731896094,6.493491552577863
Chile,CHL,2021-01-23,65381.0,57006.0,8375.0,84,19248722.0,0.2961547265319744,South America,0.04350938207741792,4.363926082988782,41.39110490446832,3.7368623517656654,20.998690731896094,6.493491552577863
Chile,CHL,2021-01-24,65381.0,57006.0,8375.0,68,19248722.0,0.2961547265319744,South America,0.04350938207741792,3.532702067181395,41.39110490446832,3.7368623517656654,20.998690731896094,6.493491552577863
Chile,CHL,2021-01-25,66801.0,57023.0,9778.0,79,19248722.0,0.296243044083654,South America,0.05079817766602895,4.104168578048974,41.39110490446832,3.7368623517656654,20.998690731896094,6.493491552577863
Chile,CHL,2021-01-26,67415.0,57042.0,10373.0,66,19248722.0,0.2963417519355311,South America,0.05388929197481267,3.428799065205472,41.39110490446832,3.7368623517656654,20.998690731896094,6.493491552577863
Chile,CHL,2021-01-27,67450.0,57043.0,10407.0,24,19248722.0,0.2963469470856299,South America,0.05406592707817173,1.2468360237110807,41.39110490446832,3.7368623517656654,20.998690731896094,6.493491552577863
Chile,CHL,2021-01-28,67450.0,57043.0,10407.0,17,19248722.0,0.2963469470856299,South America,0.05406592707817173,0.8831755167953488,41.39110490446832,3.7368623517656654,20.998690731896094,6.493491552577863
Chile,CHL,2021-01-29,67455.0,57043.0,10412.0,134,19248722.0,0.2963469470856299,South America,0.05409190282866572,6.961501132386867,41.39110490446832,3.7368623517656654,20.998690731896094,6.493491552577863
Chile,CHL,2021-01-30,67456.0,57044.0,10412.0,83,19248722.0,0.2963521422357287,South America,0.05409190282866572,4.311974582000821,41.39110490446832,3.7368623517656654,20.998690731896094,6.493491552577863
Chile,CHL,2021-01-31,67457.0,57044.0,10413.0,82,19248722.0,0.2963521422357287,South America,0.05409709797876451,4.260023081012859,41.39110490446832,3.7368623517656654,20.998690731896094,6.493491552577863
Chile,CHL,2021-02-01,67457.0,57044.0,10413.0,113,19248722.0,0.2963521422357287,South America,0.05409709797876451,5.870519611639672,41.39110490446832,3.7368623517656654,20.998690731896094,6.493491552577863
Chile,CHL,2021-02-02,80648.0,70229.0,10419.0,85,19248722.0,0.3648501962883562,South America,0.05412826887935729,4.415877583976744,41.39110490446832,3.7368623517656654,20.998690731896094,6.493491552577863
Chile,CHL,2021-02-03,251034.0,240615.0,10419.0,22,19248722.0,1.2500310410218405,South America,0.05412826887935729,1.1429330217351572,41.39110490446832,3.7368623517656654,20.998690731896094,6.493491552577863
Chile,CHL,2021-02-04,427187.0,414660.0,12527.0,17,19248722.0,2.15422093996682,South America,0.06507964528761961,0.8831755167953488,41.39110490446832,3.7368623517656654,20.998690731896094,6.493491552577863
Chile,CHL,2021-02-05,596692.0,583495.0,13197.0,155,19248722.0,3.0313441068970706,South America,0.06856039585381304,8.052482653134064,41.39110490446832,3.7368623517656654,20.998690731896094,6.493491552577863
Chile,CHL,2021-02-06,624550.0,611348.0,13202.0,77,19248722.0,3.176044622598841,South America,0.06858637160430703,4.000265576073051,41.39110490446832,3.7368623517656654,20.998690731896094,6.493491552577863
Chile,CHL,2021-02-07,633190.0,619986.0,13204.0,87,19248722.0,3.2209203291522415,South America,0.06859676190450463,4.519780585952668,41.39110490446832,3.7368623517656654,20.998690731896094,6.493491552577863
Chile,CHL,2021-02-08,866489.0,841503.0,24986.0,79,19248722.0,4.371734393587273,South America,0.12980602036852107,4.104168578048974,41.39110490446832,3.7368623517656654,20.998690731896094,6.493491552577863
Chile,CHL,2021-02-09,1128393.0,1084017.0,44376.0,82,19248722.0,5.631631024646727,South America,0.23053998078417884,4.260023081012859,41.39110490446832,3.7368623517656654,20.998690731896094,6.493491552577863
Chile,CHL,2021-02-10,1409188.0,1356467.0,52721.0,28,19248722.0,7.0470496690637425,South America,0.27389350835863285,1.4546420276629275,41.39110490446832,3.7368623517656654,20.998690731896094,6.493491552577863
Chile,CHL,2021-02-11,1663487.0,1607878.0,55609.0,21,19248722.0,8.353167550552188,South America,0.28889710184395617,1.0909815207471956,41.39110490446832,3.7368623517656654,20.998690731896094,6.493491552577863
Chile,CHL,2021-02-12,1892982.0,1837163.0,55819.0,157,19248722.0,9.544337540954666,South America,0.2899880833647034,8.156385655109986,41.39110490446832,3.7368623517656654,20.998690731896094,6.493491552577863
Chile,CHL,2021-02-13,1922542.0,1866690.0,55852.0,83,19248722.0,9.697734737921822,South America,0.29015952331796363,4.311974582000821,41.39110490446832,3.7368623517656654,20.998690731896094,6.493491552577863
Chile,CHL,2021-02-14,1927010.0,1871158.0,55852.0,98,19248722.0,9.720946668563244,South America,0.29015952331796363,5.091247096820246,41.39110490446832,3.7368623517656654,20.998690731896094,6.493491552577863
Chile,CHL,2021-02-15,2192886.0,2137034.0,55852.0,98,19248722.0,11.102212396230774,South America,0.29015952331796363,5.091247096820246,41.39110490446832,3.7368623517656654,20.998690731896094,6.493491552577863
Chile,CHL,2021-02-16,2412980.0,2357116.0,55864.0,83,19248722.0,12.245571420274032,South America,0.2902218651191492,4.311974582000821,41.39110490446832,3.7368623517656654,20.998690731896094,6.493491552577863
Chile,CHL,2021-02-17,2601037.0,2545173.0,55864.0,20,19248722.0,13.222555762403342,South America,0.2902218651191492,1.039030019759234,41.39110490446832,3.7368623517656654,20.998690731896094,6.493491552577863
Chile,CHL,2021-02-18,2756319.0,2700454.0,55865.0,15,19248722.0,14.029263864894512,South America,0.290227060269248,0.7792725148194254,41.39110490446832,3.7368623517656654,20.998690731896094,6.493491552577863
Chile,CHL,2021-02-19,2898459.0,2842593.0,55866.0,139,19248722.0,14.7676973047873,South America,0.29023225541934683,7.221258637326676,41.39110490446832,3.7368623517656654,20.998690731896094,6.493491552577863
Chile,CHL,2021-02-20,2908100.0,2852234.0,55866.0,99,19248722.0,14.817783746889791,South America,0.29023225541934683,5.143198597808207,41.39110490446832,3.7368623517656654,20.998690731896094,6.493491552577863
Chile,CHL,2021-02-21,2909262.0,2853396.0,55866.0,77,19248722.0,14.823820511304596,South America,0.29023225541934683,4.000265576073051,41.39110490446832,3.7368623517656654,20.998690731896094,6.493491552577863
Chile,CHL,2021-02-22,3017399.0,2961511.0,55888.0,68,19248722.0,15.385494164235944,South America,0.2903465487215203,3.532702067181395,41.39110490446832,3.7368623517656654,20.998690731896094,6.493491552577863
Chile,CHL,2021-02-23,3111648.0,3055720.0,55928.0,84,19248722.0,15.87492405989343,South America,0.29055435472547214,4.363926082988782,41.39110490446832,3.7368623517656654,20.998690731896094,6.493491552577863
Chile,CHL,2021-02-24,3197927.0,3141825.0,56102.0,25,19248722.0,16.322252459150274,South America,0.2914583108426627,1.2987875246990424,41.39110490446832,3.7368623517656654,20.998690731896094,6.493491552577863
Chile,CHL,2021-02-25,3284016.0,3227769.0,56247.0,22,19248722.0,16.76874443924121,South America,0.29221160760698817,1.1429330217351572,41.39110490446832,3.7368623517656654,20.998690731896094,6.493491552577863
Chile,CHL,2021-02-26,3362417.0,3306052.0,56365.0,137,19248722.0,17.175436374425274,South America,0.29282463531864605,7.117355635350752,41.39110490446832,3.7368623517656654,20.998690731896094,6.493491552577863
Chile,CHL,2021-02-27,3372465.0,3316096.0,56369.0,90,19248722.0,17.22761646201758,South America,0.2928454159190413,4.675635088916552,41.39110490446832,3.7368623517656654,20.998690731896094,6.493491552577863
Chile,CHL,2021-02-28,3372820.0,3316451.0,56369.0,76,19248722.0,17.229460740302656,South America,0.2928454159190413,3.948314075085089,41.39110490446832,3.7368623517656654,20.998690731896094,6.493491552577863
Chile,CHL,2021-03-01,3510396.0,3453618.0,56778.0,96,19248722.0,17.94206389390423,South America,0.2949702323094489,4.987344094844323,41.39110490446832,3.7368623517656654,20.998690731896094,6.493491552577863
Chile,CHL,2021-03-02,3681779.0,3612581.0,69198.0,88,19248722.0,18.76790053905917,South America,0.35949399653649733,4.571732086940629,41.39110490446832,3.7368623517656654,20.998690731896094,6.493491552577863
Colombia,COL,2021-03-13,782301.0,749059.0,33242.0,85,51403567.0,1.4572121035880643,South America,0.06466866394699806,1.6535817446287338,15.640313454546797,5.770705201463435,20.998690731896094,6.493491552577863
Colombia,COL,2021-03-14,843204.0,803656.0,39548.0,92,51403567.0,1.5634245771309996,South America,0.07693629510185548,1.7897590647746293,15.640313454546797,5.770705201463435,20.998690731896094,6.493491552577863
Colombia,COL,2021-03-15,913961.0,868994.0,44967.0,96,51403567.0,1.6905324877551784,South America,0.08747836507143561,1.86757467628657,15.640313454546797,5.770705201463435,20.998690731896094,6.493491552577863
Colombia,COL,2021-03-16,976137.0,928927.0,47210.0,97,51403567.0,1.8071255638738064,South America,0.09184187548696766,1.887028579164555,15.640313454546797,5.770705201463435,20.998690731896094,6.493491552577863
Colombia,COL,2021-03-17,1024358.0,971240.0,53118.0,100,51403567.0,1.889440863121425,South America,0.10333524130728126,1.9453902877985103,15.640313454546797,5.770705201463435,20.998690731896094,6.493491552577863
Colombia,COL,2021-03-18,1076496.0,1022604.0,53892.0,125,51403567.0,1.989363889863908,South America,0.10484097339003731,2.4317378597481376,15.640313454546797,5.770705201463435,20.998690731896094,6.493491552577863
Colombia,COL,2021-03-19,1131999.0,1077837.0,54162.0,130,51403567.0,2.096813631629883,South America,0.1053662287677429,2.529007374138063,15.640313454546797,5.770705201463435,20.998690731896094,6.493491552577863
Colombia,COL,2021-03-20,1182098.0,1127570.0,54528.0,138,51403567.0,2.193563726812966,South America,0.10607824161307716,2.684638597161944,15.640313454546797,5.770705201463435,20.998690731896094,6.493491552577863
Colombia,COL,2021-03-21,1215008.0,1157159.0,57849.0,135,51403567.0,2.251125880038636,South America,0.11253888275885601,2.626276888527989,15.640313454546797,5.770705201463435,20.998690731896094,6.493491552577863
Colombia,COL,2021-03-22,1238259.0,1177935.0,60324.0,136,51403567.0,2.291543308657938,South America,0.11735372372115732,2.645730791405974,15.640313454546797,5.770705201463435,20.998690731896094,6.493491552577863
Colombia,COL,2021-03-23,1299809.0,1236980.0,62829.0,121,51403567.0,2.406408878201001,South America,0.1222269263920926,2.3539222482361972,15.640313454546797,5.770705201463435,20.998690731896094,6.493491552577863
Colombia,COL,2021-03-24,1385503.0,1311229.0,74274.0,120,51403567.0,2.5508521616797526,South America,0.14449191823594654,2.334468345358212,15.640313454546797,5.770705201463435,20.998690731896094,6.493491552577863
Colombia,COL,2021-03-25,1476364.0,1359247.0,117117.0,126,51403567.0,2.644265912519262,South America,0.2278382743360981,2.451191762626123,15.640313454546797,5.770705201463435,20.998690731896094,6.493491552577863
Colombia,COL,2021-03-26,1596288.0,1448180.0,148108.0,120,51403567.0,2.8172753069840466,South America,0.28812786474526175,2.334468345358212,15.640313454546797,5.770705201463435,20.998690731896094,6.493491552577863
Colombia,COL,2021-03-27,1726924.0,1550856.0,176068.0,125,51403567.0,3.0170202001740463,South America,0.34252097719210806,2.4317378597481376,15.640313454546797,5.770705201463435,20.998690731896094,6.493491552577863
Colombia,COL,2021-03-28,1818861.0,1624565.0,194296.0,126,51403567.0,3.160412972897387,South America,0.37798155135809935,2.451191762626123,15.640313454546797,5.770705201463435,20.998690731896094,6.493491552577863
Colombia,COL,2021-03-29,1965054.0,1736568.0,228486.0,145,51403567.0,3.3783025213016833,South America,0.44449444529793036,2.82081591730784,15.640313454546797,5.770705201463435,20.998690731896094,6.493491552577863
Colombia,COL,2021-03-30,2121530.0,1858823.0,262707.0,165,51403567.0,3.61613621093649,South America,0.5110676463366832,3.2098939748675415,15.640313454546797,5.770705201463435,20.998690731896094,6.493491552577863
Colombia,COL,2021-03-31,2243392.0,1957325.0,286067.0,124,51403567.0,3.807761045065219,South America,0.5565119634596564,2.412283956870153,15.640313454546797,5.770705201463435,20.998690731896094,6.493491552577863
Colombia,COL,2021-04-01,2300890.0,1965935.0,334955.0,176,51403567.0,3.824510855443164,South America,0.6516182038495499,3.423886906525378,15.640313454546797,5.770705201463435,20.998690731896094,6.493491552577863
Colombia,COL,2021-04-02,2336144.0,1971891.0,364253.0,167,51403567.0,3.836097599997293,South America,0.7086142485014707,3.248801780623512,15.640313454546797,5.770705201463435,20.998690731896094,6.493491552577863
Colombia,COL,2021-04-03,2381049.0,1989856.0,391193.0,192,51403567.0,3.871046536517592,South America,0.7610230628547626,3.73514935257314,15.640313454546797,5.770705201463435,20.998690731896094,6.493491552577863
Colombia,COL,2021-04-04,2408085.0,2005885.0,402200.0,163,51403567.0,3.9022291974407146,South America,0.7824359737525608,3.1709861691115715,15.640313454546797,5.770705201463435,20.998690731896094,6.493491552577863
Colombia,COL,2021-04-05,2479671.0,2056135.0,423536.0,155,51403567.0,3.9999850594025896,South America,0.8239428209330298,3.0153549460876907,15.640313454546797,5.770705201463435,20.998690731896094,6.493491552577863
Comoros,COM,2021-05-12,43728.0,43140.0,588.0,0,894926.0,4.820510299175574,Africa,0.06570375651171158,0.0,9.171812343515926,0.0,6.7162313205294755,1.7302538308583773
Comoros,COM,2021-05-18,44975.0,43140.0,1835.0,0,894926.0,4.820510299175574,Africa,0.20504488639284144,0.0,9.171812343515926,0.0,6.7162313205294755,1.7302538308583773
Cook Islands,COK,2021-06-08,9564.0,9535.0,29.0,0,17565.0,54.28408767435241,Oceania,0.1651010532308568,0.0,44.666951323655,0.0,19.18131929371784,1.0644858758359335
Costa Rica,CRI,2021-01-15,24859.0,24804.0,55.0,17,5154244.0,0.481234493361199,North America,0.0010670818067596336,3.298252857257049,13.219147037339633,2.892175214092706,25.330161870977133,2.7121448645862953
Costa Rica,CRI,2021-01-18,29389.0,29257.0,132.0,17,5154244.0,0.5676293167339381,North America,0.0025609963362231204,3.298252857257049,13.219147037339633,2.892175214092706,25.330161870977133,2.7121448645862953
Costa Rica,CRI,2021-01-25,48128.0,45707.0,2421.0,14,5154244.0,0.8867837843920466,North America,0.046971000984819496,2.716208235388158,13.219147037339633,2.892175214092706,25.330161870977133,2.7121448645862953
Costa Rica,CRI,2021-02-01,57701.0,45863.0,11838.0,8,5154244.0,0.8898104164257647,North America,0.2296748077894644,1.552118991650376,13.219147037339633,2.892175214092706,25.330161870977133,2.7121448645862953
Costa Rica,CRI,2021-02-08,75113.0,46750.0,28363.0,8,5154244.0,0.9070195357456884,North America,0.5502843870022451,1.552118991650376,13.219147037339633,2.892175214092706,25.330161870977133,2.7121448645862953
Costa Rica,CRI,2021-02-15,96948.0,54395.0,42553.0,5,5154244.0,1.0553439068852777,North America,0.8255914931462306,0.970074369781485,13.219147037339633,2.892175214092706,25.330161870977133,2.7121448645862953
Costa Rica,CRI,2021-02-22,101183.0,57162.0,44021.0,8,5154244.0,1.109027822508985,North America,0.8540728766430149,1.552118991650376,13.219147037339633,2.892175214092706,25.330161870977133,2.7121448645862953
Costa Rica,CRI,2021-03-01,149812.0,103695.0,46117.0,3,5154244.0,2.0118372354898217,North America,0.8947383942242547,0.5820446218688909,13.219147037339633,2.892175214092706,25.330161870977133,2.7121448645862953
Costa Rica,CRI,2021-03-05,193273.0,142049.0,51224.0,4,5154244.0,2.755961883061803,North America,0.9938217903537357,0.776059495825188,13.219147037339633,2.892175214092706,25.330161870977133,2.7121448645862953
Croatia,HRV,2021-01-25,69984.0,58077.0,11907.0,28,4073557.0,1.4257073118161845,Europe,0.29229982543511723,6.873599657498348,20.556433869649,3.9998913261148576,24.78207907735958,3.0760247467090363
Croatia,HRV,2021-02-01,83928.0,58829.0,25099.0,29,4073557.0,1.4441678366106083,Europe,0.6161445635841108,7.11908535955186,20.556433869649,3.9998913261148576,24.78207907735958,3.0760247467090363
Croatia,HRV,2021-02-03,87929.0,59064.0,28865.0,17,4073557.0,1.449936750608866,Europe,0.7085944789774636,4.173256934909712,20.556433869649,3.9998913261148576,24.78207907735958,3.0760247467090363
Croatia,HRV,2021-02-04,95505.0,59593.0,35912.0,17,4073557.0,1.4629229442474967,Europe,0.8815882532145739,4.173256934909712,20.556433869649,3.9998913261148576,24.78207907735958,3.0760247467090363
Cyprus,CYP,2021-01-23,17739.0,15322.0,2057.0,1,1218448.0,1.2575013459745512,Asia,0.16882132023689153,0.8207161897758459,27.843560361035195,1.2346426159236639,23.2444639828785,1.6257203533003144
Cyprus,CYP,2021-01-30,25519.0,19618.0,5551.0,0,1218448.0,1.6100810211022547,Asia,0.4555795569445721,0.0,27.843560361035195,1.2346426159236639,23.2444639828785,1.6257203533003144
Cyprus,CYP,2021-02-06,32837.0,22813.0,10024.0,2,1218448.0,1.8722998437356375,Asia,0.822685908631308,1.6414323795516919,27.843560361035195,1.2346426159236639,23.2444639828785,1.6257203533003144
Denmark,DNK,2021-01-01,35101.0,35100.0,1.0,42,5820520.0,0.6030389037405592,Europe,1.7180595548164083e-05,7.215850130228914,29.04995024900828,0.8822298516885716,24.78207907735958,3.0760247467090363
Denmark,DNK,2021-01-02,43274.0,43273.0,1.0,24,5820520.0,0.7434559111557043,Europe,1.7180595548164083e-05,4.12334293155938,29.04995024900828,0.8822298516885716,24.78207907735958,3.0760247467090363
Denmark,DNK,2021-01-03,48723.0,48722.0,1.0,23,5820520.0,0.8370729762976503,Europe,1.7180595548164083e-05,3.9515369760777386,29.04995024900828,0.8822298516885716,24.78207907735958,3.0760247467090363
Denmark,DNK,2021-01-04,51085.0,51083.0,2.0,29,5820520.0,0.8776363623868657,Europe,3.4361191096328166e-05,4.982372708967584,29.04995024900828,0.8822298516885716,24.78207907735958,3.0760247467090363
Denmark,DNK,2021-01-05,63757.0,63755.0,2.0,15,5820520.0,1.0953488691732012,Europe,3.4361191096328166e-05,2.5770893322246122,29.04995024900828,0.8822298516885716,24.78207907735958,3.0760247467090363
Denmark,DNK,2021-01-06,82105.0,82103.0,2.0,31,5820520.0,1.4105784362909155,Europe,3.4361191096328166e-05,5.325984619930865,29.04995024900828,0.8822298516885716,24.78207907735958,3.0760247467090363
Denmark,DNK,2021-01-07,98392.0,98389.0,3.0,30,5820520.0,1.6903816153883158,Europe,5.154178664449225e-05,5.1541786644492245,29.04995024900828,0.8822298516885716,24.78207907735958,3.0760247467090363
Denmark,DNK,2021-01-08,106277.0,106274.0,3.0,37,5820520.0,1.8258506112855897,Europe,5.154178664449225e-05,6.35682035282071,29.04995024900828,0.8822298516885716,24.78207907735958,3.0760247467090363
Denmark,DNK,2021-01-09,108135.0,108130.0,5.0,30,5820520.0,1.857737796622982,Europe,8.590297774082041e-05,5.1541786644492245,29.04995024900828,0.8822298516885716,24.78207907735958,3.0760247467090363
Denmark,DNK,2021-01-10,108954.0,108949.0,5.0,25,5820520.0,1.8718087043769285,Europe,8.590297774082041e-05,4.29514888704102,29.04995024900828,0.8822298516885716,24.78207907735958,3.0760247467090363
Denmark,DNK,2021-01-11,109614.0,109609.0,5.0,28,5820520.0,1.8831478974387168,Europe,8.590297774082041e-05,4.810566753485943,29.04995024900828,0.8822298516885716,24.78207907735958,3.0760247467090363
Denmark,DNK,2021-01-12,110078.0,110071.0,7.0,27,5820520.0,1.8910853325819683,Europe,0.00012026416883714858,4.638760798004302,29.04995024900828,0.8822298516885716,24.78207907735958,3.0760247467090363
Denmark,DNK,2021-01-13,122368.0,122359.0,9.0,26,5820520.0,2.102200490677809,Europe,0.00015462535993347675,4.466954842522661,29.04995024900828,0.8822298516885716,24.78207907735958,3.0760247467090363
Denmark,DNK,2021-01-14,139503.0,139493.0,10.0,37,5820520.0,2.396572814800052,Europe,0.00017180595548164083,6.35682035282071,29.04995024900828,0.8822298516885716,24.78207907735958,3.0760247467090363
Denmark,DNK,2021-01-15,153981.0,153966.0,15.0,43,5820520.0,2.645227574168631,Europe,0.0002577089332224612,7.387656085710555,29.04995024900828,0.8822298516885716,24.78207907735958,3.0760247467090363
Denmark,DNK,2021-01-16,158383.0,158359.0,24.0,17,5820520.0,2.7207019304117157,Europe,0.000412334293155938,2.9207012431878936,29.04995024900828,0.8822298516885716,24.78207907735958,3.0760247467090363
Denmark,DNK,2021-01-17,161369.0,160696.0,673.0,27,5820520.0,2.7608529822077754,Europe,0.011562540803914426,4.638760798004302,29.04995024900828,0.8822298516885716,24.78207907735958,3.0760247467090363
Denmark,DNK,2021-01-18,167020.0,164363.0,2657.0,28,5820520.0,2.823854226082893,Europe,0.04564884237147196,4.810566753485943,29.04995024900828,0.8822298516885716,24.78207907735958,3.0760247467090363
Denmark,DNK,2021-01-19,171319.0,166724.0,4595.0,30,5820520.0,2.864417612172109,Europe,0.07894483654381396,5.1541786644492245,29.04995024900828,0.8822298516885716,24.78207907735958,3.0760247467090363
Denmark,DNK,2021-01-20,174522.0,168179.0,6343.0,32,5820520.0,2.8894153786946872,Europe,0.10897651756200477,5.497790575412506,29.04995024900828,0.8822298516885716,24.78207907735958,3.0760247467090363
Denmark,DNK,2021-01-21,178214.0,169658.0,8556.0,35,5820520.0,2.9148254795104216,Europe,0.1469971755100919,6.0132084418574285,29.04995024900828,0.8822298516885716,24.78207907735958,3.0760247467090363
Denmark,DNK,2021-01-22,184246.0,170301.0,13945.0,37,5820520.0,2.9258726024478916,Europe,0.23958340491914812,6.35682035282071,29.04995024900828,0.8822298516885716,24.78207907735958,3.0760247467090363
Denmark,DNK,2021-01-23,191593.0,170994.0,20599.0,32,5820520.0,2.937778755162769,Europe,0.3539030876966319,5.497790575412506,29.04995024900828,0.8822298516885716,24.78207907735958,3.0760247467090363
Denmark,DNK,2021-01-24,198185.0,171564.0,26621.0,28,5820520.0,2.9475716946252226,Europe,0.45736463408767597,4.810566753485943,29.04995024900828,0.8822298516885716,24.78207907735958,3.0760247467090363
Denmark,DNK,2021-01-25,200795.0,171838.0,28957.0,14,5820520.0,2.952279177805419,Europe,0.4974985052881873,2.4052833767429713,29.04995024900828,0.8822298516885716,24.78207907735958,3.0760247467090363
Denmark,DNK,2021-01-26,202651.0,172047.0,30604.0,27,5820520.0,2.9558699222749856,Europe,0.5257949461560135,4.638760798004302,29.04995024900828,0.8822298516885716,24.78207907735958,3.0760247467090363
Denmark,DNK,2021-01-27,207016.0,172250.0,34766.0,20,5820520.0,2.959357583171263,Europe,0.5973005848274725,3.4361191096328163,29.04995024900828,0.8822298516885716,24.78207907735958,3.0760247467090363
Denmark,DNK,2021-01-28,215132.0,172476.0,42656.0,20,5820520.0,2.963240397765148,Europe,0.7328554837024871,3.4361191096328163,29.04995024900828,0.8822298516885716,24.78207907735958,3.0760247467090363
Djibouti,DJI,2021-04-28,13042.0,12547.0,495.0,4,1006919.0,1.2460783836634328,Africa,0.04915986290853584,3.972514174427139,1.8458369872187665,0.4138035598361603,6.7162313205294755,1.7302538308583773
Djibouti,DJI,2021-05-24,14943.0,12547.0,2396.0,1,1006919.0,1.2460783836634328,Africa,0.2379535990481856,0.9931285436067847,1.8458369872187665,0.4138035598361603,6.7162313205294755,1.7302538308583773
Djibouti,DJI,2021-06-01,21357.0,12547.0,8810.0,0,1006919.0,1.2460783836634328,Africa,0.8749462469175773,0.0,1.8458369872187665,0.4138035598361603,6.7162313205294755,1.7302538308583773
Dominica,DMA,2021-04-01,18112.0,17775.0,337.0,0,72167.0,24.630371222303825,North America,0.4669724389263791,0.0,22.620796208793493,3.031163828342594,25.330161870977133,2.7121448645862953
Dominica,DMA,2021-04-12,18423.0,17948.0,475.0,0,72167.0,24.87009297878532,North America,0.6581955741543919,0.0,22.620796208793493,3.031163828342594,25.330161870977133,2.7121448645862953
Dominican Republic,DOM,2021-03-30,910869.0,856474.0,54395.0,3,10989566.0,7.793519780489968,North America,0.4949695010703789,0.27298621255834854,30.402796586681678,0.3204620756119744,25.330161870977133,2.7121448645862953
Ecuador,ECU,2021-02-03,12358.0,12357.0,1.0,25,17972404.0,0.0687554096825332,South America,5.564085917498849e-06,1.3910214793747124,14.885600812164437,3.999158594872757,20.998690731896094,6.493491552577863
Ecuador,ECU,2021-02-04,12467.0,12425.0,42.0,34,17972404.0,0.0691337675249232,South America,0.0002336916085349517,1.8917892119496091,14.885600812164437,3.999158594872757,20.998690731896094,6.493491552577863
Ecuador,ECU,2021-02-05,12470.0,12428.0,42.0,19,17972404.0,0.0691504597826757,South America,0.0002336916085349517,1.0571763243247816,14.885600812164437,3.999158594872757,20.998690731896094,6.493491552577863
Ecuador,ECU,2021-02-06,12471.0,12429.0,42.0,14,17972404.0,0.0691560238685932,South America,0.0002336916085349517,0.778972028449839,14.885600812164437,3.999158594872757,20.998690731896094,6.493491552577863
Ecuador,ECU,2021-02-07,12471.0,12429.0,42.0,22,17972404.0,0.0691560238685932,South America,0.0002336916085349517,1.224098901849747,14.885600812164437,3.999158594872757,20.998690731896094,6.493491552577863
Ecuador,ECU,2021-02-08,12473.0,12431.0,42.0,8,17972404.0,0.0691671520404282,South America,0.0002336916085349517,0.445126873399908,14.885600812164437,3.999158594872757,20.998690731896094,6.493491552577863
Ecuador,ECU,2021-02-09,12473.0,12431.0,42.0,1,17972404.0,0.0691671520404282,South America,0.0002336916085349517,0.0556408591749885,14.885600812164437,3.999158594872757,20.998690731896094,6.493491552577863
Ecuador,ECU,2021-02-10,12478.0,12431.0,47.0,73,17972404.0,0.0691671520404282,South America,0.00026151203812244594,4.06178271977416,14.885600812164437,3.999158594872757,20.998690731896094,6.493491552577863
Ecuador,ECU,2021-02-11,14004.0,12466.0,1538.0,30,17972404.0,0.0693618950475406,South America,0.008557564141113232,1.6692257752496549,14.885600812164437,3.999158594872757,20.998690731896094,6.493491552577863
Ecuador,ECU,2021-02-12,14423.0,12483.0,1940.0,58,17972404.0,0.0694564845081381,South America,0.010794326679947768,3.227169832149333,14.885600812164437,3.999158594872757,20.998690731896094,6.493491552577863
Ecuador,ECU,2021-02-13,14464.0,12487.0,1977.0,46,17972404.0,0.0694787408518081,South America,0.011000197858895227,2.559479522049471,14.885600812164437,3.999158594872757,20.998690731896094,6.493491552577863
Ecuador,ECU,2021-02-14,14464.0,12487.0,1977.0,49,17972404.0,0.0694787408518081,South America,0.011000197858895227,2.7264020995744365,14.885600812164437,3.999158594872757,20.998690731896094,6.493491552577863
Ecuador,ECU,2021-02-15,14465.0,12488.0,1977.0,52,17972404.0,0.0694843049377256,South America,0.011000197858895227,2.8933246770994017,14.885600812164437,3.999158594872757,20.998690731896094,6.493491552577863
Ecuador,ECU,2021-02-16,14465.0,12488.0,1977.0,34,17972404.0,0.0694843049377256,South America,0.011000197858895227,1.8917892119496091,14.885600812164437,3.999158594872757,20.998690731896094,6.493491552577863
Ecuador,ECU,2021-02-17,14542.0,12491.0,2051.0,37,17972404.0,0.0695009971954781,South America,0.01141194021679014,2.0587117894745743,14.885600812164437,3.999158594872757,20.998690731896094,6.493491552577863
Ecuador,ECU,2021-02-18,38171.0,34661.0,3510.0,2,17972404.0,0.1928567819864276,South America,0.019529941570420963,0.111281718349977,14.885600812164437,3.999158594872757,20.998690731896094,6.493491552577863
Ecuador,ECU,2021-02-19,43474.0,39607.0,3867.0,50,17972404.0,0.2203767509343769,South America,0.021516320242968054,2.782042958749425,14.885600812164437,3.999158594872757,20.998690731896094,6.493491552577863
Ecuador,ECU,2021-02-20,43475.0,39607.0,3868.0,30,17972404.0,0.2203767509343769,South America,0.02152188432888555,1.6692257752496549,14.885600812164437,3.999158594872757,20.998690731896094,6.493491552577863
Ecuador,ECU,2021-02-21,45352.0,41483.0,3869.0,39,17972404.0,0.2308149761156047,South America,0.02152744841480305,2.1699935078245516,14.885600812164437,3.999158594872757,20.998690731896094,6.493491552577863
Ecuador,ECU,2021-02-22,47115.0,43101.0,4014.0,23,17972404.0,0.2398176671301179,South America,0.022334240872840385,1.2797397610247354,14.885600812164437,3.999158594872757,20.998690731896094,6.493491552577863
Ecuador,ECU,2021-02-23,47127.0,43112.0,4015.0,11,17972404.0,0.2398788720752104,South America,0.02233980495875788,0.6120494509248735,14.885600812164437,3.999158594872757,20.998690731896094,6.493491552577863
Ecuador,ECU,2021-02-24,47576.0,43136.0,4440.0,20,17972404.0,0.2400124101372303,South America,0.024704541473694892,1.11281718349977,14.885600812164437,3.999158594872757,20.998690731896094,6.493491552577863
Ecuador,ECU,2021-02-25,65737.0,59989.0,5748.0,67,17972404.0,0.3337839501048385,South America,0.03198236585378339,3.7279375647242294,14.885600812164437,3.999158594872757,20.998690731896094,6.493491552577863
Ecuador,ECU,2021-02-26,76446.0,69907.0,6539.0,35,17972404.0,0.3889685542345921,South America,0.03638355781452498,1.9474300711245973,14.885600812164437,3.999158594872757,20.998690731896094,6.493491552577863
Ecuador,ECU,2021-02-27,76543.0,70000.0,6543.0,0,17972404.0,0.3894860142249195,South America,0.03640581415819497,0.0,14.885600812164437,3.999158594872757,20.998690731896094,6.493491552577863
Ecuador,ECU,2021-02-28,76547.0,70004.0,6543.0,44,17972404.0,0.3895082705685895,South America,0.03640581415819497,2.448197803699494,14.885600812164437,3.999158594872757,20.998690731896094,6.493491552577863
Ecuador,ECU,2021-03-01,77022.0,70478.0,6544.0,98,17972404.0,0.3921456472934839,South America,0.036411378244112474,5.452804199148873,14.885600812164437,3.999158594872757,20.998690731896094,6.493491552577863
Ecuador,ECU,2021-03-02,77044.0,70499.0,6545.0,21,17972404.0,0.3922624930977514,South America,0.03641694233002997,1.1684580426747584,14.885600812164437,3.999158594872757,20.998690731896094,6.493491552577863
Ecuador,ECU,2021-03-03,77070.0,70525.0,6545.0,18,17972404.0,0.3924071593316064,South America,0.03641694233002997,1.001535465149793,14.885600812164437,3.999158594872757,20.998690731896094,6.493491552577863
Ecuador,ECU,2021-03-04,106482.0,99847.0,6635.0,71,17972404.0,0.5555572866045076,South America,0.036917710062604865,3.9505010014241835,14.885600812164437,3.999158594872757,20.998690731896094,6.493491552577863
Ecuador,ECU,2021-03-05,126359.0,119709.0,6650.0,38,17972404.0,0.6660711610978698,South America,0.03700117135136735,2.114352648649563,14.885600812164437,3.999158594872757,20.998690731896094,6.493491552577863
Ecuador,ECU,2021-03-06,130324.0,123672.0,6652.0,38,17972404.0,0.6881216335889178,South America,0.03701229952320235,2.114352648649563,14.885600812164437,3.999158594872757,20.998690731896094,6.493491552577863
Ecuador,ECU,2021-03-07,130497.0,123845.0,6652.0,23,17972404.0,0.6890842204526451,South America,0.03701229952320235,1.2797397610247354,14.885600812164437,3.999158594872757,20.998690731896094,6.493491552577863
Ecuador,ECU,2021-03-08,135112.0,128460.0,6652.0,19,17972404.0,0.7147624769619023,South America,0.03701229952320235,1.0571763243247816,14.885600812164437,3.999158594872757,20.998690731896094,6.493491552577863
Ecuador,ECU,2021-03-09,136816.0,130164.0,6652.0,4,17972404.0,0.7242436793653203,South America,0.03701229952320235,0.222563436699954,14.885600812164437,3.999158594872757,20.998690731896094,6.493491552577863
Ecuador,ECU,2021-03-10,137601.0,130773.0,6828.0,26,17972404.0,0.7276322076890771,South America,0.03799157864468215,1.4466623385497008,14.885600812164437,3.999158594872757,20.998690731896094,6.493491552577863
Ecuador,ECU,2021-03-11,172799.0,160339.0,12460.0,36,17972404.0,0.892139971925848,South America,0.06932851053203568,2.003070930299586,14.885600812164437,3.999158594872757,20.998690731896094,6.493491552577863
Ecuador,ECU,2021-03-12,223571.0,204385.0,19186.0,23,17972404.0,1.1372157002480023,South America,0.10675255241313295,1.2797397610247354,14.885600812164437,3.999158594872757,20.998690731896094,6.493491552577863
Ecuador,ECU,2021-03-13,240343.0,220452.0,19891.0,65,17972404.0,1.2266138686844563,South America,0.11067523298496963,3.616655846374252,14.885600812164437,3.999158594872757,20.998690731896094,6.493491552577863
Ecuador,ECU,2021-03-14,241088.0,221190.0,19898.0,22,17972404.0,1.2307201640915706,South America,0.11071418158639212,1.224098901849747,14.885600812164437,3.999158594872757,20.998690731896094,6.493491552577863
Ecuador,ECU,2021-03-15,252743.0,231703.0,21040.0,21,17972404.0,1.289215399342236,South America,0.1170683677041758,1.1684580426747584,14.885600812164437,3.999158594872757,20.998690731896094,6.493491552577863
Ecuador,ECU,2021-03-16,260745.0,239702.0,21043.0,4,17972404.0,1.3337225225963094,South America,0.1170850599619283,0.222563436699954,14.885600812164437,3.999158594872757,20.998690731896094,6.493491552577863
Ecuador,ECU,2021-03-17,266917.0,245860.0,21057.0,19,17972404.0,1.3679861636762671,South America,0.11716295716477328,1.0571763243247816,14.885600812164437,3.999158594872757,20.998690731896094,6.493491552577863
Ecuador,ECU,2021-03-18,275562.0,249118.0,26444.0,41,17972404.0,1.3861139555954785,South America,0.1471366880023396,2.2812752261745284,14.885600812164437,3.999158594872757,20.998690731896094,6.493491552577863
Ecuador,ECU,2021-03-19,284270.0,252474.0,31796.0,33,17972404.0,1.4047870279346046,South America,0.17691567583279344,1.8361483527746205,14.885600812164437,3.999158594872757,20.998690731896094,6.493491552577863
Ecuador,ECU,2021-03-20,293239.0,257550.0,35689.0,79,17972404.0,1.4330303280518288,South America,0.19857666230961643,4.395627874824091,14.885600812164437,3.999158594872757,20.998690731896094,6.493491552577863
Ecuador,ECU,2021-03-21,295201.0,259507.0,35694.0,23,17972404.0,1.443919244192374,South America,0.19860448273920395,1.2797397610247354,14.885600812164437,3.999158594872757,20.998690731896094,6.493491552577863
Ecuador,ECU,2021-03-22,337625.0,301190.0,36435.0,16,17972404.0,1.675847037491479,South America,0.20272747040407058,0.890253746799816,14.885600812164437,3.999158594872757,20.998690731896094,6.493491552577863
Ecuador,ECU,2021-03-23,361050.0,324321.0,36729.0,27,17972404.0,1.8045499088491448,South America,0.20436331166381527,1.5023031977246895,14.885600812164437,3.999158594872757,20.998690731896094,6.493491552577863
Ecuador,ECU,2021-03-24,370634.0,333815.0,36819.0,26,17972404.0,1.8573753405498783,South America,0.20486407939639015,1.4466623385497008,14.885600812164437,3.999158594872757,20.998690731896094,6.493491552577863
Ecuador,ECU,2021-03-25,391970.0,344556.0,47414.0,36,17972404.0,1.9171391873897337,South America,0.2638155696922905,2.003070930299586,14.885600812164437,3.999158594872757,20.998690731896094,6.493491552577863
Ecuador,ECU,2021-03-26,416617.0,356221.0,60396.0,42,17972404.0,1.9820442496173576,South America,0.33604853307326055,2.336916085349517,14.885600812164437,3.999158594872757,20.998690731896094,6.493491552577863
Ecuador,ECU,2021-03-27,423066.0,360721.0,62345.0,50,17972404.0,2.0070826362461025,South America,0.3468929365264658,2.782042958749425,14.885600812164437,3.999158594872757,20.998690731896094,6.493491552577863
Ecuador,ECU,2021-03-28,423400.0,361055.0,62345.0,47,17972404.0,2.008941040942547,South America,0.3468929365264658,2.6151203812244592,14.885600812164437,3.999158594872757,20.998690731896094,6.493491552577863
Ecuador,ECU,2021-03-29,444516.0,379843.0,64673.0,59,17972404.0,2.1134790871605156,South America,0.3598461285424031,3.2828106913243214,14.885600812164437,3.999158594872757,20.998690731896094,6.493491552577863
Ecuador,ECU,2021-03-30,456084.0,388223.0,67861.0,8,17972404.0,2.160106127149156,South America,0.3775844344473895,0.445126873399908,14.885600812164437,3.999158594872757,20.998690731896094,6.493491552577863
Ecuador,ECU,2021-03-31,468665.0,400735.0,67930.0,34,17972404.0,2.2297239701489016,South America,0.37796835637569687,1.8917892119496091,14.885600812164437,3.999158594872757,20.998690731896094,6.493491552577863
Ecuador,ECU,2021-04-01,501924.0,424106.0,77818.0,67,17972404.0,2.359762222126767,South America,0.4329860379279255,3.7279375647242294,14.885600812164437,3.999158594872757,20.998690731896094,6.493491552577863
Ecuador,ECU,2021-04-02,515673.0,430113.0,85560.0,30,17972404.0,2.393185686233183,South America,0.4760631911012016,1.6692257752496549,14.885600812164437,3.999158594872757,20.998690731896094,6.493491552577863
Ecuador,ECU,2021-04-03,523160.0,435892.0,87268.0,33,17972404.0,2.425340538750409,South America,0.4855666498482896,1.8361483527746205,14.885600812164437,3.999158594872757,20.998690731896094,6.493491552577863
Ecuador,ECU,2021-04-04,526160.0,438701.0,87459.0,0,17972404.0,2.440970056092663,South America,0.48662939025853186,0.0,14.885600812164437,3.999158594872757,20.998690731896094,6.493491552577863
Ecuador,ECU,2021-04-05,575435.0,471370.0,104065.0,46,17972404.0,2.6227431789314326,South America,0.5790266010045177,2.559479522049471,14.885600812164437,3.999158594872757,20.998690731896094,6.493491552577863
Ecuador,ECU,2021-04-06,614709.0,503590.0,111119.0,31,17972404.0,2.8020180271932458,South America,0.6182756630665547,1.7248666344246435,14.885600812164437,3.999158594872757,20.998690731896094,6.493491552577863
Ecuador,ECU,2021-04-07,659274.0,543878.0,115396.0,17,17972404.0,3.0261839206374397,South America,0.6420732585356973,0.9458946059748046,14.885600812164437,3.999158594872757,20.998690731896094,6.493491552577863
Ecuador,ECU,2021-04-08,675855.0,553900.0,121955.0,53,17972404.0,3.0819471897026127,South America,0.6785680980685722,2.9489655362743905,14.885600812164437,3.999158594872757,20.998690731896094,6.493491552577863
Ecuador,ECU,2021-04-09,686073.0,560689.0,125384.0,58,17972404.0,3.1197217689965124,South America,0.6976473486796758,3.227169832149333,14.885600812164437,3.999158594872757,20.998690731896094,6.493491552577863
Ecuador,ECU,2021-04-10,689028.0,561873.0,127155.0,43,17972404.0,3.1263096467228317,South America,0.7075013448395663,2.3925569445245056,14.885600812164437,3.999158594872757,20.998690731896094,6.493491552577863
Ecuador,ECU,2021-04-11,689046.0,561882.0,127164.0,117,17972404.0,3.1263597234960887,South America,0.7075514216128237,6.509980523473654,14.885600812164437,3.999158594872757,20.998690731896094,6.493491552577863
Ecuador,ECU,2021-04-12,697927.0,562745.0,135182.0,18,17972404.0,3.1311615296428905,South America,0.7521642624993296,1.001535465149793,14.885600812164437,3.999158594872757,20.998690731896094,6.493491552577863
Ecuador,ECU,2021-04-13,747359.0,603632.0,143727.0,5,17972404.0,3.3586603105516657,South America,0.7997093766643572,0.2782042958749425,14.885600812164437,3.999158594872757,20.998690731896094,6.493491552577863
Ecuador,ECU,2021-04-14,780395.0,632527.0,147868.0,53,17972404.0,3.5194345731377954,South America,0.8227502564487199,2.9489655362743905,14.885600812164437,3.999158594872757,20.998690731896094,6.493491552577863
Ecuador,ECU,2021-04-15,817655.0,661453.0,156202.0,49,17972404.0,3.6803813223873663,South America,0.8691213484851553,2.7264020995744365,14.885600812164437,3.999158594872757,20.998690731896094,6.493491552577863
Ecuador,ECU,2021-04-16,861457.0,690331.0,171126.0,89,17972404.0,3.841060995512899,South America,0.9521597667179083,4.9520364665739764,14.885600812164437,3.999158594872757,20.998690731896094,6.493491552577863
Ecuador,ECU,2021-04-17,907358.0,731470.0,175888.0,39,17972404.0,4.069961926072884,South America,0.9786559438570377,2.1699935078245516,14.885600812164437,3.999158594872757,20.998690731896094,6.493491552577863
Ecuador,ECU,2021-04-18,910226.0,734040.0,176186.0,113,17972404.0,4.084261626880855,South America,0.9803140414604524,6.287417086773701,14.885600812164437,3.999158594872757,20.998690731896094,6.493491552577863
Egypt,EGY,2021-05-09,1300212.0,1064360.0,235852.0,66,104912576.0,1.014520890231501,Africa,0.22480812977082937,0.6290952192423528,2.1040538791078776,0.2771355075677486,6.7162313205294755,1.7302538308583773
Egypt,EGY,2021-05-11,1371976.0,1133956.0,238020.0,68,104912576.0,1.0808580279260325,Africa,0.22687461224858305,0.6481587107345453,2.1040538791078776,0.2771355075677486,6.7162313205294755,1.7302538308583773
Egypt,EGY,2021-05-22,1877993.0,1575449.0,302544.0,52,104912576.0,1.50167793039416,Africa,0.2883772485006945,0.4956507787970052,2.1040538791078776,0.2771355075677486,6.7162313205294755,1.7302538308583773
Egypt,EGY,2021-05-23,1962216.0,1653599.0,308617.0,59,104912576.0,1.576168523399902,Africa,0.2941658776922988,0.562372999019679,2.1040538791078776,0.2771355075677486,6.7162313205294755,1.7302538308583773
Egypt,EGY,2021-05-24,2059987.0,1745841.0,314146.0,51,104912576.0,1.6640912525110432,Africa,0.2994359799153154,0.48611903305090903,2.1040538791078776,0.2771355075677486,6.7162313205294755,1.7302538308583773
Egypt,EGY,2021-05-25,2128164.0,1812826.0,315338.0,45,104912576.0,1.7279396513912688,Africa,0.3005721640082501,0.42892855857433143,2.1040538791078776,0.2771355075677486,6.7162313205294755,1.7302538308583773
Egypt,EGY,2021-05-29,2586274.0,2254371.0,331903.0,46,104912576.0,2.148809118937276,Africa,0.3163615008366585,0.4384603043204277,2.1040538791078776,0.2771355075677486,6.7162313205294755,1.7302538308583773
Egypt,EGY,2021-06-01,2822479.0,2465521.0,356958.0,49,104912576.0,2.350071930366098,Africa,0.3402432898035027,0.4670555415587165,2.1040538791078776,0.2771355075677486,6.7162313205294755,1.7302538308583773
Egypt,EGY,2021-06-09,3340216.0,2820175.0,520041.0,38,104912576.0,2.6881191059497005,Africa,0.4956898589545642,0.36220633835165766,2.1040538791078776,0.2771355075677486,6.7162313205294755,1.7302538308583773
Egypt,EGY,2021-06-12,3506760.0,2931715.0,575045.0,37,104912576.0,2.794436198001658,Africa,0.5481182732563921,0.3526745926055614,2.1040538791078776,0.2771355075677486,6.7162313205294755,1.7302538308583773
Egypt,EGY,2021-06-14,3746978.0,3078964.0,668014.0,41,104912576.0,2.934790200938351,Africa,0.6367339602832743,0.39080157558994644,2.1040538791078776,0.2771355075677486,6.7162313205294755,1.7302538308583773
Egypt,EGY,2021-06-16,3794707.0,3117818.0,676889.0,37,104912576.0,2.971824845860233,Africa,0.6451933846329347,0.3526745926055614,2.1040538791078776,0.2771355075677486,6.7162313205294755,1.7302538308583773
Egypt,EGY,2021-06-20,4010467.0,3315854.0,694613.0,38,104912576.0,3.1605877259176247,Africa,0.6620874507933158,0.36220633835165766,2.1040538791078776,0.2771355075677486,6.7162313205294755,1.7302538308583773
Egypt,EGY,2021-06-23,4138935.0,3418331.0,720604.0,37,104912576.0,3.258266196799896,Africa,0.6868614111619945,0.3526745926055614,2.1040538791078776,0.2771355075677486,6.7162313205294755,1.7302538308583773
Egypt,EGY,2021-06-27,4253397.0,3489503.0,763894.0,31,104912576.0,3.326105537624012,Africa,0.7281243384968452,0.2954841181289839,2.1040538791078776,0.2771355075677486,6.7162313205294755,1.7302538308583773
Egypt,EGY,2021-06-28,4282641.0,3502181.0,780460.0,30,104912576.0,3.338189884880913,Africa,0.7439146284998283,0.2859523723828877,2.1040538791078776,0.2771355075677486,6.7162313205294755,1.7302538308583773
Egypt,EGY,2021-07-04,4442102.0,3560795.0,881307.0,27,104912576.0,3.3940592593970815,Africa,0.8400394248254851,0.25735713514459885,2.1040538791078776,0.2771355075677486,6.7162313205294755,1.7302538308583773
Egypt,EGY,2021-07-06,4497919.0,3568042.0,929877.0,20,104912576.0,3.4009669155392777,Africa,0.8863351139142747,0.19063491492192508,2.1040538791078776,0.2771355075677486,6.7162313205294755,1.7302538308583773
Egypt,EGY,2021-07-07,4529884.0,3576269.0,953615.0,22,104912576.0,3.4088086827645907,Africa,0.908961571966358,0.2096984064141176,2.1040538791078776,0.2771355075677486,6.7162313205294755,1.7302538308583773
Egypt,EGY,2021-07-08,4560082.0,3580443.0,979639.0,26,104912576.0,3.412787233439011,Africa,0.9337669870959988,0.2478253893985026,2.1040538791078776,0.2771355075677486,6.7162313205294755,1.7302538308583773
El Salvador,SLV,2021-04-13,310793.0,308426.0,2367.0,3,6529333.0,4.723698423713418,North America,0.03625178865896409,0.45946500201475404,25.523884183225807,1.1992583534730337,25.330161870977133,2.7121448645862953
El Salvador,SLV,2021-04-14,361474.0,355941.0,5533.0,3,6529333.0,5.451414409404452,North America,0.0847406618715878,0.45946500201475404,25.523884183225807,1.1992583534730337,25.330161870977133,2.7121448645862953
El Salvador,SLV,2021-04-15,410810.0,401179.0,9631.0,3,6529333.0,6.1442570014425675,North America,0.1475035811468032,0.45946500201475404,25.523884183225807,1.1992583534730337,25.330161870977133,2.7121448645862953
El Salvador,SLV,2021-04-16,460565.0,445109.0,15456.0,4,6529333.0,6.817066919392839,North America,0.2367163690380013,0.6126200026863388,25.523884183225807,1.1992583534730337,25.330161870977133,2.7121448645862953
El Salvador,SLV,2021-04-17,502013.0,483638.0,18375.0,4,6529333.0,7.407157821480387,North America,0.28142231373403687,0.6126200026863388,25.523884183225807,1.1992583534730337,25.330161870977133,2.7121448645862953
El Salvador,SLV,2021-04-22,656687.0,632613.0,24074.0,4,6529333.0,9.68878444398532,North America,0.36870534861677295,0.6126200026863388,25.523884183225807,1.1992583534730337,25.330161870977133,2.7121448645862953
El Salvador,SLV,2021-04-23,698569.0,674495.0,24074.0,3,6529333.0,10.33022821779805,North America,0.36870534861677295,0.45946500201475404,25.523884183225807,1.1992583534730337,25.330161870977133,2.7121448645862953
El Salvador,SLV,2021-04-26,745602.0,718089.0,27513.0,5,6529333.0,10.997892127725756,North America,0.4213753533477309,0.7657750033579234,25.523884183225807,1.1992583534730337,25.330161870977133,2.7121448645862953
El Salvador,SLV,2021-04-27,788173.0,747918.0,40255.0,3,6529333.0,11.454738179229029,North America,0.6165254552034641,0.45946500201475404,25.523884183225807,1.1992583534730337,25.330161870977133,2.7121448645862953
El Salvador,SLV,2021-04-28,833959.0,775959.0,58000.0,5,6529333.0,11.884200116612217,North America,0.8882990038951911,0.7657750033579234,25.523884183225807,1.1992583534730337,25.330161870977133,2.7121448645862953
Equatorial Guinea,GNQ,2021-03-16,6565.0,5765.0,800.0,0,1465835.0,0.3932911958030746,Africa,0.0545764018460468,0.0,7.605633595574282,0.16051882895896114,6.7162313205294755,1.7302538308583773
Equatorial Guinea,GNQ,2021-03-29,12155.0,9748.0,2407.0,0,1465835.0,0.6650134564940802,Africa,0.1642067490542933,0.0,7.605633595574282,0.16051882895896114,6.7162313205294755,1.7302538308583773
Equatorial Guinea,GNQ,2021-04-01,14080.0,11090.0,2990.0,0,1465835.0,0.7565653705908236,Africa,0.2039793018995999,0.0,7.605633595574282,0.16051882895896114,6.7162313205294755,1.7302538308583773
Equatorial Guinea,GNQ,2021-04-16,32884.0,27579.0,5305.0,0,1465835.0,1.8814532331401557,Africa,0.3619097647415978,0.0,7.605633595574282,0.16051882895896114,6.7162313205294755,1.7302538308583773
Equatorial Guinea,GNQ,2021-04-20,45441.0,38024.0,7417.0,0,1465835.0,2.594016379742604,Africa,0.5059914656151614,0.0,7.605633595574282,0.16051882895896114,6.7162313205294755,1.7302538308583773
Equatorial Guinea,GNQ,2021-04-22,55799.0,47410.0,8389.0,0,1465835.0,3.234334014401348,Africa,0.5723017938581082,0.0,7.605633595574282,0.16051882895896114,6.7162313205294755,1.7302538308583773
Equatorial Guinea,GNQ,2021-04-28,75518.0,64646.0,10872.0,0,1465835.0,4.410182592174426,Africa,0.741693301087776,0.0,7.605633595574282,0.16051882895896114,6.7162313205294755,1.7302538308583773
Estonia,EST,2020-12-28,509.0,509.0,1.0,9,1324687.0,0.0384241711438249,Europe,7.54895307344301e-05,6.7940577660987085,23.780745717280197,3.1620614695051015,24.78207907735958,3.0760247467090363
Estonia,EST,2020-12-29,876.0,876.0,2.0,0,1324687.0,0.0661288289233607,Europe,0.0001509790614688602,0.0,23.780745717280197,3.1620614695051015,24.78207907735958,3.0760247467090363
Estonia,EST,2020-12-30,1889.0,1889.0,3.0,13,1324687.0,0.1425997235573384,Europe,0.0002264685922032903,9.813638995475912,23.780745717280197,3.1620614695051015,24.78207907735958,3.0760247467090363
Estonia,EST,2020-12-31,2475.0,2475.0,3.0,3,1324687.0,0.1868365885677144,Europe,0.0002264685922032903,2.264685922032903,23.780745717280197,3.1620614695051015,24.78207907735958,3.0760247467090363
Estonia,EST,2021-01-01,2475.0,2475.0,3.0,5,1324687.0,0.1868365885677144,Europe,0.0002264685922032903,3.774476536721505,23.780745717280197,3.1620614695051015,24.78207907735958,3.0760247467090363
Estonia,EST,2021-01-02,2505.0,2505.0,3.0,7,1324687.0,0.1891012744897474,Europe,0.0002264685922032903,5.2842671514101065,23.780745717280197,3.1620614695051015,24.78207907735958,3.0760247467090363
Estonia,EST,2021-01-03,2523.0,2523.0,3.0,3,1324687.0,0.1904600860429671,Europe,0.0002264685922032903,2.264685922032903,23.780745717280197,3.1620614695051015,24.78207907735958,3.0760247467090363
Estonia,EST,2021-01-04,3165.0,3165.0,3.0,7,1324687.0,0.2389243647744712,Europe,0.0002264685922032903,5.2842671514101065,23.780745717280197,3.1620614695051015,24.78207907735958,3.0760247467090363
Estonia,EST,2021-01-05,4977.0,4975.0,9.0,6,1324687.0,0.3755604154037897,Europe,0.0006794057766098708,4.529371844065806,23.780745717280197,3.1620614695051015,24.78207907735958,3.0760247467090363
Estonia,EST,2021-01-06,6589.0,6586.0,10.0,4,1324687.0,0.4971740494169566,Europe,0.0007548953073443009,3.019581229377204,23.780745717280197,3.1620614695051015,24.78207907735958,3.0760247467090363
Estonia,EST,2021-01-07,7931.0,7928.0,10.0,4,1324687.0,0.5984809996625617,Europe,0.0007548953073443009,3.019581229377204,23.780745717280197,3.1620614695051015,24.78207907735958,3.0760247467090363
Estonia,EST,2021-01-08,10146.0,10143.0,12.0,5,1324687.0,0.7656903102393244,Europe,0.0009058743688131612,3.774476536721505,23.780745717280197,3.1620614695051015,24.78207907735958,3.0760247467090363
Estonia,EST,2021-01-09,10697.0,10694.0,12.0,8,1324687.0,0.8072850416739954,Europe,0.0009058743688131612,6.039162458754408,23.780745717280197,3.1620614695051015,24.78207907735958,3.0760247467090363
Estonia,EST,2021-01-10,10920.0,10917.0,12.0,5,1324687.0,0.8241192070277733,Europe,0.0009058743688131612,3.774476536721505,23.780745717280197,3.1620614695051015,24.78207907735958,3.0760247467090363
Estonia,EST,2021-01-11,11769.0,11766.0,12.0,4,1324687.0,0.8882098186213044,Europe,0.0009058743688131612,3.019581229377204,23.780745717280197,3.1620614695051015,24.78207907735958,3.0760247467090363
Estonia,EST,2021-01-12,13349.0,13346.0,14.0,5,1324687.0,1.0074832771817042,Europe,0.0010568534302820213,3.774476536721505,23.780745717280197,3.1620614695051015,24.78207907735958,3.0760247467090363
Estonia,EST,2021-01-13,14744.0,14741.0,17.0,0,1324687.0,1.112791172556234,Europe,0.0012833220224853117,0.0,23.780745717280197,3.1620614695051015,24.78207907735958,3.0760247467090363
Estonia,EST,2021-01-14,16524.0,16521.0,23.0,9,1324687.0,1.2471625372635196,Europe,0.001736259206891892,6.7940577660987085,23.780745717280197,3.1620614695051015,24.78207907735958,3.0760247467090363
Estonia,EST,2021-01-15,17805.0,17802.0,31.0,10,1324687.0,1.3438646261343246,Europe,0.002340175452767333,7.54895307344301,23.780745717280197,3.1620614695051015,24.78207907735958,3.0760247467090363
Estonia,EST,2021-01-16,18025.0,18022.0,33.0,9,1324687.0,1.3604723228958993,Europe,0.0024911545142361933,6.7940577660987085,23.780745717280197,3.1620614695051015,24.78207907735958,3.0760247467090363
Estonia,EST,2021-01-17,18121.0,18052.0,99.0,5,1324687.0,1.362737008817932,Europe,0.007473463542708579,3.774476536721505,23.780745717280197,3.1620614695051015,24.78207907735958,3.0760247467090363
Estonia,EST,2021-01-18,19155.0,18711.0,474.0,8,1324687.0,1.4124846095719217,Europe,0.035782037568119866,6.039162458754408,23.780745717280197,3.1620614695051015,24.78207907735958,3.0760247467090363
Estonia,EST,2021-01-19,20316.0,19469.0,880.0,11,1324687.0,1.4697056738686196,Europe,0.06643078704629848,8.30384838078731,23.780745717280197,3.1620614695051015,24.78207907735958,3.0760247467090363
Estonia,EST,2021-01-20,21798.0,20321.0,1514.0,5,1324687.0,1.534022754054354,Europe,0.11429114953192716,3.774476536721505,23.780745717280197,3.1620614695051015,24.78207907735958,3.0760247467090363
Estonia,EST,2021-01-21,23979.0,21837.0,2195.0,5,1324687.0,1.64846488264775,Europe,0.16569951996207405,3.774476536721505,23.780745717280197,3.1620614695051015,24.78207907735958,3.0760247467090363
Estonia,EST,2021-01-22,25481.0,23070.0,2472.0,4,1324687.0,1.7415434740433025,Europe,0.1866101199755112,3.019581229377204,23.780745717280197,3.1620614695051015,24.78207907735958,3.0760247467090363
Estonia,EST,2021-01-23,25739.0,23325.0,2484.0,10,1324687.0,1.760793304380582,Europe,0.18751599434432437,7.54895307344301,23.780745717280197,3.1620614695051015,24.78207907735958,3.0760247467090363
Estonia,EST,2021-01-24,25900.0,23486.0,2484.0,8,1324687.0,1.7729471188288253,Europe,0.18751599434432437,6.039162458754408,23.780745717280197,3.1620614695051015,24.78207907735958,3.0760247467090363
Estonia,EST,2021-01-25,26962.0,23861.0,3172.0,7,1324687.0,1.8012556928542365,Europe,0.23945279148961224,5.2842671514101065,23.780745717280197,3.1620614695051015,24.78207907735958,3.0760247467090363
Estonia,EST,2021-01-26,29355.0,24604.0,4822.0,9,1324687.0,1.8573444141899185,Europe,0.3640105172014219,6.7940577660987085,23.780745717280197,3.1620614695051015,24.78207907735958,3.0760247467090363
Estonia,EST,2021-01-27,31490.0,25243.0,6319.0,6,1324687.0,1.9055822243292189,Europe,0.47701834471086374,4.529371844065806,23.780745717280197,3.1620614695051015,24.78207907735958,3.0760247467090363
Estonia,EST,2021-01-28,33961.0,26314.0,7721.0,8,1324687.0,1.9864315117457936,Europe,0.5828546668005348,6.039162458754408,23.780745717280197,3.1620614695051015,24.78207907735958,3.0760247467090363
Estonia,EST,2021-01-29,37168.0,27534.0,9714.0,3,1324687.0,2.0785287392417984,Europe,0.733305301554254,2.264685922032903,23.780745717280197,3.1620614695051015,24.78207907735958,3.0760247467090363
Estonia,EST,2021-01-30,37999.0,27800.0,10279.0,2,1324687.0,2.0986089544171564,Europe,0.7759568864192069,1.509790614688602,23.780745717280197,3.1620614695051015,24.78207907735958,3.0760247467090363
Estonia,EST,2021-01-31,38537.0,28085.0,10535.0,8,1324687.0,2.1201234706764693,Europe,0.7952822062872211,6.039162458754408,23.780745717280197,3.1620614695051015,24.78207907735958,3.0760247467090363
Estonia,EST,2021-02-01,40146.0,28805.0,11428.0,3,1324687.0,2.174475932805259,Europe,0.8626943572330671,2.264685922032903,23.780745717280197,3.1620614695051015,24.78207907735958,3.0760247467090363
Estonia,EST,2021-02-02,42915.0,30050.0,12957.0,2,1324687.0,2.268460398569625,Europe,0.9781178497260108,1.509790614688602,23.780745717280197,3.1620614695051015,24.78207907735958,3.0760247467090363
Ethiopia,ETH,2021-09-13,2826786.0,2334572.0,492214.0,22,118866690.0,1.964025413679812,Africa,0.4140890942618155,0.1850812872807344,0.6934805212994614,0.2843931975289334,6.7162313205294755,1.7302538308583773
Ethiopia,ETH,2021-09-14,2846240.0,2339171.0,507069.0,38,118866690.0,1.9678944538625585,Africa,0.4265862875461578,0.31968585984854125,0.6934805212994614,0.2843931975289334,6.7162313205294755,1.7302538308583773
Ethiopia,ETH,2021-09-15,2879482.0,2366290.0,513192.0,34,118866690.0,1.9907090876342224,Africa,0.431737436282612,0.28603471670658953,0.6934805212994614,0.2843931975289334,6.7162313205294755,1.7302538308583773
Ethiopia,ETH,2021-09-16,2917433.0,2398917.0,518516.0,34,118866690.0,2.0181574838165344,Africa,0.43621640343480583,0.28603471670658953,0.6934805212994614,0.2843931975289334,6.7162313205294755,1.7302538308583773
Ethiopia,ETH,2021-09-17,2960109.0,2414898.0,545211.0,24,118866690.0,2.0316019567803227,Africa,0.45867433508916583,0.20190685885171025,0.6934805212994614,0.2843931975289334,6.7162313205294755,1.7302538308583773
Ethiopia,ETH,2021-09-18,2966309.0,2414934.0,551375.0,31,118866690.0,2.0316322428091507,Africa,0.4638599762473406,0.26079635935012574,0.6934805212994614,0.2843931975289334,6.7162313205294755,1.7302538308583773
Ethiopia,ETH,2021-09-19,3018870.0,2442551.0,576319.0,25,118866690.0,2.0548658333129324,Africa,0.48484482911066173,0.21031964463719818,0.6934805212994614,0.2843931975289334,6.7162313205294755,1.7302538308583773
Ethiopia,ETH,2021-09-20,3184627.0,2555907.0,628720.0,15,118866690.0,2.1502298078629094,Africa,0.528928667905197,0.1261917867823189,0.6934805212994614,0.2843931975289334,6.7162313205294755,1.7302538308583773
Ethiopia,ETH,2021-09-21,3225168.0,2584644.0,640524.0,34,118866690.0,2.174405630374666,Africa,0.5388591202463869,0.28603471670658953,0.6934805212994614,0.2843931975289334,6.7162313205294755,1.7302538308583773
Ethiopia,ETH,2021-09-22,3281470.0,2624638.0,656832.0,0,118866690.0,2.2080517258451464,Africa,0.5525786913053606,0.0,0.6934805212994614,0.2843931975289334,6.7162313205294755,1.7302538308583773
Ethiopia,ETH,2021-09-23,3460250.0,2729775.0,730475.0,90,118866690.0,2.296501231758031,Africa,0.6145329696654294,0.7571507206939135,0.6934805212994614,0.2843931975289334,6.7162313205294755,1.7302538308583773
Ethiopia,ETH,2021-09-24,3493470.0,2751057.0,742413.0,37,118866690.0,2.314405322466706,Africa,0.6245761533361449,0.3112730740630533,0.6934805212994614,0.2843931975289334,6.7162313205294755,1.7302538308583773
Ethiopia,ETH,2021-09-25,3506187.0,2760230.0,745957.0,40,118866690.0,2.322122370867734,Africa,0.6275576446185218,0.3365114314195171,0.6934805212994614,0.2843931975289334,6.7162313205294755,1.7302538308583773
Ethiopia,ETH,2021-09-26,3535329.0,2776985.0,758344.0,38,118866690.0,2.3362179934513194,Africa,0.6379785623710057,0.31968585984854125,0.6934805212994614,0.2843931975289334,6.7162313205294755,1.7302538308583773
Ethiopia,ETH,2021-09-27,3559648.0,2785637.0,774011.0,32,118866690.0,2.3434967357129235,Africa,0.6511588738611297,0.26920914513561367,0.6934805212994614,0.2843931975289334,6.7162313205294755,1.7302538308583773
Ethiopia,ETH,2021-09-28,3611020.0,2797751.0,813269.0,0,118866690.0,2.3536879844134635,Africa,0.6841857882977981,0.0,0.6934805212994614,0.2843931975289334,6.7162313205294755,1.7302538308583773
Ethiopia,ETH,2021-09-29,3660632.0,2827455.0,833177.0,87,118866690.0,2.3786773233106766,Africa,0.7009339622395475,0.7319123633374497,0.6934805212994614,0.2843931975289334,6.7162313205294755,1.7302538308583773
Ethiopia,ETH,2021-09-30,3704307.0,2853785.0,850522.0,46,118866690.0,2.4008281882838665,Africa,0.7155259391844763,0.38698814613244464,0.6934805212994614,0.2843931975289334,6.7162313205294755,1.7302538308583773
Ethiopia,ETH,2021-10-01,3715801.0,2856031.0,859770.0,48,118866690.0,2.402717699971287,Africa,0.7233060834788956,0.4038137177034205,0.6934805212994614,0.2843931975289334,6.7162313205294755,1.7302538308583773
Ethiopia,ETH,2021-10-03,3740160.0,2868247.0,871913.0,45,118866690.0,2.412994759086839,Africa,0.7335217292582136,0.37857536034695677,0.6934805212994614,0.2843931975289334,6.7162313205294755,1.7302538308583773
Ethiopia,ETH,2021-10-04,3768872.0,2890113.0,878759.0,47,118866690.0,2.4313901564853873,Africa,0.7392811224069585,0.39540093191793263,0.6934805212994614,0.2843931975289334,6.7162313205294755,1.7302538308583773
Ethiopia,ETH,2021-10-05,3785076.0,2900826.0,884250.0,43,118866690.0,2.4404027738973806,Africa,0.7439005830817701,0.3617497887759809,0.6934805212994614,0.2843931975289334,6.7162313205294755,1.7302538308583773
Ethiopia,ETH,2021-10-06,3823185.0,2924511.0,898674.0,46,118866690.0,2.4603284570303083,Africa,0.7560351852987578,0.38698814613244464,0.6934805212994614,0.2843931975289334,6.7162313205294755,1.7302538308583773
Ethiopia,ETH,2021-10-07,3851109.0,2943541.0,907568.0,32,118866690.0,2.476337988380092,Africa,0.7635175169763707,0.26920914513561367,0.6934805212994614,0.2843931975289334,6.7162313205294755,1.7302538308583773
Ethiopia,ETH,2021-10-08,3871516.0,2954776.0,916740.0,45,118866690.0,2.4857897532100877,Africa,0.7712337240988203,0.37857536034695677,0.6934805212994614,0.2843931975289334,6.7162313205294755,1.7302538308583773
Ethiopia,ETH,2021-10-09,3873996.0,2956130.0,917866.0,33,118866690.0,2.4869288444054427,Africa,0.7721810037782663,0.2776219309211016,0.6934805212994614,0.2843931975289334,6.7162313205294755,1.7302538308583773
Ethiopia,ETH,2021-10-10,3879071.0,2958714.0,920357.0,29,118866690.0,2.489102708252413,Africa,0.7742766287174313,0.2439707877791499,0.6934805212994614,0.2843931975289334,6.7162313205294755,1.7302538308583773
Ethiopia,ETH,2021-10-11,3899358.0,2973677.0,925681.0,40,118866690.0,2.5016907596232385,Africa,0.7787555958696251,0.3365114314195171,0.6934805212994614,0.2843931975289334,6.7162313205294755,1.7302538308583773
Ethiopia,ETH,2021-10-12,3918985.0,2993304.0,925681.0,36,118866690.0,2.518202534284415,Africa,0.7787555958696251,0.3028602882775654,0.6934805212994614,0.2843931975289334,6.7162313205294755,1.7302538308583773
Ethiopia,ETH,2021-10-13,3931371.0,3005299.0,926072.0,40,118866690.0,2.5282936708341084,Africa,0.7790845357938376,0.3365114314195171,0.6934805212994614,0.2843931975289334,6.7162313205294755,1.7302538308583773
Ethiopia,ETH,2021-10-14,3955493.0,3018566.0,936927.0,37,118866690.0,2.539454913735715,Africa,0.7882166147639847,0.3112730740630533,0.6934805212994614,0.2843931975289334,6.7162313205294755,1.7302538308583773
Ethiopia,ETH,2021-10-15,3976651.0,3035218.0,941433.0,38,118866690.0,2.55346388462571,Africa,0.7920074160389257,0.31968585984854125,0.6934805212994614,0.2843931975289334,6.7162313205294755,1.7302538308583773
Ethiopia,ETH,2021-10-16,3985549.0,3040483.0,945066.0,28,118866690.0,2.557893216341769,Africa,0.7950637811147934,0.23555800199366198,0.6934805212994614,0.2843931975289334,6.7162313205294755,1.7302538308583773
Ethiopia,ETH,2021-10-17,4007643.0,3042671.0,964972.0,28,118866690.0,2.559733933871634,Africa,0.8118102724993856,0.23555800199366198,0.6934805212994614,0.2843931975289334,6.7162313205294755,1.7302538308583773
Ethiopia,ETH,2021-10-18,4035770.0,3043537.0,992233.0,20,118866690.0,2.560462481120657,Africa,0.8347443678292044,0.16825571570975856,0.6934805212994614,0.2843931975289334,6.7162313205294755,1.7302538308583773
Ethiopia,ETH,2021-10-19,4048361.0,3046441.0,1001920.0,21,118866690.0,2.5629055541127626,Africa,0.8428938334196066,0.1766685014952465,0.6934805212994614,0.2843931975289334,6.7162313205294755,1.7302538308583773
Ethiopia,ETH,2021-10-20,4102954.0,3077505.0,1025449.0,20,118866690.0,2.5890390318768026,Africa,0.862688277094281,0.16825571570975856,0.6934805212994614,0.2843931975289334,6.7162313205294755,1.7302538308583773
Ethiopia,ETH,2021-10-21,4166755.0,3114045.0,1052710.0,29,118866690.0,2.6197793511369754,Africa,0.8856223724240997,0.2439707877791499,0.6934805212994614,0.2843931975289334,6.7162313205294755,1.7302538308583773
Ethiopia,ETH,2021-10-22,4265144.0,3201732.0,1063412.0,29,118866690.0,2.6935485458541835,Africa,0.8946257357717289,0.2439707877791499,0.6934805212994614,0.2843931975289334,6.7162313205294755,1.7302538308583773
Ethiopia,ETH,2021-10-24,4293855.0,3217099.0,1076756.0,0,118866690.0,2.706476473770743,Africa,0.905851757123884,0.0,0.6934805212994614,0.2843931975289334,6.7162313205294755,1.7302538308583773
Ethiopia,ETH,2021-10-25,4349193.0,3264531.0,1084662.0,25,118866690.0,2.746379999308469,Africa,0.9125029055658906,0.21031964463719818,0.6934805212994614,0.2843931975289334,6.7162313205294755,1.7302538308583773
Fiji,FJI,2021-05-25,109927.0,107014.0,2913.0,0,905023.0,11.824450870309374,Oceania,0.32187027291019127,0.0,24.505796085744883,4.16865347369876,19.18131929371784,1.0644858758359335
Fiji,FJI,2021-06-08,223429.0,218830.0,4599.0,0,905023.0,24.17949599070963,Oceania,0.5081638809179435,0.0,24.505796085744883,4.16865347369876,19.18131929371784,1.0644858758359335
Fiji,FJI,2021-06-15,242539.0,237940.0,4599.0,0,905023.0,26.291044536989663,Oceania,0.5081638809179435,0.0,24.505796085744883,4.16865347369876,19.18131929371784,1.0644858758359335
Finland,FIN,2021-01-25,110651.0,106098.0,4553.0,2,5551100.0,1.9112968600817857,Europe,0.08201977986345048,0.3602889517392949,22.6772394691984,0.3130895257472476,24.78207907735958,3.0760247467090363
Finland,FIN,2021-01-26,117007.0,110047.0,6960.0,5,5551100.0,1.9824359136027092,Europe,0.12538055520527464,0.9007223793482373,22.6772394691984,0.3130895257472476,24.78207907735958,3.0760247467090363
Finland,FIN,2021-01-27,126910.0,117555.0,9355.0,3,5551100.0,2.1176883860856406,Europe,0.16852515717605518,0.5404334276089423,22.6772394691984,0.3130895257472476,24.78207907735958,3.0760247467090363
Finland,FIN,2021-01-28,138323.0,127783.0,10540.0,0,5551100.0,2.301940156005116,Europe,0.1898722775666084,0.0,22.6772394691984,0.3130895257472476,24.78207907735958,3.0760247467090363
Finland,FIN,2021-01-29,151790.0,137551.0,14239.0,1,5551100.0,2.477905280034588,Europe,0.256507719190791,0.18014447586964746,22.6772394691984,0.3130895257472476,24.78207907735958,3.0760247467090363
Finland,FIN,2021-01-30,162277.0,144520.0,17757.0,3,5551100.0,2.603447965268145,Europe,0.319882545801733,0.5404334276089423,22.6772394691984,0.3130895257472476,24.78207907735958,3.0760247467090363
Finland,FIN,2021-02-01,163760.0,145557.0,18203.0,0,5551100.0,2.622128947415827,Europe,0.3279169894255193,0.0,22.6772394691984,0.3130895257472476,24.78207907735958,3.0760247467090363
Finland,FIN,2021-02-02,163973.0,145770.0,18203.0,6,5551100.0,2.625966024751851,Europe,0.3279169894255193,1.0808668552178846,22.6772394691984,0.3130895257472476,24.78207907735958,3.0760247467090363
Finland,FIN,2021-02-03,173372.0,149951.0,23421.0,2,5551100.0,2.7012844301129504,Europe,0.42191637693430134,0.3602889517392949,22.6772394691984,0.3130895257472476,24.78207907735958,3.0760247467090363
Finland,FIN,2021-02-04,193917.0,159624.0,34293.0,3,5551100.0,2.8755381816216605,Europe,0.6177694510997821,0.5404334276089423,22.6772394691984,0.3130895257472476,24.78207907735958,3.0760247467090363
Finland,FIN,2021-02-05,207303.0,164636.0,42667.0,1,5551100.0,2.965826592927528,Europe,0.7686224351930249,0.18014447586964746,22.6772394691984,0.3130895257472476,24.78207907735958,3.0760247467090363
Finland,FIN,2021-02-06,217844.0,169194.0,48650.0,2,5551100.0,3.0479364450289133,Europe,0.8764028751058349,0.3602889517392949,22.6772394691984,0.3130895257472476,24.78207907735958,3.0760247467090363
Finland,FIN,2021-02-07,220116.0,170335.0,49781.0,0,5551100.0,3.06849092972564,Europe,0.8967772153266921,0.0,22.6772394691984,0.3130895257472476,24.78207907735958,3.0760247467090363
Finland,FIN,2021-02-08,220636.0,170641.0,49995.0,2,5551100.0,3.074003350687251,Europe,0.9006323071103025,0.3602889517392949,22.6772394691984,0.3130895257472476,24.78207907735958,3.0760247467090363
Finland,FIN,2021-02-09,227427.0,173558.0,53869.0,5,5551100.0,3.1265514942984276,Europe,0.9704202770622039,0.9007223793482373,22.6772394691984,0.3130895257472476,24.78207907735958,3.0760247467090363
France,FRA,2021-01-16,441453.0,441367.0,86.0,633,65480471.0,0.6740437160264166,Europe,0.00013133686836186624,9.667004380588526,28.698223959143256,2.511085270955751,24.78207907735958,3.0760247467090363
France,FRA,2021-01-17,452337.0,452210.0,127.0,192,65480471.0,0.6906028516502272,Europe,0.000193950956766942,2.93217194482306,28.698223959143256,2.511085270955751,24.78207907735958,3.0760247467090363
France,FRA,2021-01-18,537966.0,537679.0,287.0,141,65480471.0,0.8211287912086033,Europe,0.0004382986188355304,2.153313771979435,28.698223959143256,2.511085270955751,24.78207907735958,3.0760247467090363
France,FRA,2021-01-19,668255.0,667844.0,411.0,401,65480471.0,1.0199132501658394,Europe,0.0006276680569386864,6.123963280593995,28.698223959143256,2.511085270955751,24.78207907735958,3.0760247467090363
France,FRA,2021-01-20,805500.0,804935.0,565.0,656,65480471.0,1.22927490854487,Europe,0.0008628526816797027,10.018254144812124,28.698223959143256,2.511085270955751,24.78207907735958,3.0760247467090363
France,FRA,2021-01-21,963338.0,962644.0,694.0,310,65480471.0,1.4701238175272135,Europe,0.001059857984222502,4.734235952578899,28.698223959143256,2.511085270955751,24.78207907735958,3.0760247467090363
France,FRA,2021-01-22,1084036.0,1083182.0,854.0,346,65480471.0,1.6542061830923604,Europe,0.0013042056462910904,5.284018192233224,28.698223959143256,2.511085270955751,24.78207907735958,3.0760247467090363
France,FRA,2021-01-23,1122376.0,1121472.0,904.0,648,65480471.0,1.7126816329711494,Europe,0.0013805642906875243,9.896080313777828,28.698223959143256,2.511085270955751,24.78207907735958,3.0760247467090363
France,FRA,2021-01-24,1132032.0,1131101.0,931.0,229,65480471.0,1.7273867807090146,Europe,0.0014217979586615985,3.497225913356671,28.698223959143256,2.511085270955751,24.78207907735958,3.0760247467090363
France,FRA,2021-01-25,1211049.0,1208908.0,2141.0,172,65480471.0,1.8462115216000812,Europe,0.003269677153055298,2.626737367237325,28.698223959143256,2.511085270955751,24.78207907735958,3.0760247467090363
France,FRA,2021-01-26,1314169.0,1308924.0,5245.0,445,65480471.0,1.998953245159156,Europe,0.008010021797185912,6.795919351282613,28.698223959143256,2.511085270955751,24.78207907735958,3.0760247467090363
France,FRA,2021-01-27,1426662.0,1415833.0,10829.0,612,65480471.0,2.162221771434723,Europe,0.016537755203379648,9.346298074123505,28.698223959143256,2.511085270955751,24.78207907735958,3.0760247467090363
France,FRA,2021-01-28,1564935.0,1539770.0,25165.0,349,65480471.0,2.3514949976459394,Europe,0.03843130572472517,5.329833378871084,28.698223959143256,2.511085270955751,24.78207907735958,3.0760247467090363
France,FRA,2021-01-29,1674002.0,1631577.0,42425.0,343,65480471.0,2.4917001589680075,Europe,0.06479030977037413,5.238203005595364,28.698223959143256,2.511085270955751,24.78207907735958,3.0760247467090363
France,FRA,2021-01-30,1707183.0,1660540.0,46643.0,819,65480471.0,2.5359316673210857,Europe,0.0712319250116573,12.507545952135867,28.698223959143256,2.511085270955751,24.78207907735958,3.0760247467090363
France,FRA,2021-01-31,1713970.0,1665650.0,48320.0,242,65480471.0,2.5437355207784016,Europe,0.07379299394471368,3.695758388787399,28.698223959143256,2.511085270955751,24.78207907735958,3.0760247467090363
France,FRA,2021-02-01,1787402.0,1717981.0,69421.0,195,65480471.0,2.623654005176597,Europe,0.1060178690528967,2.9779871314609205,28.698223959143256,2.511085270955751,24.78207907735958,3.0760247467090363
France,FRA,2021-02-02,1893693.0,1789747.0,103946.0,453,65480471.0,2.7332530946516864,Europe,0.1587435130086343,6.918093182316908,28.698223959143256,2.511085270955751,24.78207907735958,3.0760247467090363
France,FRA,2021-02-03,2002485.0,1861612.0,140873.0,726,65480471.0,2.843003374242681,Europe,0.21513742624117657,11.087275166362197,28.698223959143256,2.511085270955751,24.78207907735958,3.0760247467090363
France,FRA,2021-02-04,2134027.0,1943157.0,190870.0,353,65480471.0,2.967536687388825,Europe,0.2914914891189466,5.390920294388231,28.698223959143256,2.511085270955751,24.78207907735958,3.0760247467090363
France,FRA,2021-02-05,2247179.0,2011027.0,236152.0,355,65480471.0,3.071185911292544,Europe,0.360644931830133,5.421463752146804,28.698223959143256,2.511085270955751,24.78207907735958,3.0760247467090363
France,FRA,2021-02-06,2279848.0,2033313.0,246535.0,650,65480471.0,3.1052204862729225,Europe,0.37650156792549644,9.926623771536402,28.698223959143256,2.511085270955751,24.78207907735958,3.0760247467090363
France,FRA,2021-02-07,2289933.0,2038364.0,251569.0,191,65480471.0,3.1129342365298505,Europe,0.38418935624332945,2.9169002159437736,28.698223959143256,2.511085270955751,24.78207907735958,3.0760247467090363
France,FRA,2021-02-08,2382293.0,2084794.0,297499.0,171,65480471.0,3.183840873716379,Europe,0.4543324069858935,2.6114656383580384,28.698223959143256,2.511085270955751,24.78207907735958,3.0760247467090363
France,FRA,2021-02-09,2520224.0,2150391.0,369833.0,456,65480471.0,3.284018833645836,Europe,0.5647989306613265,6.963908368954768,28.698223959143256,2.511085270955751,24.78207907735958,3.0760247467090363
France,FRA,2021-02-10,2667192.0,2220713.0,446479.0,721,65480471.0,3.3914126854707565,Europe,0.6818506238295079,11.010916521965763,28.698223959143256,2.511085270955751,24.78207907735958,3.0760247467090363
France,FRA,2021-02-11,2852909.0,2307403.0,545506.0,295,65480471.0,3.5238033031252938,Europe,0.833081973402421,4.5051600193895975,28.698223959143256,2.511085270955751,24.78207907735958,3.0760247467090363
France,FRA,2021-02-12,3005718.0,2386058.0,619660.0,357,65480471.0,3.643923086625324,Europe,0.9463279517338842,5.4520072099053785,28.698223959143256,2.511085270955751,24.78207907735958,3.0760247467090363
France,FRA,2021-02-13,3047258.0,2408127.0,639131.0,644,65480471.0,3.677626265089022,Europe,0.9760635350347433,9.83499339826068,28.698223959143256,2.511085270955751,24.78207907735958,3.0760247467090363
France,FRA,2021-02-14,3059306.0,2412990.0,646316.0,192,65480471.0,3.685052906843019,Europe,0.987036272234511,2.93217194482306,28.698223959143256,2.511085270955751,24.78207907735958,3.0760247467090363
French Polynesia,PYF,2021-02-10,3611.0,3196.0,415.0,0,283028.0,1.1292168972681147,Oceania,0.14662860211710502,0.0,20.153455869003444,10.23727651481796,19.18131929371784,1.0644858758359335
French Polynesia,PYF,2021-02-16,5705.0,4628.0,1077.0,0,283028.0,1.6351739050553302,Oceania,0.38052772163884846,0.0,20.153455869003444,10.23727651481796,19.18131929371784,1.0644858758359335
French Polynesia,PYF,2021-02-17,6155.0,4889.0,1266.0,1,283028.0,1.7273909295193408,Oceania,0.4473055669403734,3.5332193281230126,20.153455869003444,10.23727651481796,19.18131929371784,1.0644858758359335
French Polynesia,PYF,2021-02-23,8045.0,5930.0,2115.0,1,283028.0,2.0951990615769462,Oceania,0.7472758878980172,3.5332193281230126,20.153455869003444,10.23727651481796,19.18131929371784,1.0644858758359335
Gabon,GAB,2021-04-14,4920.0,4853.0,67.0,2,2297130.0,0.211263620256581,Africa,0.002916682991384902,0.8706516392193737,1.4154360549903575,0.20405897794204073,6.7162313205294755,1.7302538308583773
Gabon,GAB,2021-04-16,5762.0,5362.0,400.0,3,2297130.0,0.233421704474714,Africa,0.017413032784387477,1.3059774588290607,1.4154360549903575,0.20405897794204073,6.7162313205294755,1.7302538308583773
Gabon,GAB,2021-04-19,6528.0,5765.0,763.0,0,2297130.0,0.2509653350049844,Africa,0.03321536003621911,0.0,1.4154360549903575,0.20405897794204073,6.7162313205294755,1.7302538308583773
Gabon,GAB,2021-04-21,7700.0,6358.0,1342.0,0,2297130.0,0.2767801561078389,Africa,0.05842072499161998,0.0,1.4154360549903575,0.20405897794204073,6.7162313205294755,1.7302538308583773
Gabon,GAB,2021-04-23,8897.0,6895.0,2002.0,0,2297130.0,0.3001571526208791,Africa,0.0871522290858593,0.0,1.4154360549903575,0.20405897794204073,6.7162313205294755,1.7302538308583773
Gabon,GAB,2021-04-30,10678.0,8035.0,2643.0,0,2297130.0,0.3497842960563834,Africa,0.11505661412284024,0.0,1.4154360549903575,0.20405897794204073,6.7162313205294755,1.7302538308583773
Gabon,GAB,2021-05-05,12364.0,8515.0,3849.0,0,2297130.0,0.3706799353976484,Africa,0.16755690796776848,0.0,1.4154360549903575,0.20405897794204073,6.7162313205294755,1.7302538308583773
Gabon,GAB,2021-05-17,17272.0,10670.0,6602.0,0,2297130.0,0.4644926495235358,Africa,0.2874021061063153,0.0,1.4154360549903575,0.20405897794204073,6.7162313205294755,1.7302538308583773
Gabon,GAB,2021-05-29,22524.0,14352.0,8172.0,0,2297130.0,0.6247796163038226,Africa,0.3557482597850361,0.0,1.4154360549903575,0.20405897794204073,6.7162313205294755,1.7302538308583773
Gabon,GAB,2021-06-05,23371.0,14352.0,9019.0,2,2297130.0,0.6247796163038226,Africa,0.3926203567059766,0.8706516392193737,1.4154360549903575,0.20405897794204073,6.7162313205294755,1.7302538308583773
Gabon,GAB,2021-06-09,29728.0,19755.0,9973.0,0,2297130.0,0.8599861566389364,Africa,0.43415043989674074,0.0,1.4154360549903575,0.20405897794204073,6.7162313205294755,1.7302538308583773
Gabon,GAB,2021-06-11,32105.0,22132.0,9973.0,0,2297130.0,0.9634631039601592,Africa,0.43415043989674074,0.0,1.4154360549903575,0.20405897794204073,6.7162313205294755,1.7302538308583773
Gabon,GAB,2021-06-12,33591.0,23260.0,10331.0,0,2297130.0,1.0125678564121317,Africa,0.4497351042387675,0.0,1.4154360549903575,0.20405897794204073,6.7162313205294755,1.7302538308583773
Gabon,GAB,2021-06-23,49346.0,37888.0,11458.0,2,2297130.0,1.6493624653371817,Africa,0.49879632410877917,0.8706516392193737,1.4154360549903575,0.20405897794204073,6.7162313205294755,1.7302538308583773
Gabon,GAB,2021-06-30,56768.0,38496.0,18272.0,0,2297130.0,1.6758302751694505,Africa,0.7954273375908198,0.0,1.4154360549903575,0.20405897794204073,6.7162313205294755,1.7302538308583773
Gabon,GAB,2021-07-05,64161.0,42022.0,22139.0,0,2297130.0,1.829326159163826,Africa,0.9637678320338858,0.0,1.4154360549903575,0.20405897794204073,6.7162313205294755,1.7302538308583773
Gambia,GMB,2021-06-08,40810.0,30421.0,10389.0,0,2510854.0,1.2115798051180993,Africa,0.41376360393714645,0.0,4.845750262090678,0.7111979771481279,6.7162313205294755,1.7302538308583773
Gambia,GMB,2021-06-23,41077.0,30688.0,10389.0,0,2510854.0,1.2222136372724182,Africa,0.41376360393714645,0.0,4.845750262090678,0.7111979771481279,6.7162313205294755,1.7302538308583773
Gambia,GMB,2021-06-30,42975.0,31150.0,11825.0,0,2510854.0,1.2406137513371944,Africa,0.47095530046749035,0.0,4.845750262090678,0.7111979771481279,6.7162313205294755,1.7302538308583773
Gambia,GMB,2021-07-15,43557.0,31254.0,12303.0,3,2510854.0,1.244755768356105,Africa,0.48999264791979147,1.194812601608855,4.845750262090678,0.7111979771481279,6.7162313205294755,1.7302538308583773
Georgia,GEO,2021-04-26,38553.0,35666.0,2887.0,18,3976403.0,0.8969412808510607,Asia,0.0726033050473003,4.526704159513007,6.438004186110881,7.935468776363838,23.2444639828785,1.6257203533003144
Georgia,GEO,2021-04-27,40095.0,36473.0,3622.0,17,3976403.0,0.917236004499544,Asia,0.09108734703197839,4.275220595095618,6.438004186110881,7.935468776363838,23.2444639828785,1.6257203533003144
Georgia,GEO,2021-04-28,41801.0,37404.0,4397.0,17,3976403.0,0.9406491243468028,Asia,0.11057732327432607,4.275220595095618,6.438004186110881,7.935468776363838,23.2444639828785,1.6257203533003144
Georgia,GEO,2021-04-29,43568.0,38350.0,5218.0,18,3976403.0,0.9644394695406878,Asia,0.13122412391299373,4.526704159513007,6.438004186110881,7.935468776363838,23.2444639828785,1.6257203533003144
Georgia,GEO,2021-04-30,45338.0,39274.0,6064.0,15,3976403.0,0.9876765508928546,Asia,0.15249963346270484,3.7722534662608393,6.438004186110881,7.935468776363838,23.2444639828785,1.6257203533003144
Georgia,GEO,2021-05-05,47949.0,40940.0,7009.0,24,3976403.0,1.0295737127247917,Asia,0.17626483030014814,6.035605546017343,6.438004186110881,7.935468776363838,23.2444639828785,1.6257203533003144
Georgia,GEO,2021-05-06,51600.0,43727.0,7873.0,20,3976403.0,1.0996621821279182,Asia,0.1979930102658106,5.029671288347785,6.438004186110881,7.935468776363838,23.2444639828785,1.6257203533003144
Georgia,GEO,2021-05-07,54687.0,45987.0,8700.0,18,3976403.0,1.156497467686248,Asia,0.21879070104312867,4.526704159513007,6.438004186110881,7.935468776363838,23.2444639828785,1.6257203533003144
Georgia,GEO,2021-05-08,58533.0,49021.0,9512.0,18,3976403.0,1.232797581130484,Asia,0.23921116647382068,4.526704159513007,6.438004186110881,7.935468776363838,23.2444639828785,1.6257203533003144
Georgia,GEO,2021-05-10,62447.0,51595.0,10852.0,24,3976403.0,1.29752945061152,Asia,0.27290996410575086,6.035605546017343,6.438004186110881,7.935468776363838,23.2444639828785,1.6257203533003144
Georgia,GEO,2021-05-11,67136.0,55632.0,11504.0,31,3976403.0,1.3990533655668205,Asia,0.28930669250576463,7.795990496939067,6.438004186110881,7.935468776363838,23.2444639828785,1.6257203533003144
Georgia,GEO,2021-05-12,71570.0,59195.0,12375.0,27,3976403.0,1.488656959568736,Asia,0.31121091096651926,6.790056239269511,6.438004186110881,7.935468776363838,23.2444639828785,1.6257203533003144
Georgia,GEO,2021-05-13,77343.0,64259.0,13084.0,16,3976403.0,1.6160082365897015,Asia,0.32904109568371215,4.0237370306782285,6.438004186110881,7.935468776363838,23.2444639828785,1.6257203533003144
Georgia,GEO,2021-05-14,81076.0,67569.0,13507.0,18,3976403.0,1.6992492964118575,Asia,0.3396788504585677,4.526704159513007,6.438004186110881,7.935468776363838,23.2444639828785,1.6257203533003144
Georgia,GEO,2021-05-15,85286.0,71338.0,13948.0,29,3976403.0,1.794033451840772,Asia,0.3507692756493746,7.29302336810429,6.438004186110881,7.935468776363838,23.2444639828785,1.6257203533003144
Georgia,GEO,2021-05-17,89260.0,74617.0,14643.0,27,3976403.0,1.8764949126132335,Asia,0.36824738337638313,6.790056239269511,6.438004186110881,7.935468776363838,23.2444639828785,1.6257203533003144
Georgia,GEO,2021-05-18,93305.0,78228.0,15077.0,30,3976403.0,1.9673056277243528,Asia,0.37916177007209784,7.544506932521679,6.438004186110881,7.935468776363838,23.2444639828785,1.6257203533003144
Georgia,GEO,2021-05-19,97153.0,81640.0,15513.0,20,3976403.0,2.053111819903566,Asia,0.39012645348069597,5.029671288347785,6.438004186110881,7.935468776363838,23.2444639828785,1.6257203533003144
Georgia,GEO,2021-05-20,101415.0,85541.0,15874.0,21,3976403.0,2.15121555838279,Asia,0.3992050101561637,5.281154852765176,6.438004186110881,7.935468776363838,23.2444639828785,1.6257203533003144
Georgia,GEO,2021-05-21,105500.0,89353.0,16147.0,29,3976403.0,2.247081093138698,Asia,0.4060705114647584,7.29302336810429,6.438004186110881,7.935468776363838,23.2444639828785,1.6257203533003144
Georgia,GEO,2021-05-22,109395.0,93072.0,16323.0,33,3976403.0,2.3406078307455256,Asia,0.4104966221985046,8.298957625773847,6.438004186110881,7.935468776363838,23.2444639828785,1.6257203533003144
Georgia,GEO,2021-05-24,113000.0,96445.0,16555.0,17,3976403.0,2.425433237023511,Asia,0.41633104089298795,4.275220595095618,6.438004186110881,7.935468776363838,23.2444639828785,1.6257203533003144
Georgia,GEO,2021-05-25,117354.0,100490.0,16864.0,15,3976403.0,2.5271583388303447,Asia,0.4241018830334853,3.7722534662608393,6.438004186110881,7.935468776363838,23.2444639828785,1.6257203533003144
Georgia,GEO,2021-05-26,121263.0,103745.0,17518.0,28,3976403.0,2.609016239048205,Asia,0.44054890814638253,7.0415398036868995,6.438004186110881,7.935468776363838,23.2444639828785,1.6257203533003144
Georgia,GEO,2021-05-27,125601.0,106209.0,19392.0,17,3976403.0,2.67098178932065,Asia,0.4876769281182013,4.275220595095618,6.438004186110881,7.935468776363838,23.2444639828785,1.6257203533003144
Georgia,GEO,2021-05-28,130037.0,108979.0,21058.0,28,3976403.0,2.7406427366642667,Asia,0.5295740899501383,7.0415398036868995,6.438004186110881,7.935468776363838,23.2444639828785,1.6257203533003144
Georgia,GEO,2021-05-29,134602.0,109995.0,24607.0,12,3976403.0,2.7661934668090735,Asia,0.6188256069618698,3.0178027730086714,6.438004186110881,7.935468776363838,23.2444639828785,1.6257203533003144
Georgia,GEO,2021-05-31,138914.0,112813.0,26101.0,16,3976403.0,2.8370615352618938,Asia,0.6563972514858278,4.0237370306782285,6.438004186110881,7.935468776363838,23.2444639828785,1.6257203533003144
Georgia,GEO,2021-06-01,143970.0,113248.0,30722.0,31,3976403.0,2.84800107031405,Asia,0.7726078066031034,7.795990496939067,6.438004186110881,7.935468776363838,23.2444639828785,1.6257203533003144
Georgia,GEO,2021-06-02,149191.0,115473.0,33718.0,30,3976403.0,2.903956163396919,Asia,0.8479522825025532,7.544506932521679,6.438004186110881,7.935468776363838,23.2444639828785,1.6257203533003144
Georgia,GEO,2021-06-03,155538.0,117758.0,37780.0,19,3976403.0,2.9614201578662924,Asia,0.9501049063688967,4.7781877239303965,6.438004186110881,7.935468776363838,23.2444639828785,1.6257203533003144
Germany,DEU,2020-12-27,24354.0,24343.0,11.0,356,83943932.0,0.0289991181256555,Europe,1.3103984693021051e-05,4.240925955195904,27.155397265071468,2.5828571089349475,24.78207907735958,3.0760247467090363
Germany,DEU,2020-12-28,42458.0,42382.0,76.0,348,83943932.0,0.0504884617508743,Europe,9.053662151541817e-05,4.145624248337569,27.155397265071468,2.5828571089349475,24.78207907735958,3.0760247467090363
Germany,DEU,2020-12-29,93065.0,92335.0,729.0,852,83943932.0,0.1099960387845544,Europe,0.000868436803746577,10.149631780412669,27.155397265071468,2.5828571089349475,24.78207907735958,3.0760247467090363
Germany,DEU,2020-12-30,157066.0,156304.0,761.0,1129,83943932.0,0.1862004748598147,Europe,0.0009065574864899109,13.449453380382515,27.155397265071468,2.5828571089349475,24.78207907735958,3.0760247467090363
Germany,DEU,2020-12-31,207061.0,206212.0,848.0,964,83943932.0,0.2456544446833869,Europe,0.00101019809269835,11.483855676429359,27.155397265071468,2.5828571089349475,24.78207907735958,3.0760247467090363
Germany,DEU,2021-01-01,232561.0,231704.0,856.0,553,83943932.0,0.2760223335737954,Europe,0.0010197282633841835,6.587730486582402,27.155397265071468,2.5828571089349475,24.78207907735958,3.0760247467090363
Germany,DEU,2021-01-02,280646.0,279711.0,934.0,336,83943932.0,0.3332116965881465,Europe,0.0011126474275710602,4.002671688050067,27.155397265071468,2.5828571089349475,24.78207907735958,3.0760247467090363
Germany,DEU,2021-01-03,303205.0,302266.0,938.0,312,83943932.0,0.3600808215655183,Europe,0.0011174125129139768,3.716766567475062,27.155397265071468,2.5828571089349475,24.78207907735958,3.0760247467090363
Germany,DEU,2021-01-04,349390.0,348352.0,1054.0,302,83943932.0,0.4149817523439335,Europe,0.0012555999878585626,3.597639433902143,27.155397265071468,2.5828571089349475,24.78207907735958,3.0760247467090363
Germany,DEU,2021-01-05,402085.0,400960.0,1141.0,944,83943932.0,0.4776521547739746,Europe,0.0013592405940670018,11.24560140928352,27.155397265071468,2.5828571089349475,24.78207907735958,3.0760247467090363
Germany,DEU,2021-01-06,465238.0,464025.0,1229.0,1019,83943932.0,0.5527796815617357,Europe,0.0014640724716111701,12.13905491108041,27.155397265071468,2.5828571089349475,24.78207907735958,3.0760247467090363
Germany,DEU,2021-01-07,520028.0,518795.0,1250.0,1070,83943932.0,0.6180256126196233,Europe,0.001489089169661483,12.746603292302296,27.155397265071468,2.5828571089349475,24.78207907735958,3.0760247467090363
Germany,DEU,2021-01-08,582846.0,581509.0,1354.0,1188,83943932.0,0.6927350031685435,Europe,0.0016129813885773186,14.152303468462735,27.155397265071468,2.5828571089349475,24.78207907735958,3.0760247467090363
Germany,DEU,2021-01-09,643573.0,642092.0,1498.0,1083,83943932.0,0.7649057945010248,Europe,0.0017845244609223214,12.90146856594709,27.155397265071468,2.5828571089349475,24.78207907735958,3.0760247467090363
Germany,DEU,2021-01-10,679553.0,677958.0,1612.0,465,83943932.0,0.8076319322282878,Europe,0.0019203293931954486,5.539411711140717,27.155397265071468,2.5828571089349475,24.78207907735958,3.0760247467090363
Germany,DEU,2021-01-11,747809.0,746160.0,1666.0,343,83943932.0,0.8888790198676898,Europe,0.001984658045324825,4.08606068155111,27.155397265071468,2.5828571089349475,24.78207907735958,3.0760247467090363
Germany,DEU,2021-01-12,826935.0,825222.0,1730.0,891,83943932.0,0.9830633142131108,Europe,0.0020608994108114926,10.614227601347052,27.155397265071468,2.5828571089349475,24.78207907735958,3.0760247467090363
Germany,DEU,2021-01-13,939068.0,937155.0,1930.0,1060,83943932.0,1.1164058886352857,Europe,0.00229915367795733,12.627476158729376,27.155397265071468,2.5828571089349475,24.78207907735958,3.0760247467090363
Germany,DEU,2021-01-14,1023157.0,1021031.0,2143.0,1244,83943932.0,1.216324963190907,Europe,0.0025528944724676466,14.81941541647108,27.155397265071468,2.5828571089349475,24.78207907735958,3.0760247467090363
Germany,DEU,2021-01-15,1114951.0,1111906.0,3064.0,1113,83943932.0,1.3245817458252969,Europe,0.0036500553726742276,13.258849966665846,27.155397265071468,2.5828571089349475,24.78207907735958,3.0760247467090363
Germany,DEU,2021-01-16,1173013.0,1168747.0,4286.0,980,83943932.0,1.3922947998194797,Europe,0.005105788944935293,11.674459090146028,27.155397265071468,2.5828571089349475,24.78207907735958,3.0760247467090363
Germany,DEU,2021-01-17,1220650.0,1199535.0,21136.0,445,83943932.0,1.42897166170391,Europe,0.025178710951972084,5.30115744399488,27.155397265071468,2.5828571089349475,24.78207907735958,3.0760247467090363
Germany,DEU,2021-01-18,1303417.0,1266892.0,36546.0,214,83943932.0,1.5092121250646204,Europe,0.043536202235558846,2.549320658460459,27.155397265071468,2.5828571089349475,24.78207907735958,3.0760247467090363
Germany,DEU,2021-01-19,1422659.0,1350522.0,72158.0,989,83943932.0,1.6088381468716522,Europe,0.08595975704354664,11.781673510361655,27.155397265071468,2.5828571089349475,24.78207907735958,3.0760247467090363
Germany,DEU,2021-01-20,1554680.0,1429522.0,125179.0,1148,83943932.0,1.702948582394258,Europe,0.14912215453524383,13.67579493417106,27.155397265071468,2.5828571089349475,24.78207907735958,3.0760247467090363
Germany,DEU,2021-01-21,1659713.0,1494128.0,165605.0,1013,83943932.0,1.779911858310378,Europe,0.19728048955343194,12.067578630936659,27.155397265071468,2.5828571089349475,24.78207907735958,3.0760247467090363
Germany,DEU,2021-01-22,1761669.0,1562862.0,198827.0,859,83943932.0,1.861792702300388,Europe,0.23685690586902697,10.233020773913712,27.155397265071468,2.5828571089349475,24.78207907735958,3.0760247467090363
Germany,DEU,2021-01-23,1848244.0,1603353.0,244911.0,879,83943932.0,1.9100284699553984,Europe,0.29175545410477083,10.471275041059549,27.155397265071468,2.5828571089349475,24.78207907735958,3.0760247467090363
Germany,DEU,2021-01-24,1895795.0,1629035.0,266780.0,349,83943932.0,1.9406227003995955,Europe,0.3178073669458324,4.157536961694861,27.155397265071468,2.5828571089349475,24.78207907735958,3.0760247467090363
Germany,DEU,2021-01-25,1986309.0,1681304.0,305025.0,217,83943932.0,2.002889261846824,Europe,0.3633675391807951,2.5850587985323346,27.155397265071468,2.5828571089349475,24.78207907735958,3.0760247467090363
Germany,DEU,2021-01-26,2084160.0,1731971.0,352205.0,903,83943932.0,2.063247406614215,Europe,0.4195717208004981,10.757180161634553,27.155397265071468,2.5828571089349475,24.78207907735958,3.0760247467090363
Germany,DEU,2021-01-27,2193074.0,1782907.0,410184.0,982,83943932.0,2.123926003370917,Europe,0.4886404415747407,11.698284516860612,27.155397265071468,2.5828571089349475,24.78207907735958,3.0760247467090363
Germany,DEU,2021-01-28,2285223.0,1829719.0,455521.0,941,83943932.0,2.1796917971390712,Europe,0.5426491101226947,11.209863269211644,27.155397265071468,2.5828571089349475,24.78207907735958,3.0760247467090363
Germany,DEU,2021-01-29,2392503.0,1879540.0,512980.0,839,83943932.0,2.239042126356435,Europe,0.6110983698023581,9.994766506767874,27.155397265071468,2.5828571089349475,24.78207907735958,3.0760247467090363
Germany,DEU,2021-01-30,2480159.0,1914144.0,566034.0,794,83943932.0,2.2802648796580076,Europe,0.6743000792481344,9.45869440568974,27.155397265071468,2.5828571089349475,24.78207907735958,3.0760247467090363
Germany,DEU,2021-01-31,2537044.0,1939901.0,597162.0,399,83943932.0,2.3109484554523845,Europe,0.7113819733867125,4.7531726295594545,27.155397265071468,2.5828571089349475,24.78207907735958,3.0760247467090363
Germany,DEU,2021-02-01,2656635.0,1998156.0,658497.0,175,83943932.0,2.3803459671152885,Europe,0.7844486007636622,2.0847248375260765,27.155397265071468,2.5828571089349475,24.78207907735958,3.0760247467090363
Germany,DEU,2021-02-02,2788843.0,2063679.0,725182.0,861,83943932.0,2.4584016388462717,Europe,0.8638885297867629,10.256846200628296,27.155397265071468,2.5828571089349475,24.78207907735958,3.0760247467090363
Germany,DEU,2021-02-03,2951220.0,2128258.0,822980.0,975,83943932.0,2.5353327504363268,Europe,0.9803924838784058,11.614895523359568,27.155397265071468,2.5828571089349475,24.78207907735958,3.0760247467090363
Greece,GRC,2021-01-16,80391.0,80389.0,2.0,34,10353311.0,0.7764569228143537,Europe,1.9317491766643542e-05,3.2839736003294018,29.671697860622228,3.391131007487764,24.78207907735958,3.0760247467090363
Greece,GRC,2021-01-18,85898.0,85475.0,423.0,28,10353311.0,0.8255813043769282,Europe,0.004085649508645109,2.7044488473300956,29.671697860622228,3.391131007487764,24.78207907735958,3.0760247467090363
Greece,GRC,2021-01-19,94454.0,93382.0,1072.0,19,10353311.0,0.9019530080763536,Europe,0.010354175586920937,1.8351617178311364,29.671697860622228,3.391131007487764,24.78207907735958,3.0760247467090363
Greece,GRC,2021-01-20,109831.0,108167.0,1664.0,30,10353311.0,1.0447575659612658,Europe,0.016072153149847425,2.8976237649965313,29.671697860622228,3.391131007487764,24.78207907735958,3.0760247467090363
Greece,GRC,2021-01-21,125928.0,123667.0,2261.0,27,10353311.0,1.1944681271527533,Europe,0.021838424442190522,2.6078613884968775,29.671697860622228,3.391131007487764,24.78207907735958,3.0760247467090363
Greece,GRC,2021-01-22,143877.0,141298.0,2579.0,25,10353311.0,1.3647614758215991,Europe,0.024909905633086843,2.4146864708304427,29.671697860622228,3.391131007487764,24.78207907735958,3.0760247467090363
Greece,GRC,2021-01-23,160101.0,156966.0,3135.0,28,10353311.0,1.516094706321485,Europe,0.03028016834421375,2.7044488473300956,29.671697860622228,3.391131007487764,24.78207907735958,3.0760247467090363
Greece,GRC,2021-01-25,179951.0,171890.0,8061.0,24,10353311.0,1.6602418298841792,Europe,0.0778591505654568,2.3180990119972247,29.671697860622228,3.391131007487764,24.78207907735958,3.0760247467090363
Greece,GRC,2021-01-26,197755.0,184610.0,13145.0,25,10353311.0,1.7831010775200318,Europe,0.12696421463626467,2.4146864708304427,29.671697860622228,3.391131007487764,24.78207907735958,3.0760247467090363
Greece,GRC,2021-01-27,216040.0,198161.0,17879.0,21,10353311.0,1.913986742984925,Europe,0.1726887176479099,2.028336635497572,29.671697860622228,3.391131007487764,24.78207907735958,3.0760247467090363
Greece,GRC,2021-01-28,234285.0,210488.0,23797.0,32,10353311.0,2.033050103488633,Europe,0.22984917578540817,3.0907986826629665,29.671697860622228,3.391131007487764,24.78207907735958,3.0760247467090363
Greece,GRC,2021-01-29,253363.0,220621.0,32742.0,18,10353311.0,2.1309221755243324,Europe,0.3162466577117214,1.7385742589979187,29.671697860622228,3.391131007487764,24.78207907735958,3.0760247467090363
Greece,GRC,2021-01-30,271287.0,232399.0,38888.0,22,10353311.0,2.244682884538096,Europe,0.37560930991061703,2.1249240943307894,29.671697860622228,3.391131007487764,24.78207907735958,3.0760247467090363
Greece,GRC,2021-02-01,293817.0,247251.0,46566.0,17,10353311.0,2.388134578397191,Europe,0.4497691608027616,1.6419868001647009,29.671697860622228,3.391131007487764,24.78207907735958,3.0760247467090363
Greece,GRC,2021-02-02,315628.0,261543.0,54085.0,33,10353311.0,2.526177374561626,Europe,0.522393271099458,3.187386141496184,29.671697860622228,3.391131007487764,24.78207907735958,3.0760247467090363
Greece,GRC,2021-02-03,338122.0,276103.0,62019.0,22,10353311.0,2.666808714622791,Europe,0.5990257609377329,2.1249240943307894,29.671697860622228,3.391131007487764,24.78207907735958,3.0760247467090363
Greece,GRC,2021-02-04,359723.0,291259.0,68464.0,27,10353311.0,2.8131966672304154,Europe,0.6612763781557417,2.6078613884968775,29.671697860622228,3.391131007487764,24.78207907735958,3.0760247467090363
Greece,GRC,2021-02-05,380136.0,306441.0,73695.0,25,10353311.0,2.9598357472310064,Europe,0.7118012778713979,2.4146864708304427,29.671697860622228,3.391131007487764,24.78207907735958,3.0760247467090363
Greece,GRC,2021-02-06,397857.0,318097.0,79760.0,19,10353311.0,3.072418089247005,Europe,0.7703815716537444,1.8351617178311364,29.671697860622228,3.391131007487764,24.78207907735958,3.0760247467090363
Greece,GRC,2021-02-08,417565.0,332812.0,84753.0,21,10353311.0,3.214546534920085,Europe,0.81860768984917,2.028336635497572,29.671697860622228,3.391131007487764,24.78207907735958,3.0760247467090363
Greece,GRC,2021-02-09,437872.0,345290.0,92582.0,25,10353311.0,3.335068366052174,Europe,0.8942260113696963,2.4146864708304427,29.671697860622228,3.391131007487764,24.78207907735958,3.0760247467090363
Grenada,GRD,2021-04-03,10373.0,10371.0,2.0,0,113146.0,9.16603326675269,North America,0.0017676276669082425,0.0,10.517090013492892,6.874107593532055,25.330161870977133,2.7121448645862953
Grenada,GRD,2021-04-08,10717.0,10712.0,5.0,0,113146.0,9.467413783960549,North America,0.0044190691672706065,0.0,10.517090013492892,6.874107593532055,25.330161870977133,2.7121448645862953
Grenada,GRD,2021-04-09,10878.0,10858.0,20.0,0,113146.0,9.596450603644849,North America,0.017676276669082426,0.0,10.517090013492892,6.874107593532055,25.330161870977133,2.7121448645862953
Grenada,GRD,2021-04-11,10911.0,10891.0,20.0,0,113146.0,9.625616460148834,North America,0.017676276669082426,0.0,10.517090013492892,6.874107593532055,25.330161870977133,2.7121448645862953
Grenada,GRD,2021-04-16,11497.0,11388.0,109.0,0,113146.0,10.064871935375534,North America,0.09633570784649922,0.0,10.517090013492892,6.874107593532055,25.330161870977133,2.7121448645862953
Grenada,GRD,2021-04-19,11731.0,11537.0,194.0,0,113146.0,10.196560196560196,North America,0.1714598836900995,0.0,10.517090013492892,6.874107593532055,25.330161870977133,2.7121448645862953
Grenada,GRD,2021-04-22,12764.0,11779.0,985.0,0,113146.0,10.410443144256094,North America,0.8705566259523093,0.0,10.517090013492892,6.874107593532055,25.330161870977133,2.7121448645862953
Guatemala,GTM,2021-03-27,93601.0,93231.0,370.0,10,18363426.0,0.5076993802790394,North America,0.0020148745664343897,0.5445606936309162,4.192549254169433,1.9864393775058788,25.330161870977133,2.7121448645862953
Guatemala,GTM,2021-03-28,94272.0,93902.0,370.0,19,18363426.0,0.5113533825333029,North America,0.0020148745664343897,1.0346653178987406,4.192549254169433,1.9864393775058788,25.330161870977133,2.7121448645862953
Guatemala,GTM,2021-03-29,98920.0,98402.0,518.0,8,18363426.0,0.5358586137466941,North America,0.002820824393008146,0.4356485549047329,4.192549254169433,1.9864393775058788,25.330161870977133,2.7121448645862953
Guatemala,GTM,2021-03-30,104919.0,103959.0,960.0,7,18363426.0,0.5661198514917641,North America,0.005227782658856795,0.3811924855416413,4.192549254169433,1.9864393775058788,25.330161870977133,2.7121448645862953
Guatemala,GTM,2021-03-31,108165.0,106973.0,1192.0,14,18363426.0,0.5825329107978,North America,0.00649116346808052,0.7623849710832826,4.192549254169433,1.9864393775058788,25.330161870977133,2.7121448645862953
Guatemala,GTM,2021-04-01,110438.0,109246.0,1192.0,17,18363426.0,0.5949107753640307,North America,0.00649116346808052,0.9257531791725574,4.192549254169433,1.9864393775058788,25.330161870977133,2.7121448645862953
Guatemala,GTM,2021-04-02,112751.0,111559.0,1192.0,0,18363426.0,0.6075064642077138,North America,0.00649116346808052,0.0,4.192549254169433,1.9864393775058788,25.330161870977133,2.7121448645862953
Guatemala,GTM,2021-04-03,114511.0,113319.0,1192.0,20,18363426.0,0.617090732415618,North America,0.00649116346808052,1.0891213872618324,4.192549254169433,1.9864393775058788,25.330161870977133,2.7121448645862953
Guatemala,GTM,2021-04-04,116221.0,115029.0,1192.0,15,18363426.0,0.6264027202767065,North America,0.00649116346808052,0.8168410404463743,4.192549254169433,1.9864393775058788,25.330161870977133,2.7121448645862953
Guatemala,GTM,2021-04-05,119558.0,118325.0,1233.0,16,18363426.0,0.6443514407387816,North America,0.006714433352469196,0.8712971098094658,4.192549254169433,1.9864393775058788,25.330161870977133,2.7121448645862953
Guatemala,GTM,2021-04-06,123473.0,121848.0,1625.0,3,18363426.0,0.6635363139753987,North America,0.008849111271502386,0.16336820808927482,4.192549254169433,1.9864393775058788,25.330161870977133,2.7121448645862953
Guatemala,GTM,2021-04-07,127945.0,126320.0,1625.0,9,18363426.0,0.6878890681945733,North America,0.008849111271502386,0.49010462426782453,4.192549254169433,1.9864393775058788,25.330161870977133,2.7121448645862953
Guatemala,GTM,2021-04-08,132611.0,130985.0,1626.0,25,18363426.0,0.7132928245524555,North America,0.008854556878438696,1.3614017340772904,4.192549254169433,1.9864393775058788,25.330161870977133,2.7121448645862953
Guatemala,GTM,2021-04-09,137716.0,136077.0,1639.0,27,18363426.0,0.7410218550721418,North America,0.008925349768610716,1.4703138728034737,4.192549254169433,1.9864393775058788,25.330161870977133,2.7121448645862953
Guatemala,GTM,2021-04-10,139010.0,137371.0,1639.0,22,18363426.0,0.7480684704477258,North America,0.008925349768610716,1.1980335259880157,4.192549254169433,1.9864393775058788,25.330161870977133,2.7121448645862953
Guatemala,GTM,2021-04-11,139490.0,137851.0,1639.0,24,18363426.0,0.7506823617771542,North America,0.008925349768610716,1.3069456647141986,4.192549254169433,1.9864393775058788,25.330161870977133,2.7121448645862953
Guatemala,GTM,2021-04-12,143488.0,141766.0,1722.0,15,18363426.0,0.7720019129328045,North America,0.009377335144324376,0.8168410404463743,4.192549254169433,1.9864393775058788,25.330161870977133,2.7121448645862953
Guatemala,GTM,2021-04-13,147614.0,145795.0,1819.0,4,18363426.0,0.7939422632791941,North America,0.009905559017146365,0.21782427745236646,4.192549254169433,1.9864393775058788,25.330161870977133,2.7121448645862953
Guatemala,GTM,2021-04-14,150898.0,149078.0,1820.0,37,18363426.0,0.8118201908510971,North America,0.009911004624082674,2.0148745664343894,4.192549254169433,1.9864393775058788,25.330161870977133,2.7121448645862953
Guatemala,GTM,2021-04-15,154556.0,152733.0,1823.0,63,18363426.0,0.8317238842033071,North America,0.009927341444891602,3.4307323698747716,4.192549254169433,1.9864393775058788,25.330161870977133,2.7121448645862953
Guatemala,GTM,2021-04-16,157745.0,155919.0,1826.0,0,18363426.0,0.8490735879023881,North America,0.009943678265700528,0.0,4.192549254169433,1.9864393775058788,25.330161870977133,2.7121448645862953
Guatemala,GTM,2021-04-17,157799.0,155973.0,1826.0,40,18363426.0,0.8493676506769487,North America,0.009943678265700528,2.1782427745236648,4.192549254169433,1.9864393775058788,25.330161870977133,2.7121448645862953
Guatemala,GTM,2021-04-18,157800.0,155974.0,1826.0,30,18363426.0,0.8493730962838851,North America,0.009943678265700528,1.6336820808927486,4.192549254169433,1.9864393775058788,25.330161870977133,2.7121448645862953
Guatemala,GTM,2021-04-19,158918.0,157092.0,1826.0,31,18363426.0,0.8554612848386788,North America,0.009943678265700528,1.6881381502558401,4.192549254169433,1.9864393775058788,25.330161870977133,2.7121448645862953
Guatemala,GTM,2021-04-20,160370.0,158543.0,1827.0,20,18363426.0,0.8633628605032634,North America,0.009949123872636838,1.0891213872618324,4.192549254169433,1.9864393775058788,25.330161870977133,2.7121448645862953
Guatemala,GTM,2021-04-21,162110.0,160282.0,1828.0,38,18363426.0,0.872832770965505,North America,0.009954569479573147,2.069330635797481,4.192549254169433,1.9864393775058788,25.330161870977133,2.7121448645862953
Guatemala,GTM,2021-04-22,163438.0,161608.0,1830.0,30,18363426.0,0.8800536457630509,North America,0.009965460693445765,1.6336820808927486,4.192549254169433,1.9864393775058788,25.330161870977133,2.7121448645862953
Guatemala,GTM,2021-04-23,165271.0,163431.0,1840.0,36,18363426.0,0.8899809872079426,North America,0.010019916762808856,1.9604184970712981,4.192549254169433,1.9864393775058788,25.330161870977133,2.7121448645862953
Guatemala,GTM,2021-04-26,166209.0,164368.0,1841.0,15,18363426.0,0.8950835209072642,North America,0.010025362369745166,0.8168410404463743,4.192549254169433,1.9864393775058788,25.330161870977133,2.7121448645862953
Guatemala,GTM,2021-04-27,167447.0,165549.0,1898.0,18,18363426.0,0.9015147826990452,North America,0.010335761965114789,0.9802092485356491,4.192549254169433,1.9864393775058788,25.330161870977133,2.7121448645862953
Guatemala,GTM,2021-04-28,168367.0,166469.0,1898.0,25,18363426.0,0.9065247410804498,North America,0.010335761965114789,1.3614017340772904,4.192549254169433,1.9864393775058788,25.330161870977133,2.7121448645862953
Guatemala,GTM,2021-04-29,170109.0,168211.0,1898.0,25,18363426.0,0.9160109883635004,North America,0.010335761965114789,1.3614017340772904,4.192549254169433,1.9864393775058788,25.330161870977133,2.7121448645862953
Guatemala,GTM,2021-04-30,170833.0,168935.0,1898.0,22,18363426.0,0.9199536077853884,North America,0.010335761965114789,1.1980335259880157,4.192549254169433,1.9864393775058788,25.330161870977133,2.7121448645862953
Guatemala,GTM,2021-05-01,171267.0,169369.0,1898.0,24,18363426.0,0.9223170011957464,North America,0.010335761965114789,1.3069456647141986,4.192549254169433,1.9864393775058788,25.330161870977133,2.7121448645862953
Guatemala,GTM,2021-05-02,171695.0,169797.0,1898.0,19,18363426.0,0.9246477209644868,North America,0.010335761965114789,1.0346653178987406,4.192549254169433,1.9864393775058788,25.330161870977133,2.7121448645862953
Guatemala,GTM,2021-05-03,172490.0,170591.0,1899.0,15,18363426.0,0.928971532871916,North America,0.010341207572051097,0.8168410404463743,4.192549254169433,1.9864393775058788,25.330161870977133,2.7121448645862953
Guatemala,GTM,2021-05-04,176102.0,174152.0,1950.0,20,18363426.0,0.9483633391721132,North America,0.010618933525802865,1.0891213872618324,4.192549254169433,1.9864393775058788,25.330161870977133,2.7121448645862953
Guatemala,GTM,2021-05-05,182332.0,180072.0,2260.0,28,18363426.0,0.9806013322350632,North America,0.012307071676058705,1.5247699421665653,4.192549254169433,1.9864393775058788,25.330161870977133,2.7121448645862953
Guatemala,GTM,2021-05-06,191128.0,188671.0,2457.0,36,18363426.0,1.0274281062803858,North America,0.01337985624251161,1.9604184970712981,4.192549254169433,1.9864393775058788,25.330161870977133,2.7121448645862953
Guatemala,GTM,2021-05-07,204328.0,201836.0,2492.0,35,18363426.0,1.099119521596896,North America,0.01357045248528243,1.9059624277082066,4.192549254169433,1.9864393775058788,25.330161870977133,2.7121448645862953
Guatemala,GTM,2021-05-08,206951.0,204459.0,2492.0,18,18363426.0,1.1134033485908348,North America,0.01357045248528243,0.9802092485356491,4.192549254169433,1.9864393775058788,25.330161870977133,2.7121448645862953
Guatemala,GTM,2021-05-10,217348.0,214830.0,2518.0,16,18363426.0,1.1698797381272972,North America,0.013712038265626468,0.8712971098094658,4.192549254169433,1.9864393775058788,25.330161870977133,2.7121448645862953
Guatemala,GTM,2021-05-11,232949.0,230431.0,2518.0,3,18363426.0,1.2548366519406564,North America,0.013712038265626468,0.16336820808927482,4.192549254169433,1.9864393775058788,25.330161870977133,2.7121448645862953
Guatemala,GTM,2021-05-12,245772.0,243251.0,2521.0,40,18363426.0,1.3246493328641398,North America,0.013728375086435396,2.1782427745236648,4.192549254169433,1.9864393775058788,25.330161870977133,2.7121448645862953
Guatemala,GTM,2021-05-13,259768.0,257247.0,2521.0,39,18363426.0,1.400866047544723,North America,0.013728375086435396,2.123786705160573,4.192549254169433,1.9864393775058788,25.330161870977133,2.7121448645862953
Guatemala,GTM,2021-05-14,274434.0,271912.0,2522.0,17,18363426.0,1.4807258732656967,North America,0.013733820693371705,0.9257531791725574,4.192549254169433,1.9864393775058788,25.330161870977133,2.7121448645862953
Guatemala,GTM,2021-05-15,276843.0,274321.0,2522.0,13,18363426.0,1.4938443403752657,North America,0.013733820693371705,0.707928901720191,4.192549254169433,1.9864393775058788,25.330161870977133,2.7121448645862953
Guatemala,GTM,2021-05-16,279902.0,277380.0,2522.0,0,18363426.0,1.5105024519934351,North America,0.013733820693371705,0.0,4.192549254169433,1.9864393775058788,25.330161870977133,2.7121448645862953
Guatemala,GTM,2021-05-17,293643.0,291108.0,2535.0,42,18363426.0,1.5852597440150873,North America,0.013804613583543722,2.287154913249848,4.192549254169433,1.9864393775058788,25.330161870977133,2.7121448645862953
Guatemala,GTM,2021-05-18,308299.0,305764.0,2535.0,6,18363426.0,1.6650705592736343,North America,0.013804613583543722,0.32673641617854965,4.192549254169433,1.9864393775058788,25.330161870977133,2.7121448645862953
Guatemala,GTM,2021-05-19,323720.0,321185.0,2535.0,20,18363426.0,1.7490472638384582,North America,0.013804613583543722,1.0891213872618324,4.192549254169433,1.9864393775058788,25.330161870977133,2.7121448645862953
Guatemala,GTM,2021-05-20,337356.0,334821.0,2535.0,15,18363426.0,1.8233035600219696,North America,0.013804613583543722,0.8168410404463743,4.192549254169433,1.9864393775058788,25.330161870977133,2.7121448645862953
Guatemala,GTM,2021-05-21,350418.0,347883.0,2535.0,24,18363426.0,1.89443407782404,North America,0.013804613583543722,1.3069456647141986,4.192549254169433,1.9864393775058788,25.330161870977133,2.7121448645862953
Guatemala,GTM,2021-05-22,352111.0,349576.0,2535.0,25,18363426.0,1.903653490367211,North America,0.013804613583543722,1.3614017340772904,4.192549254169433,1.9864393775058788,25.330161870977133,2.7121448645862953
Guatemala,GTM,2021-05-23,352941.0,350406.0,2535.0,19,18363426.0,1.908173344124348,North America,0.013804613583543722,1.0346653178987406,4.192549254169433,1.9864393775058788,25.330161870977133,2.7121448645862953
Guatemala,GTM,2021-05-24,363400.0,360865.0,2535.0,4,18363426.0,1.9651289470712057,North America,0.013804613583543722,0.21782427745236646,4.192549254169433,1.9864393775058788,25.330161870977133,2.7121448645862953
Guatemala,GTM,2021-05-25,409532.0,374708.0,34824.0,9,18363426.0,2.0405124838905335,North America,0.18963781595003026,0.49010462426782453,4.192549254169433,1.9864393775058788,25.330161870977133,2.7121448645862953
Guatemala,GTM,2021-05-26,429959.0,385620.0,44339.0,13,18363426.0,2.099934946779539,North America,0.24145276594901194,0.707928901720191,4.192549254169433,1.9864393775058788,25.330161870977133,2.7121448645862953
Guatemala,GTM,2021-05-27,452100.0,397545.0,54555.0,36,18363426.0,2.1648738094950257,North America,0.2970850864103463,1.9604184970712981,4.192549254169433,1.9864393775058788,25.330161870977133,2.7121448645862953
Guatemala,GTM,2021-05-28,478753.0,414035.0,64718.0,12,18363426.0,2.2546718678747637,North America,0.3524287897040563,0.6534728323570993,4.192549254169433,1.9864393775058788,25.330161870977133,2.7121448645862953
Guatemala,GTM,2021-05-29,485004.0,418060.0,66944.0,24,18363426.0,2.276590435793408,North America,0.3645507107442805,1.3069456647141986,4.192549254169433,1.9864393775058788,25.330161870977133,2.7121448645862953
Guatemala,GTM,2021-05-30,488129.0,419903.0,68226.0,27,18363426.0,2.2866266893770257,North America,0.37153197883662886,1.4703138728034737,4.192549254169433,1.9864393775058788,25.330161870977133,2.7121448645862953
Guatemala,GTM,2021-05-31,514240.0,436067.0,78173.0,16,18363426.0,2.374649479895527,North America,0.42569943103209607,0.8712971098094658,4.192549254169433,1.9864393775058788,25.330161870977133,2.7121448645862953
Guatemala,GTM,2021-06-01,540944.0,452036.0,88908.0,28,18363426.0,2.461610377061448,North America,0.48415802149337495,1.5247699421665653,4.192549254169433,1.9864393775058788,25.330161870977133,2.7121448645862953
Guatemala,GTM,2021-06-02,561976.0,464587.0,97389.0,18,18363426.0,2.529958189719064,North America,0.530342213920213,0.9802092485356491,4.192549254169433,1.9864393775058788,25.330161870977133,2.7121448645862953
Guatemala,GTM,2021-06-03,580186.0,476769.0,103417.0,31,18363426.0,2.5962965734171823,North America,0.5631683325322845,1.6881381502558401,4.192549254169433,1.9864393775058788,25.330161870977133,2.7121448645862953
Guatemala,GTM,2021-06-04,594780.0,485681.0,109099.0,24,18363426.0,2.64482782243357,North America,0.5941102711443932,1.3069456647141986,4.192549254169433,1.9864393775058788,25.330161870977133,2.7121448645862953
Guatemala,GTM,2021-06-05,595590.0,486162.0,109428.0,20,18363426.0,2.6474471593699347,North America,0.5959018758264389,1.0891213872618324,4.192549254169433,1.9864393775058788,25.330161870977133,2.7121448645862953
Guatemala,GTM,2021-06-06,596858.0,486822.0,110036.0,22,18363426.0,2.651041259947899,North America,0.5992128048437149,1.1980335259880157,4.192549254169433,1.9864393775058788,25.330161870977133,2.7121448645862953
Guatemala,GTM,2021-06-07,607689.0,492410.0,115279.0,14,18363426.0,2.6814713115079942,North America,0.6277641220107839,0.7623849710832826,4.192549254169433,1.9864393775058788,25.330161870977133,2.7121448645862953
Guatemala,GTM,2021-06-08,620011.0,499403.0,120608.0,11,18363426.0,2.719552440813604,North America,0.6567837613743753,0.5990167629940079,4.192549254169433,1.9864393775058788,25.330161870977133,2.7121448645862953
Guatemala,GTM,2021-06-09,632992.0,507540.0,125452.0,26,18363426.0,2.763863344454352,North America,0.6831622813738569,1.415857803440382,4.192549254169433,1.9864393775058788,25.330161870977133,2.7121448645862953
Guatemala,GTM,2021-06-10,647339.0,517630.0,129709.0,30,18363426.0,2.8188095184417112,North America,0.7063442301017251,1.6336820808927486,4.192549254169433,1.9864393775058788,25.330161870977133,2.7121448645862953
Guatemala,GTM,2021-06-11,661648.0,528318.0,133330.0,27,18363426.0,2.877012165376984,North America,0.7260627728181005,1.4703138728034737,4.192549254169433,1.9864393775058788,25.330161870977133,2.7121448645862953
Guatemala,GTM,2021-06-12,664722.0,531121.0,133601.0,28,18363426.0,2.8922762016194583,North America,0.7275385322978403,1.5247699421665653,4.192549254169433,1.9864393775058788,25.330161870977133,2.7121448645862953
Guatemala,GTM,2021-06-13,667044.0,533175.0,133869.0,0,18363426.0,2.9034614782666375,North America,0.7289979549567711,0.0,4.192549254169433,1.9864393775058788,25.330161870977133,2.7121448645862953
Guatemala,GTM,2021-06-14,683752.0,547657.0,136095.0,39,18363426.0,2.9823247579182666,North America,0.7411198759969954,2.123786705160573,4.192549254169433,1.9864393775058788,25.330161870977133,2.7121448645862953
Guatemala,GTM,2021-06-15,712099.0,573680.0,138419.0,10,18363426.0,3.12403578722184,North America,0.7537754665169778,0.5445606936309162,4.192549254169433,1.9864393775058788,25.330161870977133,2.7121448645862953
Guatemala,GTM,2021-06-16,745323.0,604173.0,141150.0,35,18363426.0,3.290088679530715,North America,0.7686474190600381,1.9059624277082066,4.192549254169433,1.9864393775058788,25.330161870977133,2.7121448645862953
Guatemala,GTM,2021-06-17,775390.0,631298.0,144092.0,27,18363426.0,3.437800767678101,North America,0.7846683946666597,1.4703138728034737,4.192549254169433,1.9864393775058788,25.330161870977133,2.7121448645862953
Guatemala,GTM,2021-06-18,805585.0,658434.0,147151.0,22,18363426.0,3.585572757501786,North America,0.8013265062848295,1.1980335259880157,4.192549254169433,1.9864393775058788,25.330161870977133,2.7121448645862953
Guatemala,GTM,2021-06-19,808754.0,661474.0,147280.0,0,18363426.0,3.602127402588166,North America,0.8020289895796133,0.0,4.192549254169433,1.9864393775058788,25.330161870977133,2.7121448645862953
Guatemala,GTM,2021-06-20,813278.0,665871.0,147407.0,46,18363426.0,3.6260717362871175,North America,0.8027205816605246,2.504979190702214,4.192549254169433,1.9864393775058788,25.330161870977133,2.7121448645862953
Guatemala,GTM,2021-06-21,836639.0,686920.0,149719.0,99,18363426.0,3.7406963166894895,North America,0.8153108248972714,5.39115086694607,4.192549254169433,1.9864393775058788,25.330161870977133,2.7121448645862953
Guatemala,GTM,2021-06-22,859739.0,707948.0,151791.0,41,18363426.0,3.8552065393461983,North America,0.8265941224693039,2.232698843886756,4.192549254169433,1.9864393775058788,25.330161870977133,2.7121448645862953
Guatemala,GTM,2021-06-23,880570.0,727397.0,153173.0,50,18363426.0,3.961118148650475,North America,0.8341199512552833,2.7228034681545807,4.192549254169433,1.9864393775058788,25.330161870977133,2.7121448645862953
Guatemala,GTM,2021-06-24,900370.0,745182.0,155188.0,0,18363426.0,4.057968268012734,North America,0.8450928492319462,0.0,4.192549254169433,1.9864393775058788,25.330161870977133,2.7121448645862953
Guatemala,GTM,2021-06-25,918047.0,760474.0,157573.0,109,18363426.0,4.1412424892827735,North America,0.8580806217750435,5.935711560576986,4.192549254169433,1.9864393775058788,25.330161870977133,2.7121448645862953
Guatemala,GTM,2021-06-26,920215.0,762497.0,157718.0,66,18363426.0,4.152258952114927,North America,0.8588702347808083,3.5941005779640465,4.192549254169433,1.9864393775058788,25.330161870977133,2.7121448645862953
Guatemala,GTM,2021-06-27,922560.0,764745.0,157815.0,0,18363426.0,4.16450067650775,North America,0.8593984586536303,0.0,4.192549254169433,1.9864393775058788,25.330161870977133,2.7121448645862953
Guatemala,GTM,2021-06-28,925387.0,767392.0,157995.0,90,18363426.0,4.17891519806816,North America,0.8603786679021661,4.9010462426782455,4.192549254169433,1.9864393775058788,25.330161870977133,2.7121448645862953
Guatemala,GTM,2021-06-29,938005.0,778519.0,159486.0,39,18363426.0,4.239508466448473,North America,0.868498067844203,2.123786705160573,4.192549254169433,1.9864393775058788,25.330161870977133,2.7121448645862953
Guatemala,GTM,2021-06-30,948878.0,788440.0,160438.0,58,18363426.0,4.2935343328635955,North America,0.8736822856475692,3.1584520230593136,4.192549254169433,1.9864393775058788,25.330161870977133,2.7121448645862953
Guatemala,GTM,2021-07-01,957886.0,796497.0,161389.0,68,18363426.0,4.3374095879494385,North America,0.8788610578439993,3.7030127166902296,4.192549254169433,1.9864393775058788,25.330161870977133,2.7121448645862953
Guatemala,GTM,2021-07-03,968734.0,805372.0,163362.0,0,18363426.0,4.3857393495091825,North America,0.8896052403293373,0.0,4.192549254169433,1.9864393775058788,25.330161870977133,2.7121448645862953
Guatemala,GTM,2021-07-04,970183.0,806729.0,163454.0,0,18363426.0,4.393129038121754,North America,0.8901062361674776,0.0,4.192549254169433,1.9864393775058788,25.330161870977133,2.7121448645862953
Guatemala,GTM,2021-07-05,980255.0,813743.0,166512.0,179,18363426.0,4.431324525173026,North America,0.9067589021787111,9.7476364159934,4.192549254169433,1.9864393775058788,25.330161870977133,2.7121448645862953
Guatemala,GTM,2021-07-06,992483.0,822074.0,170409.0,37,18363426.0,4.476691876559418,North America,0.927980432409508,2.0148745664343894,4.192549254169433,1.9864393775058788,25.330161870977133,2.7121448645862953
Guatemala,GTM,2021-07-07,1002959.0,827180.0,175779.0,50,18363426.0,4.504497145576212,North America,0.9572233416574881,2.7228034681545807,4.192549254169433,1.9864393775058788,25.330161870977133,2.7121448645862953
Guatemala,GTM,2021-07-08,1014644.0,833152.0,181492.0,25,18363426.0,4.5370183101998505,North America,0.9883340940846222,1.3614017340772904,4.192549254169433,1.9864393775058788,25.330161870977133,2.7121448645862953
Guinea,GIN,2021-03-31,62645.0,59993.0,2652.0,2,13620149.0,0.4404724206761614,Africa,0.019471152628359644,0.1468412717070863,1.8849843945783327,0.10758667432004344,6.7162313205294755,1.7302538308583773
Guinea,GIN,2021-04-07,82135.0,72576.0,9559.0,0,13620149.0,0.5328576067706748,Africa,0.07018278581240191,0.0,1.8849843945783327,0.10758667432004344,6.7162313205294755,1.7302538308583773
Guinea,GIN,2021-04-15,106024.0,80992.0,25032.0,0,13620149.0,0.5946484139050168,Africa,0.18378653566858924,0.0,1.8849843945783327,0.10758667432004344,6.7162313205294755,1.7302538308583773
Guinea,GIN,2021-04-16,109296.0,81429.0,27867.0,0,13620149.0,0.5978568956918165,Africa,0.20460128593306873,0.0,1.8849843945783327,0.10758667432004344,6.7162313205294755,1.7302538308583773
Guinea,GIN,2021-04-19,112506.0,82738.0,29768.0,0,13620149.0,0.6074676569250455,Africa,0.21855854880882727,0.0,1.8849843945783327,0.10758667432004344,6.7162313205294755,1.7302538308583773
Guinea,GIN,2021-04-20,114297.0,83035.0,31262.0,0,13620149.0,0.6096482498098956,Africa,0.22952759180534665,0.0,1.8849843945783327,0.10758667432004344,6.7162313205294755,1.7302538308583773
Guinea,GIN,2021-04-21,116113.0,83324.0,32789.0,1,13620149.0,0.611770106186063,Africa,0.24073892290018267,0.07342063585354315,1.8849843945783327,0.10758667432004344,6.7162313205294755,1.7302538308583773
Guinea,GIN,2021-04-22,124501.0,87288.0,37213.0,0,13620149.0,0.6408740462384075,Africa,0.27322021220179016,0.0,1.8849843945783327,0.10758667432004344,6.7162313205294755,1.7302538308583773
Guinea,GIN,2021-04-24,129345.0,89827.0,39518.0,0,13620149.0,0.6595155456816221,Africa,0.29014366876603187,0.0,1.8849843945783327,0.10758667432004344,6.7162313205294755,1.7302538308583773
Guinea,GIN,2021-04-25,129424.0,89874.0,39550.0,0,13620149.0,0.6598606226701338,Africa,0.2903786148007632,0.0,1.8849843945783327,0.10758667432004344,6.7162313205294755,1.7302538308583773
Guinea,GIN,2021-04-26,132340.0,91038.0,41302.0,1,13620149.0,0.6684067846834862,Africa,0.30324191020230395,0.07342063585354315,1.8849843945783327,0.10758667432004344,6.7162313205294755,1.7302538308583773
Guinea,GIN,2021-04-27,135454.0,91696.0,43758.0,1,13620149.0,0.6732378625226494,Africa,0.3212740183679342,0.07342063585354315,1.8849843945783327,0.10758667432004344,6.7162313205294755,1.7302538308583773
Guinea,GIN,2021-04-28,138610.0,93182.0,45428.0,0,13620149.0,0.6841481690104858,Africa,0.3335352645554759,0.0,1.8849843945783327,0.10758667432004344,6.7162313205294755,1.7302538308583773
Guinea,GIN,2021-04-29,141294.0,94417.0,46877.0,0,13620149.0,0.6932156175383984,Africa,0.3441739146906543,0.0,1.8849843945783327,0.10758667432004344,6.7162313205294755,1.7302538308583773
Guinea,GIN,2021-04-30,143534.0,95312.0,48222.0,3,13620149.0,0.6997867644472905,Africa,0.3540489902129558,0.22026190756062947,1.8849843945783327,0.10758667432004344,6.7162313205294755,1.7302538308583773
Guinea,GIN,2021-05-03,145763.0,95911.0,49852.0,2,13620149.0,0.7041846605349178,Africa,0.36601655385708337,0.1468412717070863,1.8849843945783327,0.10758667432004344,6.7162313205294755,1.7302538308583773
Guinea,GIN,2021-05-04,147216.0,96670.0,50546.0,0,13620149.0,0.7097572867962018,Africa,0.37111194598531927,0.0,1.8849843945783327,0.10758667432004344,6.7162313205294755,1.7302538308583773
Guinea,GIN,2021-05-05,150799.0,97511.0,53288.0,0,13620149.0,0.7159319622714847,Africa,0.3912438843363608,0.0,1.8849843945783327,0.10758667432004344,6.7162313205294755,1.7302538308583773
Guinea,GIN,2021-05-06,169529.0,114620.0,54909.0,2,13620149.0,0.8415473281533118,Africa,0.40314536940822016,0.1468412717070863,1.8849843945783327,0.10758667432004344,6.7162313205294755,1.7302538308583773
Guinea,GIN,2021-05-07,173623.0,116436.0,57187.0,1,13620149.0,0.8548805156243152,Africa,0.41987059025565726,0.07342063585354315,1.8849843945783327,0.10758667432004344,6.7162313205294755,1.7302538308583773
Guinea,GIN,2021-05-11,202784.0,143098.0,59686.0,0,13620149.0,1.050634614937032,Africa,0.43821840715545773,0.0,1.8849843945783327,0.10758667432004344,6.7162313205294755,1.7302538308583773
Guinea,GIN,2021-05-12,204717.0,143908.0,60809.0,1,13620149.0,1.0565816864411688,Africa,0.44646354456181053,0.07342063585354315,1.8849843945783327,0.10758667432004344,6.7162313205294755,1.7302538308583773
Guinea,GIN,2021-05-17,224773.0,157907.0,66866.0,0,13620149.0,1.159363234572544,Africa,0.4909344236983017,0.0,1.8849843945783327,0.10758667432004344,6.7162313205294755,1.7302538308583773
Guinea,GIN,2021-05-19,234856.0,162714.0,72142.0,1,13620149.0,1.194656534227342,Africa,0.529671151174631,0.07342063585354315,1.8849843945783327,0.10758667432004344,6.7162313205294755,1.7302538308583773
Guinea,GIN,2021-05-20,236717.0,164102.0,72615.0,0,13620149.0,1.204847318483814,Africa,0.5331439472505036,0.0,1.8849843945783327,0.10758667432004344,6.7162313205294755,1.7302538308583773
Guinea,GIN,2021-05-23,261378.0,184220.0,77158.0,3,13620149.0,1.352554953693972,Africa,0.5664989421187683,0.22026190756062947,1.8849843945783327,0.10758667432004344,6.7162313205294755,1.7302538308583773
Guinea,GIN,2021-05-24,273924.0,194721.0,79203.0,0,13620149.0,1.4296539634037777,Africa,0.5815134621508179,0.0,1.8849843945783327,0.10758667432004344,6.7162313205294755,1.7302538308583773
Guinea,GIN,2021-05-25,285924.0,206331.0,79593.0,1,13620149.0,1.5148953216297414,Africa,0.5843768669491061,0.07342063585354315,1.8849843945783327,0.10758667432004344,6.7162313205294755,1.7302538308583773
Guinea,GIN,2021-05-26,302356.0,218711.0,83645.0,1,13620149.0,1.605790068816428,Africa,0.6141269085969617,0.07342063585354315,1.8849843945783327,0.10758667432004344,6.7162313205294755,1.7302538308583773
Guinea,GIN,2021-05-29,339177.0,252098.0,87079.0,0,13620149.0,1.850919545740652,Africa,0.6393395549490685,0.0,1.8849843945783327,0.10758667432004344,6.7162313205294755,1.7302538308583773
Guinea,GIN,2021-05-31,352700.0,264950.0,87750.0,0,13620149.0,1.945279746939626,Africa,0.6442660796148412,0.0,1.8849843945783327,0.10758667432004344,6.7162313205294755,1.7302538308583773
Guinea,GIN,2021-06-02,365261.0,274699.0,90562.0,1,13620149.0,2.016857524833245,Africa,0.6649119624168576,0.07342063585354315,1.8849843945783327,0.10758667432004344,6.7162313205294755,1.7302538308583773
Guinea,GIN,2021-06-03,369859.0,279179.0,90680.0,0,13620149.0,2.0497499696956325,Africa,0.6657783259199294,0.0,1.8849843945783327,0.10758667432004344,6.7162313205294755,1.7302538308583773
Guinea,GIN,2021-06-07,375664.0,282758.0,92906.0,0,13620149.0,2.0760272152676156,Africa,0.682121759460928,0.0,1.8849843945783327,0.10758667432004344,6.7162313205294755,1.7302538308583773
Guinea,GIN,2021-06-08,384974.0,289337.0,95637.0,0,13620149.0,2.124330651595662,Africa,0.7021729351125306,0.0,1.8849843945783327,0.10758667432004344,6.7162313205294755,1.7302538308583773
Guinea,GIN,2021-06-10,401551.0,303926.0,97625.0,1,13620149.0,2.2314440172423957,Africa,0.7167689575202151,0.07342063585354315,1.8849843945783327,0.10758667432004344,6.7162313205294755,1.7302538308583773
Guinea,GIN,2021-06-11,403274.0,304716.0,98558.0,2,13620149.0,2.2372442474748255,Africa,0.7236191028453507,0.1468412717070863,1.8849843945783327,0.10758667432004344,6.7162313205294755,1.7302538308583773
Guinea,GIN,2021-06-15,441446.0,331202.0,110244.0,0,13620149.0,2.43170614359652,Africa,0.8094184579038013,0.0,1.8849843945783327,0.10758667432004344,6.7162313205294755,1.7302538308583773
Guinea,GIN,2021-06-17,452651.0,336515.0,116136.0,0,13620149.0,2.470714527425508,Africa,0.8526778965487088,0.0,1.8849843945783327,0.10758667432004344,6.7162313205294755,1.7302538308583773
Guinea,GIN,2021-06-21,474743.0,348418.0,126325.0,0,13620149.0,2.55810711028198,Africa,0.927486182419884,0.0,1.8849843945783327,0.10758667432004344,6.7162313205294755,1.7302538308583773
Guinea-Bissau,GNB,2021-06-28,22883.0,21855.0,1028.0,0,2031682.0,1.0757096829129755,Africa,0.050598469642394825,0.0,0.29885090284798504,0.2461015060427764,6.7162313205294755,1.7302538308583773
Guinea-Bissau,GNB,2021-07-19,25225.0,24000.0,1225.0,1,2031682.0,1.181287229005327,Africa,0.06029486898048021,0.4922030120855528,0.29885090284798504,0.2461015060427764,6.7162313205294755,1.7302538308583773
Guinea-Bissau,GNB,2021-08-09,30471.0,28097.0,2374.0,0,2031682.0,1.3829428030567774,Africa,0.11684899506911023,0.0,0.29885090284798504,0.2461015060427764,6.7162313205294755,1.7302538308583773
Guinea-Bissau,GNB,2021-08-23,31090.0,28097.0,2993.0,4,2031682.0,1.3829428030567774,Africa,0.14731636151720592,1.9688120483422111,0.29885090284798504,0.2461015060427764,6.7162313205294755,1.7302538308583773
Guinea-Bissau,GNB,2021-09-17,83294.0,76511.0,6783.0,0,2031682.0,3.7658944657677726,Africa,0.3338613030976304,0.0,0.29885090284798504,0.2461015060427764,6.7162313205294755,1.7302538308583773
Guinea-Bissau,GNB,2021-09-22,94715.0,87231.0,7484.0,0,2031682.0,4.2935360947234855,Africa,0.3683647342448277,0.0,0.29885090284798504,0.2461015060427764,6.7162313205294755,1.7302538308583773
Guinea-Bissau,GNB,2021-10-06,117768.0,108632.0,9139.0,0,2031682.0,5.346899760887776,Africa,0.4498243327449867,0.0,0.29885090284798504,0.2461015060427764,6.7162313205294755,1.7302538308583773
Guinea-Bissau,GNB,2021-10-12,120641.0,111131.0,9513.0,0,2031682.0,5.469901293607957,Africa,0.46823272539698635,0.0,0.29885090284798504,0.2461015060427764,6.7162313205294755,1.7302538308583773
Guinea-Bissau,GNB,2021-10-18,121501.0,111771.0,9730.0,0,2031682.0,5.501402286381431,Africa,0.4789135307592428,0.0,0.29885090284798504,0.2461015060427764,6.7162313205294755,1.7302538308583773
Guinea-Bissau,GNB,2021-10-24,127936.0,117488.0,10448.0,0,2031682.0,5.782794748390742,Africa,0.5142537070269855,0.0,0.29885090284798504,0.2461015060427764,6.7162313205294755,1.7302538308583773
Guyana,GUY,2021-04-15,73600.0,73000.0,600.0,1,791571.0,9.222167057661284,South America,0.07579863335064069,1.2633105558440114,17.724198339136695,3.9894017552968783,20.998690731896094,6.493491552577863
Guyana,GUY,2021-04-23,113596.0,111825.0,1771.0,1,791571.0,14.126970290725655,South America,0.22373229943997444,1.2633105558440114,17.724198339136695,3.9894017552968783,20.998690731896094,6.493491552577863
Guyana,GUY,2021-04-26,126800.0,124000.0,2800.0,2,791571.0,15.665050892465745,South America,0.35372695563632317,2.526621111688023,17.724198339136695,3.9894017552968783,20.998690731896094,6.493491552577863
Guyana,GUY,2021-05-06,153494.0,150694.0,2800.0,3,791571.0,19.037332090235743,South America,0.35372695563632317,3.7899316675320343,17.724198339136695,3.9894017552968783,20.998690731896094,6.493491552577863
Haiti,HTI,2021-07-21,2041.0,2041.0,341.0,1,11589129.0,0.0176113321372123,North America,0.0029424126696665468,0.08628776157379904,0.06855026273655578,0.16091501482681442,25.330161870977133,2.7121448645862953
Haiti,HTI,2021-07-22,2198.0,2198.0,341.0,0,11589129.0,0.018966049993921,North America,0.0029424126696665468,0.0,0.06855026273655578,0.16091501482681442,25.330161870977133,2.7121448645862953
Haiti,HTI,2021-07-26,3369.0,3369.0,341.0,6,11589129.0,0.0290703468742128,North America,0.0029424126696665468,0.5177265694427942,0.06855026273655578,0.16091501482681442,25.330161870977133,2.7121448645862953
Haiti,HTI,2021-07-27,4078.0,4078.0,341.0,2,11589129.0,0.0351881491697952,North America,0.0029424126696665468,0.17257552314759808,0.06855026273655578,0.16091501482681442,25.330161870977133,2.7121448645862953
Haiti,HTI,2021-07-28,4526.0,4526.0,341.0,7,11589129.0,0.0390538408883014,North America,0.0029424126696665468,0.6040143310165932,0.06855026273655578,0.16091501482681442,25.330161870977133,2.7121448645862953
Haiti,HTI,2021-07-29,5425.0,5425.0,341.0,0,11589129.0,0.0468111106537859,North America,0.0029424126696665468,0.0,0.06855026273655578,0.16091501482681442,25.330161870977133,2.7121448645862953
Haiti,HTI,2021-07-30,6576.0,6576.0,341.0,3,11589129.0,0.0567428320109302,North America,0.0029424126696665468,0.2588632847213971,0.06855026273655578,0.16091501482681442,25.330161870977133,2.7121448645862953
Haiti,HTI,2021-08-02,8448.0,8448.0,341.0,2,11589129.0,0.0728959009775454,North America,0.0029424126696665468,0.17257552314759808,0.06855026273655578,0.16091501482681442,25.330161870977133,2.7121448645862953
Haiti,HTI,2021-08-03,9630.0,9630.0,341.0,3,11589129.0,0.0830951143955684,North America,0.0029424126696665468,0.2588632847213971,0.06855026273655578,0.16091501482681442,25.330161870977133,2.7121448645862953
Haiti,HTI,2021-08-04,11209.0,11209.0,341.0,3,11589129.0,0.0967199519480713,North America,0.0029424126696665468,0.2588632847213971,0.06855026273655578,0.16091501482681442,25.330161870977133,2.7121448645862953
Haiti,HTI,2021-08-05,12641.0,12641.0,341.0,0,11589129.0,0.1090763594054393,North America,0.0029424126696665468,0.0,0.06855026273655578,0.16091501482681442,25.330161870977133,2.7121448645862953
Haiti,HTI,2021-08-06,14074.0,14074.0,341.0,3,11589129.0,0.1214413956389647,North America,0.0029424126696665468,0.2588632847213971,0.06855026273655578,0.16091501482681442,25.330161870977133,2.7121448645862953
Haiti,HTI,2021-08-09,15454.0,15454.0,341.0,1,11589129.0,0.133349106736149,North America,0.0029424126696665468,0.08628776157379904,0.06855026273655578,0.16091501482681442,25.330161870977133,2.7121448645862953
Haiti,HTI,2021-08-10,16938.0,16938.0,341.0,0,11589129.0,0.1461542105537008,North America,0.0029424126696665468,0.0,0.06855026273655578,0.16091501482681442,25.330161870977133,2.7121448645862953
Haiti,HTI,2021-08-11,19182.0,19157.0,366.0,0,11589129.0,0.1653014648469268,North America,0.0031581320736010447,0.0,0.06855026273655578,0.16091501482681442,25.330161870977133,2.7121448645862953
Haiti,HTI,2021-08-13,20281.0,20251.0,371.0,0,11589129.0,0.1747413459631004,North America,0.0032012759543879445,0.0,0.06855026273655578,0.16091501482681442,25.330161870977133,2.7121448645862953
Haiti,HTI,2021-08-16,21151.0,20948.0,544.0,2,11589129.0,0.1807556029447942,North America,0.004694054229614668,0.17257552314759808,0.06855026273655578,0.16091501482681442,25.330161870977133,2.7121448645862953
Haiti,HTI,2021-08-18,24102.0,23044.0,1399.0,0,11589129.0,0.1988415177706625,North America,0.012071657844174485,0.0,0.06855026273655578,0.16091501482681442,25.330161870977133,2.7121448645862953
Haiti,HTI,2021-08-21,26109.0,24560.0,1890.0,1,11589129.0,0.2119227424252504,North America,0.016308386937448016,0.08628776157379904,0.06855026273655578,0.16091501482681442,25.330161870977133,2.7121448645862953
Haiti,HTI,2021-08-23,27412.0,25307.0,2446.0,0,11589129.0,0.2183684382148132,North America,0.021105986480951244,0.0,0.06855026273655578,0.16091501482681442,25.330161870977133,2.7121448645862953
Haiti,HTI,2021-08-25,29077.0,26058.0,3360.0,0,11589129.0,0.2248486491090054,North America,0.028992687888796477,0.0,0.06855026273655578,0.16091501482681442,25.330161870977133,2.7121448645862953
Haiti,HTI,2021-08-26,29227.0,26208.0,3360.0,0,11589129.0,0.2261429655326125,North America,0.028992687888796477,0.0,0.06855026273655578,0.16091501482681442,25.330161870977133,2.7121448645862953
Haiti,HTI,2021-08-27,31698.0,27305.0,4734.0,2,11589129.0,0.2356087329772582,North America,0.040848626329036464,0.17257552314759808,0.06855026273655578,0.16091501482681442,25.330161870977133,2.7121448645862953
Haiti,HTI,2021-08-31,35741.0,29332.0,6750.0,0,11589129.0,0.2530992622482673,North America,0.05824423906231435,0.0,0.06855026273655578,0.16091501482681442,25.330161870977133,2.7121448645862953
Haiti,HTI,2021-09-03,41629.0,32226.0,9744.0,2,11589129.0,0.2780709404477247,North America,0.08407879487750977,0.17257552314759808,0.06855026273655578,0.16091501482681442,25.330161870977133,2.7121448645862953
Haiti,HTI,2021-09-07,46201.0,34317.0,12225.0,0,11589129.0,0.2961137113928061,North America,0.10548678852396931,0.0,0.06855026273655578,0.16091501482681442,25.330161870977133,2.7121448645862953
Haiti,HTI,2021-09-09,50624.0,36583.0,14382.0,3,11589129.0,0.315666518165429,North America,0.12409905869543776,0.2588632847213971,0.06855026273655578,0.16091501482681442,25.330161870977133,2.7121448645862953
Haiti,HTI,2021-09-10,52391.0,37389.0,15343.0,4,11589129.0,0.3226213117482772,North America,0.13239131258267986,0.34515104629519616,0.06855026273655578,0.16091501482681442,25.330161870977133,2.7121448645862953
Haiti,HTI,2021-09-17,60688.0,42494.0,18535.0,1,11589129.0,0.3666712140317016,North America,0.1599343660770365,0.08628776157379904,0.06855026273655578,0.16091501482681442,25.330161870977133,2.7121448645862953
Haiti,HTI,2021-09-21,61545.0,42899.0,18987.0,0,11589129.0,0.3701658683754404,North America,0.16383457290017223,0.0,0.06855026273655578,0.16091501482681442,25.330161870977133,2.7121448645862953
Haiti,HTI,2021-09-26,67023.0,47010.0,20354.0,0,11589129.0,0.4056387671584292,North America,0.17563010990731054,0.0,0.06855026273655578,0.16091501482681442,25.330161870977133,2.7121448645862953
Haiti,HTI,2021-10-01,70003.0,49201.0,21143.0,14,11589129.0,0.4245444157192486,North America,0.1824382142954833,1.2080286620331864,0.06855026273655578,0.16091501482681442,25.330161870977133,2.7121448645862953
Haiti,HTI,2021-10-02,75220.0,52788.0,22773.0,5,11589129.0,0.4554958357957703,North America,0.19650311943201254,0.43143880786899513,0.06855026273655578,0.16091501482681442,25.330161870977133,2.7121448645862953
Haiti,HTI,2021-10-07,88133.0,62929.0,25545.0,0,11589129.0,0.5430002548077599,North America,0.22042208694026963,0.0,0.06855026273655578,0.16091501482681442,25.330161870977133,2.7121448645862953
Haiti,HTI,2021-10-10,96073.0,69379.0,27035.0,4,11589129.0,0.5986558610228603,North America,0.23327896341476567,0.34515104629519616,0.06855026273655578,0.16091501482681442,25.330161870977133,2.7121448645862953
Haiti,HTI,2021-10-15,102168.0,73568.0,28941.0,0,11589129.0,0.6348018043461248,North America,0.2497254107707318,0.0,0.06855026273655578,0.16091501482681442,25.330161870977133,2.7121448645862953
Haiti,HTI,2021-10-18,110603.0,79404.0,28941.0,0,11589129.0,0.6851593420005938,North America,0.2497254107707318,0.0,0.06855026273655578,0.16091501482681442,25.330161870977133,2.7121448645862953
Honduras,HND,2021-04-09,57639.0,55000.0,2639.0,17,10116785.0,0.5436509721220724,North America,0.02608536209872998,1.6803757320136783,6.668422483202335,3.0062705793834974,25.330161870977133,2.7121448645862953
Honduras,HND,2021-05-15,114225.0,108538.0,5687.0,45,10116785.0,1.0728507129488272,North America,0.05621351051742228,4.448053408271502,6.668422483202335,3.0062705793834974,25.330161870977133,2.7121448645862953
Honduras,HND,2021-05-21,163858.0,136476.0,27585.0,32,10116785.0,1.349005637660581,North America,0.272665673927043,3.163060201437512,6.668422483202335,3.0062705793834974,25.330161870977133,2.7121448645862953
Honduras,HND,2021-06-02,377593.0,320832.0,56761.0,37,10116785.0,3.1712841579612494,North America,0.5610576877931082,3.6572883579121234,6.668422483202335,3.0062705793834974,25.330161870977133,2.7121448645862953
Honduras,HND,2021-06-06,420531.0,369571.0,56960.0,39,10116785.0,3.6530478803295714,North America,0.5630247158558772,3.8549796205019673,6.668422483202335,3.0062705793834974,25.330161870977133,2.7121448645862953
Honduras,HND,2021-06-10,447023.0,390063.0,56960.0,39,10116785.0,3.8556023479791257,North America,0.5630247158558772,3.8549796205019673,6.668422483202335,3.0062705793834974,25.330161870977133,2.7121448645862953
Honduras,HND,2021-06-11,460245.0,402319.0,57926.0,27,10116785.0,3.976747553694183,North America,0.5725732038389666,2.6688320449629006,6.668422483202335,3.0062705793834974,25.330161870977133,2.7121448645862953
Honduras,HND,2021-06-13,479851.0,421925.0,57926.0,32,10116785.0,4.1705442984110075,North America,0.5725732038389666,3.163060201437512,6.668422483202335,3.0062705793834974,25.330161870977133,2.7121448645862953
Honduras,HND,2021-06-16,488859.0,430859.0,58000.0,22,10116785.0,4.258852985409891,North America,0.573304661510549,2.1746038884882894,6.668422483202335,3.0062705793834974,25.330161870977133,2.7121448645862953
Honduras,HND,2021-06-17,497563.0,439563.0,58000.0,21,10116785.0,4.344888222888991,North America,0.573304661510549,2.075758257193367,6.668422483202335,3.0062705793834974,25.330161870977133,2.7121448645862953
Honduras,HND,2021-06-22,591888.0,533888.0,58000.0,7,10116785.0,5.277249640078345,North America,0.573304661510549,0.6919194190644558,6.668422483202335,3.0062705793834974,25.330161870977133,2.7121448645862953
Honduras,HND,2021-06-24,684035.0,625910.0,58125.0,46,10116785.0,6.1868469083804785,North America,0.5745402319017356,4.546899039566424,6.668422483202335,3.0062705793834974,25.330161870977133,2.7121448645862953
Honduras,HND,2021-07-03,903581.0,845456.0,58125.0,25,10116785.0,8.356963205207979,North America,0.5745402319017356,2.4711407823730567,6.668422483202335,3.0062705793834974,25.330161870977133,2.7121448645862953
Honduras,HND,2021-07-07,980363.0,912814.0,67549.0,40,10116785.0,9.022767608484315,North America,0.6676923548340703,3.9538252517968897,6.668422483202335,3.0062705793834974,25.330161870977133,2.7121448645862953
Honduras,HND,2021-07-09,1095232.0,1020739.0,74493.0,26,10116785.0,10.089559084234764,North America,0.7363307612052643,2.569986413667978,6.668422483202335,3.0062705793834974,25.330161870977133,2.7121448645862953
Honduras,HND,2021-07-12,1172830.0,1093093.0,79737.0,29,10116785.0,10.804746764906046,North America,0.7881654102563215,2.8665233075527454,6.668422483202335,3.0062705793834974,25.330161870977133,2.7121448645862953
Hungary,HUN,2021-01-18,131332.0,129689.0,1643.0,68,9624949.0,1.3474253214224825,Europe,0.01707022032012845,7.064972500114027,12.31299356231673,13.558513400954125,24.78207907735958,3.0760247467090363
Hungary,HUN,2021-01-19,133257.0,130318.0,2939.0,111,9624949.0,1.3539604209850875,Europe,0.030535226732110475,11.532528639892014,12.31299356231673,13.558513400954125,24.78207907735958,3.0760247467090363
Hungary,HUN,2021-01-20,138584.0,134554.0,4030.0,95,9624949.0,1.3979710437946218,Europe,0.04187035172861695,9.87018216927695,12.31299356231673,13.558513400954125,24.78207907735958,3.0760247467090363
Hungary,HUN,2021-01-21,144798.0,138983.0,5815.0,98,9624949.0,1.443986872034335,Europe,0.06041590454141627,10.181872132517272,12.31299356231673,13.558513400954125,24.78207907735958,3.0760247467090363
Hungary,HUN,2021-01-22,150128.0,143184.0,6944.0,98,9624949.0,1.4876338565534215,Europe,0.07214583682469383,10.181872132517272,12.31299356231673,13.558513400954125,24.78207907735958,3.0760247467090363
Hungary,HUN,2021-01-23,153392.0,145257.0,8135.0,93,9624949.0,1.5091716330133282,Europe,0.08451992836533471,9.662388860450065,12.31299356231673,13.558513400954125,24.78207907735958,3.0760247467090363
Hungary,HUN,2021-01-24,156098.0,146695.0,9403.0,64,9624949.0,1.524111971917981,Europe,0.09769402414495912,6.64938588246026,12.31299356231673,13.558513400954125,24.78207907735958,3.0760247467090363
Hungary,HUN,2021-01-25,162315.0,149676.0,12639.0,56,9624949.0,1.555083564598628,Europe,0.1313149815131488,5.818212647152728,12.31299356231673,13.558513400954125,24.78207907735958,3.0760247467090363
Hungary,HUN,2021-01-26,170476.0,152704.0,17772.0,89,9624949.0,1.5865434715550182,Europe,0.18464513422356837,9.2468022427963,12.31299356231673,13.558513400954125,24.78207907735958,3.0760247467090363
Hungary,HUN,2021-01-27,187508.0,161215.0,26293.0,85,9624949.0,1.6749699141262984,Europe,0.2731754734492619,8.831215625142534,12.31299356231673,13.558513400954125,24.78207907735958,3.0760247467090363
Hungary,HUN,2021-01-28,213010.0,175283.0,37727.0,93,9624949.0,1.821131727555128,Europe,0.391970908105591,9.662388860450065,12.31299356231673,13.558513400954125,24.78207907735958,3.0760247467090363
Hungary,HUN,2021-01-29,247889.0,198283.0,49606.0,83,9624949.0,2.0600940327060435,Europe,0.5153897438833183,8.623422316315649,12.31299356231673,13.558513400954125,24.78207907735958,3.0760247467090363
Hungary,HUN,2021-01-30,278830.0,222005.0,56825.0,89,9624949.0,2.3065576763056095,Europe,0.5903927387043817,9.2468022427963,12.31299356231673,13.558513400954125,24.78207907735958,3.0760247467090363
Hungary,HUN,2021-01-31,299138.0,237872.0,61266.0,61,9624949.0,2.4714104978634173,Europe,0.6365332429293911,6.337695919219936,12.31299356231673,13.558513400954125,24.78207907735958,3.0760247467090363
Hungary,HUN,2021-02-01,311662.0,243136.0,68526.0,54,9624949.0,2.526101696746653,Europe,0.7119622140335496,5.610419338325844,12.31299356231673,13.558513400954125,24.78207907735958,3.0760247467090363
Hungary,HUN,2021-02-02,322306.0,247270.0,75036.0,78,9624949.0,2.56905257368117,Europe,0.7795989360567002,8.103939044248442,12.31299356231673,13.558513400954125,24.78207907735958,3.0760247467090363
Hungary,HUN,2021-02-03,334130.0,249687.0,84452.0,83,9624949.0,2.5941643950528985,Europe,0.8774280258523967,8.623422316315649,12.31299356231673,13.558513400954125,24.78207907735958,3.0760247467090363
Hungary,HUN,2021-02-04,357303.0,264530.0,92773.0,93,9624949.0,2.74837819919877,Europe,0.9638804319898214,9.662388860450065,12.31299356231673,13.558513400954125,24.78207907735958,3.0760247467090363
Iceland,ISL,2021-01-20,6205.0,5725.0,480.0,0,344100.0,1.663760534728277,Europe,0.13949433304272016,0.0,32.72697859149472,0.08303234109685723,24.78207907735958,3.0760247467090363
India,IND,2021-02-13,8052454.0,8044786.0,7668.0,103,1397974334.0,0.5754602072687266,Asia,0.0005485079241805308,0.07367803363405669,6.375190677594123,0.8328230911015059,23.2444639828785,1.6257203533003144
India,IND,2021-02-15,8516771.0,8418653.0,98118.0,90,1397974334.0,0.602203688240245,Asia,0.007018583790394538,0.0643788643404379,6.375190677594123,0.8328230911015059,23.2444639828785,1.6257203533003144
India,IND,2021-02-16,8857341.0,8641002.0,216339.0,81,1397974334.0,0.618108772803836,Asia,0.015475176813939992,0.057940977906394096,6.375190677594123,0.8328230911015059,23.2444639828785,1.6257203533003144
India,IND,2021-02-17,9186757.0,8844641.0,342116.0,100,1397974334.0,0.632675492309861,Asia,0.02447226616965916,0.07153207148937543,6.375190677594123,0.8328230911015059,23.2444639828785,1.6257203533003144
India,IND,2021-02-18,9846523.0,9381591.0,464932.0,101,1397974334.0,0.6710846380960811,Asia,0.0332575490616983,0.07224739220426919,6.375190677594123,0.8328230911015059,23.2444639828785,1.6257203533003144
India,IND,2021-02-19,10449942.0,9693000.0,756942.0,97,1397974334.0,0.693360368946516,Asia,0.05414562925731081,0.06938610934469416,6.375190677594123,0.8328230911015059,23.2444639828785,1.6257203533003144
India,IND,2021-02-20,10838323.0,9964383.0,873940.0,101,1397974334.0,0.7127729571035172,Asia,0.06251473855742476,0.07224739220426919,6.375190677594123,0.8328230911015059,23.2444639828785,1.6257203533003144
India,IND,2021-02-21,11085173.0,10124531.0,960642.0,90,1397974334.0,0.7242286752883977,Asia,0.0687167122196966,0.0643788643404379,6.375190677594123,0.8328230911015059,23.2444639828785,1.6257203533003144
India,IND,2021-02-22,11424094.0,10308552.0,1115542.0,83,1397974334.0,0.737392078615944,Asia,0.07979703009340085,0.059371619336181604,6.375190677594123,0.8328230911015059,23.2444639828785,1.6257203533003144
India,IND,2021-02-23,11907392.0,10585757.0,1321635.0,78,1397974334.0,0.7572211264931563,Asia,0.0945392893028607,0.055795015761712835,6.375190677594123,0.8328230911015059,23.2444639828785,1.6257203533003144
India,IND,2021-02-24,12366633.0,10884879.0,1481754.0,104,1397974334.0,0.7786179427812013,Asia,0.10599293305766799,0.07439335434895043,6.375190677594123,0.8328230911015059,23.2444639828785,1.6257203533003144
India,IND,2021-02-25,13067047.0,11206188.0,1860859.0,138,1397974334.0,0.8016018411393812,Asia,0.13311109901964766,0.09871425865533809,6.375190677594123,0.8328230911015059,23.2444639828785,1.6257203533003144
India,IND,2021-02-26,13756940.0,11552857.0,2204083.0,120,1397974334.0,0.8263997928305313,Asia,0.15766262272451706,0.08583848578725052,6.375190677594123,0.8328230911015059,23.2444639828785,1.6257203533003144
India,IND,2021-02-27,14242547.0,11788669.0,2453878.0,113,1397974334.0,0.8432679136725839,Asia,0.1755309765222056,0.08083124078299422,6.375190677594123,0.8328230911015059,23.2444639828785,1.6257203533003144
India,IND,2021-02-28,14301266.0,11845075.0,2456191.0,113,1397974334.0,0.8473027516970136,Asia,0.17569643020356052,0.08083124078299422,6.375190677594123,0.8328230911015059,23.2444639828785,1.6257203533003144
India,IND,2021-03-01,14854136.0,12256337.0,2597799.0,106,1397974334.0,0.8767211744818771,Asia,0.185825943783028,0.07582399577873795,6.375190677594123,0.8328230911015059,23.2444639828785,1.6257203533003144
India,IND,2021-03-02,15620749.0,12906771.0,2713978.0,91,1397974334.0,0.9232480658689975,Asia,0.19413646831659215,0.06509418505533164,6.375190677594123,0.8328230911015059,23.2444639828785,1.6257203533003144
India,IND,2021-03-03,16616048.0,13739121.0,2876927.0,98,1397974334.0,0.9827877855731793,Asia,0.20579254783371437,0.07010143005958792,6.375190677594123,0.8328230911015059,23.2444639828785,1.6257203533003144
India,IND,2021-03-04,18005503.0,14796835.0,3208668.0,89,1397974334.0,1.0584482590364923,Asia,0.22952266876167127,0.06366354362554413,6.375190677594123,0.8328230911015059,23.2444639828785,1.6257203533003144
India,IND,2021-03-05,19497704.0,15996683.0,3501021.0,113,1397974334.0,1.1442758719488766,Asia,0.25043528445780466,0.08083124078299422,6.375190677594123,0.8328230911015059,23.2444639828785,1.6257203533003144
India,IND,2021-03-06,20922344.0,17168303.0,3754041.0,108,1397974334.0,1.2280842775472585,Asia,0.2685343291860464,0.07725463720852546,6.375190677594123,0.8328230911015059,23.2444639828785,1.6257203533003144
India,IND,2021-03-07,20989010.0,17227903.0,3761107.0,100,1397974334.0,1.232347589008025,Asia,0.26903977480319036,0.07153207148937543,6.375190677594123,0.8328230911015059,23.2444639828785,1.6257203533003144
India,IND,2021-03-08,23008733.0,18943283.0,4065450.0,97,1397974334.0,1.3550522737994704,Asia,0.2908100600364813,0.06938610934469416,6.375190677594123,0.8328230911015059,23.2444639828785,1.6257203533003144
India,IND,2021-03-09,24367906.0,20004227.0,4363679.0,77,1397974334.0,1.430943795853694,Asia,0.31214299818468627,0.055079695046819074,6.375190677594123,0.8328230911015059,23.2444639828785,1.6257203533003144
India,IND,2021-03-10,25685011.0,21034481.0,4650530.0,133,1397974334.0,1.504639998633909,Asia,0.33266204442348507,0.09513765508086931,6.375190677594123,0.8328230911015059,23.2444639828785,1.6257203533003144
India,IND,2021-03-11,26164920.0,21435841.0,4729079.0,126,1397974334.0,1.5333501108468848,Asia,0.33828081710690405,0.09013041007661304,6.375190677594123,0.8328230911015059,23.2444639828785,1.6257203533003144
India,IND,2021-03-12,28218457.0,23075504.0,5142953.0,117,1397974334.0,1.6506386017813686,Asia,0.3678860816624978,0.08369252364256925,6.375190677594123,0.8328230911015059,23.2444639828785,1.6257203533003144
India,IND,2021-03-13,29738409.0,24307635.0,5430774.0,140,1397974334.0,1.7387754845576444,Asia,0.3884745140106413,0.1001449000851256,6.375190677594123,0.8328230911015059,23.2444639828785,1.6257203533003144
India,IND,2021-03-14,29908038.0,24452385.0,5455653.0,161,1397974334.0,1.7491297519057314,Asia,0.3902541604172255,0.11516663509789443,6.375190677594123,0.8328230911015059,23.2444639828785,1.6257203533003144
India,IND,2021-03-15,32947432.0,27079484.0,5867948.0,118,1397974334.0,1.937051585383398,Asia,0.4197464758319376,0.084407844357463,6.375190677594123,0.8328230911015059,23.2444639828785,1.6257203533003144
India,IND,2021-03-16,35064536.0,28862037.0,6202499.0,131,1397974334.0,2.0645612940129987,Asia,0.44367760188077954,0.09370701365108182,6.375190677594123,0.8328230911015059,23.2444639828785,1.6257203533003144
India,IND,2021-03-17,37143255.0,30600787.0,6542468.0,188,1397974334.0,2.18893768331515,Asia,0.46799628869295107,0.1344802944000258,6.375190677594123,0.8328230911015059,23.2444639828785,1.6257203533003144
India,IND,2021-03-18,39339817.0,32426230.0,6913587.0,172,1397974334.0,2.3195154024909304,Asia,0.4945431995320166,0.12303516296172573,6.375190677594123,0.8328230911015059,23.2444639828785,1.6257203533003144
India,IND,2021-03-19,42063392.0,34842030.0,7221362.0,154,1397974334.0,2.4923225807949634,Asia,0.5165589828346591,0.11015939009363815,6.375190677594123,0.8328230911015059,23.2444639828785,1.6257203533003144
India,IND,2021-03-20,44603841.0,37125187.0,7478654.0,188,1397974334.0,2.6556415305404313,Asia,0.5349636125723035,0.1344802944000258,6.375190677594123,0.8328230911015059,23.2444639828785,1.6257203533003144
India,IND,2021-03-21,45065998.0,37574302.0,7491696.0,197,1397974334.0,2.687767656827382,Asia,0.5358965338486679,0.1409181808340696,6.375190677594123,0.8328230911015059,23.2444639828785,1.6257203533003144
India,IND,2021-03-22,48494594.0,40631153.0,7863441.0,212,1397974334.0,2.906430541091751,Asia,0.5624882237644858,0.1516479915574759,6.375190677594123,0.8328230911015059,23.2444639828785,1.6257203533003144
India,IND,2021-03-23,50841286.0,42731952.0,8109334.0,199,1397974334.0,3.0567050453445592,Asia,0.5800774594192228,0.14234882226385712,6.375190677594123,0.8328230911015059,23.2444639828785,1.6257203533003144
India,IND,2021-03-24,53145709.0,44846538.0,8299171.0,275,1397974334.0,3.2079657622669915,Asia,0.5936568932745513,0.19671319659578243,6.375190677594123,0.8328230911015059,23.2444639828785,1.6257203533003144
India,IND,2021-03-25,55504440.0,47001472.0,8502968.0,251,1397974334.0,3.3621126552098772,Asia,0.6082349148478716,0.1795454994383323,6.375190677594123,0.8328230911015059,23.2444639828785,1.6257203533003144
India,IND,2021-03-26,58109773.0,49426618.0,8683155.0,257,1397974334.0,3.5355883722540504,Asia,0.6211240642133277,0.18383742372769485,6.375190677594123,0.8328230911015059,23.2444639828785,1.6257203533003144
India,IND,2021-03-27,60269782.0,51441436.0,8828346.0,291,1397974334.0,3.6797124774681302,Asia,0.6315098772049416,0.2081583280340825,6.375190677594123,0.8328230911015059,23.2444639828785,1.6257203533003144
India,IND,2021-03-28,60530435.0,51660234.0,8870201.0,312,1397974334.0,3.695363551645863,Asia,0.6345038520571294,0.22318006304685134,6.375190677594123,0.8328230911015059,23.2444639828785,1.6257203533003144
India,IND,2021-03-29,61113354.0,52211398.0,8901956.0,291,1397974334.0,3.7347894542962337,Asia,0.6367753529872745,0.2081583280340825,6.375190677594123,0.8328230911015059,23.2444639828785,1.6257203533003144
India,IND,2021-03-30,63054353.0,53989035.0,9065318.0,271,1397974334.0,3.861947511262392,Asia,0.6484609752499219,0.19385191373620742,6.375190677594123,0.8328230911015059,23.2444639828785,1.6257203533003144
India,IND,2021-03-31,65117896.0,55783201.0,9334695.0,354,1397974334.0,3.990287921838199,Asia,0.6677300700715153,0.25322353307238904,6.375190677594123,0.8328230911015059,23.2444639828785,1.6257203533003144
India,IND,2021-04-01,68789138.0,59148798.0,9640340.0,459,1397974334.0,4.231036047046626,Asia,0.6895934900618855,0.3283322081362332,6.375190677594123,0.8328230911015059,23.2444639828785,1.6257203533003144
India,IND,2021-04-02,73054295.0,63081589.0,9972706.0,469,1397974334.0,4.512356734011398,Asia,0.7133683185345232,0.33548541528517073,6.375190677594123,0.8328230911015059,23.2444639828785,1.6257203533003144
India,IND,2021-04-03,75979651.0,65739470.0,10240181.0,714,1397974334.0,4.702480467713651,Asia,0.7325013593561439,0.5107389904341405,6.375190677594123,0.8328230911015059,23.2444639828785,1.6257203533003144
India,IND,2021-04-04,79105163.0,68678838.0,10426325.0,513,1397974334.0,4.912739549623233,Asia,0.7458166252714622,0.3669595267404959,6.375190677594123,0.8328230911015059,23.2444639828785,1.6257203533003144
India,IND,2021-04-05,83110926.0,72277309.0,10833617.0,478,1397974334.0,5.170145634447678,Asia,0.7749510657325129,0.34192330171921453,6.375190677594123,0.8328230911015059,23.2444639828785,1.6257203533003144
India,IND,2021-04-06,87077474.0,75937015.0,11140459.0,446,1397974334.0,5.431931985669774,Asia,0.7969001096124559,0.3190330388426144,6.375190677594123,0.8328230911015059,23.2444639828785,1.6257203533003144
India,IND,2021-04-07,90198673.0,78763027.0,11435646.0,630,1397974334.0,5.634082478083607,Asia,0.8180154471991901,0.4506520503830652,6.375190677594123,0.8328230911015059,23.2444639828785,1.6257203533003144
India,IND,2021-04-08,94334262.0,82456522.0,11877740.0,685,1397974334.0,5.898285826469258,Asia,0.8496393468122141,0.4899946897022216,6.375190677594123,0.8328230911015059,23.2444639828785,1.6257203533003144
India,IND,2021-04-09,98075160.0,85763852.0,12311308.0,780,1397974334.0,6.134865992468214,Asia,0.8806533639837195,0.5579501576171283,6.375190677594123,0.8328230911015059,23.2444639828785,1.6257203533003144
India,IND,2021-04-10,101595147.0,88885961.0,12709186.0,794,1397974334.0,6.358196916653835,Asia,0.9091144015237693,0.5679646476256408,6.375190677594123,0.8328230911015059,23.2444639828785,1.6257203533003144
India,IND,2021-04-11,104528565.0,91587400.0,12941165.0,839,1397974334.0,6.551436444326023,Asia,0.9257083399358033,0.6001540797958599,6.375190677594123,0.8328230911015059,23.2444639828785,1.6257203533003144
India,IND,2021-04-12,108533085.0,95043039.0,13490046.0,904,1397974334.0,6.798625460315496,Asia,0.9649709348669631,0.6466499262639538,6.375190677594123,0.8328230911015059,23.2444639828785,1.6257203533003144
India,IND,2021-04-13,111179578.0,97301914.0,13877664.0,879,1397974334.0,6.960207468301059,Asia,0.9926980533535317,0.62876690839161,6.375190677594123,0.8328230911015059,23.2444639828785,1.6257203533003144
Indonesia,IDN,2021-01-28,373786.0,368318.0,5468.0,476,277329832.0,0.1328086478630254,Asia,0.001971659507585899,1.716367822989919,7.463064491089394,1.6197563306310745,23.2444639828785,1.6257203533003144
Indonesia,IDN,2021-01-29,416299.0,405012.0,11287.0,187,277329832.0,0.1460398245220153,Asia,0.004069883113043533,0.674287359031754,7.463064491089394,1.6197563306310745,23.2444639828785,1.6257203533003144
Indonesia,IDN,2021-01-30,502955.0,482145.0,20810.0,210,277329832.0,0.1738525554654358,Asia,0.007503700503449625,0.7572210983779054,7.463064491089394,1.6197563306310745,23.2444639828785,1.6257203533003144
Indonesia,IDN,2021-01-31,515681.0,493133.0,22548.0,270,277329832.0,0.1778146247173293,Asia,0.008130391107726197,0.9735699836287356,7.463064491089394,1.6197563306310745,23.2444639828785,1.6257203533003144
Indonesia,IDN,2021-02-01,574938.0,539532.0,35406.0,279,277329832.0,0.1945452445952514,Asia,0.012766747718651487,1.0060223164163602,7.463064491089394,1.6197563306310745,23.2444639828785,1.6257203533003144
Indonesia,IDN,2021-02-02,648259.0,596260.0,51999.0,304,277329832.0,0.2150003105327666,Asia,0.018749876140263196,1.0961676852708726,7.463064491089394,1.6197563306310745,23.2444639828785,1.6257203533003144
Indonesia,IDN,2021-02-03,717647.0,646026.0,71621.0,189,277329832.0,0.2329450082384213,Asia,0.025825205850916175,0.6814989885401149,7.463064491089394,1.6197563306310745,23.2444639828785,1.6257203533003144
Indonesia,IDN,2021-02-04,796819.0,700266.0,96553.0,231,277329832.0,0.2525029474650964,Asia,0.034815223196039004,0.832943208215696,7.463064491089394,1.6197563306310745,23.2444639828785,1.6257203533003144
Indonesia,IDN,2021-02-05,865609.0,744884.0,120725.0,201,277329832.0,0.2685913717352989,Asia,0.043531198619844114,0.724768765590281,7.463064491089394,1.6197563306310745,23.2444639828785,1.6257203533003144
Indonesia,IDN,2021-02-06,914303.0,777096.0,137207.0,191,277329832.0,0.2802064222214651,Asia,0.049474302497684426,0.688710618048476,7.463064491089394,1.6197563306310745,23.2444639828785,1.6257203533003144
Indonesia,IDN,2021-02-07,923449.0,784318.0,139131.0,163,277329832.0,0.2828105416369343,Asia,0.050168061256388743,0.5877478049314219,7.463064491089394,1.6197563306310745,23.2444639828785,1.6257203533003144
Indonesia,IDN,2021-02-08,985855.0,814585.0,171270.0,207,277329832.0,0.2937242611534124,Asia,0.061756789294849464,0.7464036541153639,7.463064491089394,1.6197563306310745,23.2444639828785,1.6257203533003144
Indonesia,IDN,2021-02-09,1066860.0,845407.0,221453.0,213,277329832.0,0.3048381033887476,Asia,0.07985184947575348,0.7680385426404469,7.463064491089394,1.6197563306310745,23.2444639828785,1.6257203533003144
Indonesia,IDN,2021-02-10,1248797.0,969546.0,279251.0,191,277329832.0,0.3496003271656689,Asia,0.10069273759196595,0.688710618048476,7.463064491089394,1.6197563306310745,23.2444639828785,1.6257203533003144
Indonesia,IDN,2021-02-11,1362791.0,1017186.0,345605.0,214,277329832.0,0.3667784286545849,Asia,0.12461876081185524,0.7716443573946274,7.463064491089394,1.6197563306310745,23.2444639828785,1.6257203533003144
Indonesia,IDN,2021-02-13,1475812.0,1060326.0,415486.0,280,277329832.0,0.3823339135041195,Asia,0.14981655489554402,1.0096281311705406,7.463064491089394,1.6197563306310745,23.2444639828785,1.6257203533003144
Indonesia,IDN,2021-02-14,1494325.0,1068747.0,425578.0,247,277329832.0,0.3853703701086149,Asia,0.15345554314546297,0.890636244282584,7.463064491089394,1.6197563306310745,23.2444639828785,1.6257203533003144
Indonesia,IDN,2021-02-15,1578720.0,1096095.0,482625.0,184,277329832.0,0.3952315522983477,Asia,0.1740256345736365,0.6634699147692125,7.463064491089394,1.6197563306310745,23.2444639828785,1.6257203533003144
Indonesia,IDN,2021-02-16,1658110.0,1120963.0,537147.0,229,277329832.0,0.4041984924290439,Asia,0.19368525777637943,0.825731578707335,7.463064491089394,1.6197563306310745,23.2444639828785,1.6257203533003144
Indonesia,IDN,2021-02-17,1747267.0,1149939.0,597328.0,192,277329832.0,0.4146467012607573,Asia,0.21538541154851312,0.6923164328026565,7.463064491089394,1.6197563306310745,23.2444639828785,1.6257203533003144
Indonesia,IDN,2021-02-18,1787976.0,1164144.0,623832.0,181,277329832.0,0.4197687611190707,Asia,0.2249422629729931,0.652652470506671,7.463064491089394,1.6197563306310745,23.2444639828785,1.6257203533003144
Indonesia,IDN,2021-02-20,1956725.0,1224091.0,732634.0,164,277329832.0,0.4413845388259566,Asia,0.2641742486614278,0.5913536196856024,7.463064491089394,1.6197563306310745,23.2444639828785,1.6257203533003144
Indonesia,IDN,2021-02-23,2059871.0,1269905.0,789966.0,323,277329832.0,0.457904218540759,Asia,0.2848471058100955,1.1646781656003022,7.463064491089394,1.6197563306310745,23.2444639828785,1.6257203533003144
Indonesia,IDN,2021-02-24,2188788.0,1363138.0,825650.0,240,277329832.0,0.4915223112384101,Asia,0.2977140951789132,0.8653955410033205,7.463064491089394,1.6197563306310745,23.2444639828785,1.6257203533003144
Indonesia,IDN,2021-02-25,2315665.0,1461920.0,853745.0,264,277329832.0,0.527141270543156,Asia,0.3078446317307833,0.9519350951036526,7.463064491089394,1.6197563306310745,23.2444639828785,1.6257203533003144
Indonesia,IDN,2021-02-26,2449451.0,1583581.0,865870.0,268,277329832.0,0.5710099734239914,Asia,0.31221668212022713,0.9663583541203747,7.463064491089394,1.6197563306310745,23.2444639828785,1.6257203533003144
Indonesia,IDN,2021-02-27,2598535.0,1616165.0,982370.0,195,277329832.0,0.5827591602190131,Asia,0.35422442400643,0.703133877065198,7.463064491089394,1.6197563306310745,23.2444639828785,1.6257203533003144
Indonesia,IDN,2021-02-28,2690163.0,1691724.0,998439.0,185,277329832.0,0.6100043359201256,Asia,0.36001860773492267,0.667075729523393,7.463064491089394,1.6197563306310745,23.2444639828785,1.6257203533003144
Indonesia,IDN,2021-03-02,3023348.0,1968057.0,1055291.0,193,277329832.0,0.7096448967668216,Asia,0.38051838577538966,0.695922247556837,7.463064491089394,1.6197563306310745,23.2444639828785,1.6257203533003144
Indonesia,IDN,2021-03-03,3386351.0,2286123.0,1100228.0,203,277329832.0,0.8243336043271392,Asia,0.39672183553625057,0.731980395098642,7.463064491089394,1.6197563306310745,23.2444639828785,1.6257203533003144
Indonesia,IDN,2021-03-05,3528152.0,2413615.0,1114537.0,129,277329832.0,0.8703048577911373,Asia,0.4018813958680074,0.4651501032892848,7.463064491089394,1.6197563306310745,23.2444639828785,1.6257203533003144
Indonesia,IDN,2021-03-07,4022544.0,2888757.0,1133787.0,112,277329832.0,1.0416322611842206,Asia,0.4088225892698049,0.40385125246821624,7.463064491089394,1.6197563306310745,23.2444639828785,1.6257203533003144
Indonesia,IDN,2021-03-10,4837576.0,3574698.0,1262878.0,175,277329832.0,1.2889698790139534,Asia,0.4553704125129964,0.631017581981588,7.463064491089394,1.6197563306310745,23.2444639828785,1.6257203533003144
Indonesia,IDN,2021-03-11,4991674.0,3696059.0,1295615.0,117,277329832.0,1.332730407452163,Asia,0.46717476827375715,0.42188032623911875,7.463064491089394,1.6197563306310745,23.2444639828785,1.6257203533003144
Indonesia,IDN,2021-03-12,5108536.0,3769174.0,1339362.0,180,277329832.0,1.359094322027354,Asia,0.4829491260788706,0.6490466557524904,7.463064491089394,1.6197563306310745,23.2444639828785,1.6257203533003144
Indonesia,IDN,2021-03-13,5440432.0,3985596.0,1454836.0,100,277329832.0,1.4371320861002794,Asia,0.5245869113712945,0.36058147541805025,7.463064491089394,1.6197563306310745,23.2444639828785,1.6257203533003144
Indonesia,IDN,2021-03-14,5480346.0,4020124.0,1460222.0,97,277329832.0,1.4495822432835137,Asia,0.5265290031978962,0.34976403115550875,7.463064491089394,1.6197563306310745,23.2444639828785,1.6257203533003144
Indonesia,IDN,2021-03-15,5739648.0,4166862.0,1572786.0,147,277329832.0,1.5024932478234077,Asia,0.5671174963968535,0.5300547688645338,7.463064491089394,1.6197563306310745,23.2444639828785,1.6257203533003144
Indonesia,IDN,2021-03-16,6185700.0,4468951.0,1716749.0,180,277329832.0,1.611420945150971,Asia,0.6190278873424623,0.6490466557524904,7.463064491089394,1.6197563306310745,23.2444639828785,1.6257203533003144
Indonesia,IDN,2021-03-17,6581388.0,4705248.0,1876140.0,162,277329832.0,1.6966252660478305,Asia,0.6765013292908207,0.5841419901772413,7.463064491089394,1.6197563306310745,23.2444639828785,1.6257203533003144
Indonesia,IDN,2021-03-18,6787283.0,4838752.0,1948531.0,227,277329832.0,1.7447643353420412,Asia,0.7026041828778088,0.818519949198974,7.463064491089394,1.6197563306310745,23.2444639828785,1.6257203533003144
Indonesia,IDN,2021-03-19,7346148.0,5124948.0,2221200.0,197,277329832.0,1.8479613112807856,Asia,0.8009235731985732,0.710345506573559,7.463064491089394,1.6197563306310745,23.2444639828785,1.6257203533003144
Indonesia,IDN,2021-03-20,7835357.0,5533379.0,2301978.0,108,277329832.0,1.9952339638672556,Asia,0.8300506236198925,0.3894279934514942,7.463064491089394,1.6197563306310745,23.2444639828785,1.6257203533003144
Indonesia,IDN,2021-03-21,7879881.0,5567280.0,2312601.0,103,277329832.0,2.007458036465403,Asia,0.8338810806332584,0.3713989196805917,7.463064491089394,1.6197563306310745,23.2444639828785,1.6257203533003144
Indonesia,IDN,2021-03-22,8226632.0,5732210.0,2494422.0,161,277329832.0,2.0669287392061015,Asia,0.8994423650752438,0.5805361754230609,7.463064491089394,1.6197563306310745,23.2444639828785,1.6257203533003144
Iran (Islamic Republic of),IRN,2021-04-14,462642.0,361951.0,100691.0,291,85374437.0,0.4239571149382806,Unknown,0.11794045564247763,3.408514424522647,8.60318610675313,3.959980211419504,20.260881057678773,2.048871017881066
Iran (Islamic Republic of),IRN,2021-04-19,550131.0,416084.0,134047.0,405,85374437.0,0.4873636824099935,Unknown,0.15701069864741832,4.7438087351603855,8.60318610675313,3.959980211419504,20.260881057678773,2.048871017881066
Iran (Islamic Republic of),IRN,2021-04-20,621822.0,480646.0,141176.0,398,85374437.0,0.5629858502024441,Unknown,0.1653609733320994,4.6618169792440325,8.60318610675313,3.959980211419504,20.260881057678773,2.048871017881066
Iran (Islamic Republic of),IRN,2021-04-22,667202.0,518904.0,148298.0,388,85374437.0,0.6077978587431271,Unknown,0.17370304884118884,4.544685899363529,8.60318610675313,3.959980211419504,20.260881057678773,2.048871017881066
Iran (Islamic Republic of),IRN,2021-04-28,938754.0,744914.0,193840.0,462,85374437.0,0.8725258123810528,Unknown,0.22704688524036765,5.411455890479254,8.60318610675313,3.959980211419504,20.260881057678773,2.048871017881066
Iran (Islamic Republic of),IRN,2021-04-29,1002591.0,798465.0,204126.0,434,85374437.0,0.9352506769678612,Unknown,0.23909498811687624,5.083488866813845,8.60318610675313,3.959980211419504,20.260881057678773,2.048871017881066
Iran (Islamic Republic of),IRN,2021-04-30,1068123.0,858296.0,209827.0,385,85374437.0,1.005331373371165,Unknown,0.24577263098086374,4.509546575399378,8.60318610675313,3.959980211419504,20.260881057678773,2.048871017881066
Iran (Islamic Republic of),IRN,2021-05-04,1314641.0,1083138.0,231503.0,391,85374437.0,1.2686912359960862,Unknown,0.2711619638557617,4.579825223327681,8.60318610675313,3.959980211419504,20.260881057678773,2.048871017881066
Iran (Islamic Republic of),IRN,2021-05-07,1485287.0,1231652.0,253635.0,338,85374437.0,1.442647287969817,Unknown,0.29708541445491465,3.9590304999610124,8.60318610675313,3.959980211419504,20.260881057678773,2.048871017881066
Iran (Islamic Republic of),IRN,2021-05-10,1767570.0,1475436.0,292134.0,386,85374437.0,1.7281941197457031,Unknown,0.3421797088981096,4.521259683387429,8.60318610675313,3.959980211419504,20.260881057678773,2.048871017881066
Iran (Islamic Republic of),IRN,2021-05-17,2329379.0,1979167.0,350212.0,303,85374437.0,2.3182196797385615,Unknown,0.4102070974711084,3.5490717203792514,8.60318610675313,3.959980211419504,20.260881057678773,2.048871017881066
Iran (Islamic Republic of),IRN,2021-05-24,3141577.0,2738504.0,403073.0,216,85374437.0,3.207639307770779,Unknown,0.4721237576067412,2.530031325418872,8.60318610675313,3.959980211419504,20.260881057678773,2.048871017881066
Iran (Islamic Republic of),IRN,2021-06-08,4553653.0,3915783.0,637870.0,120,85374437.0,4.58659891367717,Unknown,0.7471440192337667,1.40557295856604,8.60318610675313,3.959980211419504,20.260881057678773,2.048871017881066
Iran (Islamic Republic of),IRN,2021-06-14,4792881.0,3984095.0,808786.0,187,85374437.0,4.66661349696514,Unknown,0.9473397757223276,2.1903511937654128,8.60318610675313,3.959980211419504,20.260881057678773,2.048871017881066
Iraq,IRQ,2021-06-08,613840.0,447321.0,166519.0,28,41509463.0,1.0776362006899487,Asia,0.4011591284618642,0.674544982670578,4.259742531480111,0.863256971870085,23.2444639828785,1.6257203533003144
Iraq,IRQ,2021-06-14,703820.0,494524.0,209296.0,15,41509463.0,1.191352439322089,Asia,0.5042127381893617,0.36136338357352393,4.259742531480111,0.863256971870085,23.2444639828785,1.6257203533003144
Iraq,IRQ,2021-06-20,805363.0,548696.0,256667.0,26,41509463.0,1.3218576207550552,Asia,0.6183337038111044,0.6263631981941081,4.259742531480111,0.863256971870085,23.2444639828785,1.6257203533003144
Iraq,IRQ,2021-07-05,1087866.0,699325.0,388541.0,35,41509463.0,1.684736321450364,Asia,0.9360299361136039,0.8431812283382225,4.259742531480111,0.863256971870085,23.2444639828785,1.6257203533003144
Ireland,IRL,2020-12-28,85.0,80.0,10.0,4,4997725.0,0.0016007283313907,Europe,0.00020009104142384784,0.8003641656953914,30.114644830064346,2.1603162772394775,24.78207907735958,3.0760247467090363
Ireland,IRL,2020-12-29,142.0,137.0,10.0,1,4997725.0,0.0027412472675067,Europe,0.00020009104142384784,0.20009104142384784,30.114644830064346,2.1603162772394775,24.78207907735958,3.0760247467090363
Ireland,IRL,2020-12-30,1177.0,1172.0,10.0,9,4997725.0,0.0234506700548749,Europe,0.00020009104142384784,1.8008193728146307,30.114644830064346,2.1603162772394775,24.78207907735958,3.0760247467090363
Ireland,IRL,2020-12-31,2188.0,2183.0,10.0,13,4997725.0,0.0436798743428259,Europe,0.00020009104142384784,2.601183538510022,30.114644830064346,2.1603162772394775,24.78207907735958,3.0760247467090363
Ireland,IRL,2021-01-01,2969.0,2964.0,10.0,12,4997725.0,0.0593069846780285,Europe,0.00020009104142384784,2.4010924970861742,30.114644830064346,2.1603162772394775,24.78207907735958,3.0760247467090363
Ireland,IRL,2021-01-02,3968.0,3963.0,10.0,11,4997725.0,0.0792960797162709,Europe,0.00020009104142384784,2.2010014556623263,30.114644830064346,2.1603162772394775,24.78207907735958,3.0760247467090363
Ireland,IRL,2021-01-03,3975.0,3970.0,10.0,4,4997725.0,0.0794361434452675,Europe,0.00020009104142384784,0.8003641656953914,30.114644830064346,2.1603162772394775,24.78207907735958,3.0760247467090363
Ireland,IRL,2021-01-04,5130.0,5124.0,11.0,7,4997725.0,0.1025266496255796,Europe,0.00022010014556623263,1.400637289966935,30.114644830064346,2.1603162772394775,24.78207907735958,3.0760247467090363
Ireland,IRL,2021-01-05,8605.0,8599.0,11.0,6,4997725.0,0.1720582865203667,Europe,0.00022010014556623263,1.2005462485430871,30.114644830064346,2.1603162772394775,24.78207907735958,3.0760247467090363
Ireland,IRL,2021-01-06,15325.0,15318.0,12.0,17,4997725.0,0.3064994572530501,Europe,0.0002401092497086174,3.4015477042054134,30.114644830064346,2.1603162772394775,24.78207907735958,3.0760247467090363
Ireland,IRL,2021-01-07,27000.0,26993.0,12.0,17,4997725.0,0.5401057481153925,Europe,0.0002401092497086174,3.4015477042054134,30.114644830064346,2.1603162772394775,24.78207907735958,3.0760247467090363
Ireland,IRL,2021-01-08,39635.0,39628.0,12.0,10,4997725.0,0.7929207789544244,Europe,0.0002401092497086174,2.0009104142384784,30.114644830064346,2.1603162772394775,24.78207907735958,3.0760247467090363
Ireland,IRL,2021-01-09,47672.0,47665.0,12.0,20,4997725.0,0.9537339489467708,Europe,0.0002401092497086174,4.001820828476957,30.114644830064346,2.1603162772394775,24.78207907735958,3.0760247467090363
Ireland,IRL,2021-01-10,52419.0,52412.0,13.0,9,4997725.0,1.0487171663106714,Europe,0.0002601183538510022,1.8008193728146307,30.114644830064346,2.1603162772394775,24.78207907735958,3.0760247467090363
Ireland,IRL,2021-01-11,60719.0,60710.0,15.0,8,4997725.0,1.2147527124841804,Europe,0.00030013656213577174,1.6007283313907827,30.114644830064346,2.1603162772394775,24.78207907735958,3.0760247467090363
Ireland,IRL,2021-01-12,69539.0,69530.0,15.0,8,4997725.0,1.3912330110200142,Europe,0.00030013656213577174,1.6007283313907827,30.114644830064346,2.1603162772394775,24.78207907735958,3.0760247467090363
Ireland,IRL,2021-01-13,79352.0,79343.0,15.0,46,4997725.0,1.587582349969236,Europe,0.00030013656213577174,9.204187905497001,30.114644830064346,2.1603162772394775,24.78207907735958,3.0760247467090363
Ireland,IRL,2021-01-14,87364.0,87355.0,15.0,63,4997725.0,1.7478952923580229,Europe,0.00030013656213577174,12.605735609702414,30.114644830064346,2.1603162772394775,24.78207907735958,3.0760247467090363
Ireland,IRL,2021-01-15,94979.0,94969.0,16.0,28,4997725.0,1.9002446112981408,Europe,0.00032014566627815654,5.60254915986774,30.114644830064346,2.1603162772394775,24.78207907735958,3.0760247467090363
Ireland,IRL,2021-01-16,100169.0,100158.0,17.0,50,4997725.0,2.004071852692975,Europe,0.00034015477042054134,10.004552071192393,30.114644830064346,2.1603162772394775,24.78207907735958,3.0760247467090363
Ireland,IRL,2021-01-17,101259.0,101247.0,18.0,60,4997725.0,2.025861767104032,Europe,0.00036016387456292613,12.00546248543087,30.114644830064346,2.1603162772394775,24.78207907735958,3.0760247467090363
Ireland,IRL,2021-01-18,109898.0,109884.0,20.0,13,4997725.0,2.19868039958181,Europe,0.0004001820828476957,2.601183538510022,30.114644830064346,2.1603162772394775,24.78207907735958,3.0760247467090363
Ireland,IRL,2021-01-19,118232.0,118209.0,29.0,8,4997725.0,2.365256191567163,Europe,0.0005802640201291588,1.6007283313907827,30.114644830064346,2.1603162772394775,24.78207907735958,3.0760247467090363
Ireland,IRL,2021-01-20,127569.0,126596.0,979.0,93,4997725.0,2.5330725480093443,Europe,0.019588912955394704,18.608466852417852,30.114644830064346,2.1603162772394775,24.78207907735958,3.0760247467090363
Ireland,IRL,2021-01-21,137431.0,135507.0,1930.0,61,4997725.0,2.711373675022135,Europe,0.03861757099480263,12.205553526854718,30.114644830064346,2.1603162772394775,24.78207907735958,3.0760247467090363
Ireland,IRL,2021-01-22,145092.0,142212.0,2886.0,51,4997725.0,2.845534718296825,Europe,0.0577462745549225,10.20464311261624,30.114644830064346,2.1603162772394775,24.78207907735958,3.0760247467090363
Ireland,IRL,2021-01-23,149679.0,146347.0,3338.0,52,4997725.0,2.928272363925586,Europe,0.06679038962728041,10.404734154040089,30.114644830064346,2.1603162772394775,24.78207907735958,3.0760247467090363
Ireland,IRL,2021-01-24,151224.0,147501.0,3729.0,77,4997725.0,2.951362870105898,Europe,0.07461394934695287,15.407010189636285,30.114644830064346,2.1603162772394775,24.78207907735958,3.0760247467090363
Ireland,IRL,2021-01-25,153808.0,148807.0,5007.0,23,4997725.0,2.977494760115853,Europe,0.10018558444092063,4.6020939527485005,30.114644830064346,2.1603162772394775,24.78207907735958,3.0760247467090363
Ireland,IRL,2021-01-26,158257.0,149768.0,8495.0,7,4997725.0,2.9967235091966846,Europe,0.16997733968955875,1.400637289966935,30.114644830064346,2.1603162772394775,24.78207907735958,3.0760247467090363
Ireland,IRL,2021-01-27,167055.0,151883.0,15178.0,90,4997725.0,3.0390427644578284,Europe,0.30369818267311627,18.008193728146306,30.114644830064346,2.1603162772394775,24.78207907735958,3.0760247467090363
Ireland,IRL,2021-01-28,179507.0,152814.0,26699.0,54,4997725.0,3.0576712404143884,Europe,0.5342230714975315,10.804916236887784,30.114644830064346,2.1603162772394775,24.78207907735958,3.0760247467090363
Ireland,IRL,2021-01-29,192530.0,154327.0,38209.0,47,4997725.0,3.0879450149818166,Europe,0.7645278601763802,9.404278946920849,30.114644830064346,2.1603162772394775,24.78207907735958,3.0760247467090363
Ireland,IRL,2021-01-30,200897.0,154914.0,45989.0,48,4997725.0,3.0996903591133966,Europe,0.9201986904041339,9.604369988344697,30.114644830064346,2.1603162772394775,24.78207907735958,3.0760247467090363
Isle of Man,IMN,2021-01-25,4209.0,3897.0,312.0,0,85410.0,4.562697576396206,Europe,0.365296803652968,0.0,34.825558134239536,0.5028074613754083,24.78207907735958,3.0760247467090363
Isle of Man,IMN,2021-01-26,4886.0,4247.0,639.0,0,85410.0,4.972485657417165,Europe,0.7481559536354057,0.0,34.825558134239536,0.5028074613754083,24.78207907735958,3.0760247467090363
Israel,ISR,2020-12-19,65.0,64.0,1.0,16,8835350.0,0.0007243629284635,Asia,1.1318170757242214e-05,1.8109073211587543,48.35726128853311,1.812721130574979,23.2444639828785,1.6257203533003144
Israel,ISR,2020-12-20,7447.0,7446.0,1.0,19,8835350.0,0.0842750994584255,Asia,1.1318170757242214e-05,2.150452443876021,48.35726128853311,1.812721130574979,23.2444639828785,1.6257203533003144
Israel,ISR,2020-12-21,32348.0,32347.0,1.0,19,8835350.0,0.3661088694845139,Asia,1.1318170757242214e-05,2.150452443876021,48.35726128853311,1.812721130574979,23.2444639828785,1.6257203533003144
Israel,ISR,2020-12-22,76979.0,76978.0,1.0,16,8835350.0,0.8712501485509913,Asia,1.1318170757242214e-05,1.8109073211587543,48.35726128853311,1.812721130574979,23.2444639828785,1.6257203533003144
Israel,ISR,2020-12-23,139852.0,139851.0,1.0,13,8835350.0,1.582857498571081,Asia,1.1318170757242214e-05,1.471362198441488,48.35726128853311,1.812721130574979,23.2444639828785,1.6257203533003144
Israel,ISR,2020-12-24,213231.0,213230.0,1.0,25,8835350.0,2.4133735505667575,Asia,1.1318170757242214e-05,2.8295426893105535,48.35726128853311,1.812721130574979,23.2444639828785,1.6257203533003144
Israel,ISR,2020-12-25,251709.0,251708.0,1.0,15,8835350.0,2.8488741249639236,Asia,1.1318170757242214e-05,1.6977256135863321,48.35726128853311,1.812721130574979,23.2444639828785,1.6257203533003144
Israel,ISR,2020-12-26,284308.0,284307.0,1.0,21,8835350.0,3.2178351734792625,Asia,1.1318170757242214e-05,2.376815859020865,48.35726128853311,1.812721130574979,23.2444639828785,1.6257203533003144
Israel,ISR,2020-12-27,388775.0,388774.0,1.0,23,8835350.0,4.400210517976085,Asia,1.1318170757242214e-05,2.603179274165709,48.35726128853311,1.812721130574979,23.2444639828785,1.6257203533003144
Israel,ISR,2020-12-28,523697.0,523696.0,1.0,21,8835350.0,5.927280752884719,Asia,1.1318170757242214e-05,2.376815859020865,48.35726128853311,1.812721130574979,23.2444639828785,1.6257203533003144
Israel,ISR,2020-12-29,679852.0,679851.0,1.0,32,8835350.0,7.694669707481877,Asia,1.1318170757242214e-05,3.6218146423175086,48.35726128853311,1.812721130574979,23.2444639828785,1.6257203533003144
Israel,ISR,2020-12-30,832816.0,832815.0,1.0,25,8835350.0,9.425942379192676,Asia,1.1318170757242214e-05,2.8295426893105535,48.35726128853311,1.812721130574979,23.2444639828785,1.6257203533003144
Israel,ISR,2020-12-31,991222.0,991221.0,1.0,16,8835350.0,11.218808536164383,Asia,1.1318170757242214e-05,1.8109073211587543,48.35726128853311,1.812721130574979,23.2444639828785,1.6257203533003144
Israel,ISR,2021-01-01,1062552.0,1062551.0,1.0,36,8835350.0,12.026133656278471,Asia,1.1318170757242214e-05,4.074541472607198,48.35726128853311,1.812721130574979,23.2444639828785,1.6257203533003144
Israel,ISR,2021-01-02,1134225.0,1134224.0,1.0,34,8835350.0,12.837340908962297,Asia,1.1318170757242214e-05,3.848178057462353,48.35726128853311,1.812721130574979,23.2444639828785,1.6257203533003144
Israel,ISR,2021-01-03,1283807.0,1283806.0,1.0,27,8835350.0,14.530335527172095,Asia,1.1318170757242214e-05,3.055906104455398,48.35726128853311,1.812721130574979,23.2444639828785,1.6257203533003144
Israel,ISR,2021-01-04,1435842.0,1435840.0,2.0,26,8835350.0,16.25108230007866,Asia,2.263634151448443e-05,2.942724396882976,48.35726128853311,1.812721130574979,23.2444639828785,1.6257203533003144
Israel,ISR,2021-01-05,1560877.0,1560875.0,2.0,38,8835350.0,17.66624978071044,Asia,2.263634151448443e-05,4.300904887752042,48.35726128853311,1.812721130574979,23.2444639828785,1.6257203533003144
Israel,ISR,2021-01-06,1664088.0,1664085.0,3.0,23,8835350.0,18.83439818456541,Asia,3.395451227172664e-05,2.603179274165709,48.35726128853311,1.812721130574979,23.2444639828785,1.6257203533003144
Israel,ISR,2021-01-07,1780037.0,1780029.0,8.0,43,8835350.0,20.146672174843104,Asia,9.054536605793771e-05,4.8668134256141515,48.35726128853311,1.812721130574979,23.2444639828785,1.6257203533003144
Israel,ISR,2021-01-08,1846425.0,1846414.0,11.0,48,8835350.0,20.898028940562625,Asia,0.00012449987832966435,5.432721963476263,48.35726128853311,1.812721130574979,23.2444639828785,1.6257203533003144
Israel,ISR,2021-01-09,1890939.0,1890905.0,34.0,46,8835350.0,21.40158567572309,Asia,0.00038481780574623533,5.206358548331418,48.35726128853311,1.812721130574979,23.2444639828785,1.6257203533003144
Israel,ISR,2021-01-10,1934509.0,1928485.0,6024.0,20,8835350.0,21.82692253278025,Asia,0.0681806606416271,2.2636341514484433,48.35726128853311,1.812721130574979,23.2444639828785,1.6257203533003144
Israel,ISR,2021-01-11,1974839.0,1949568.0,25271.0,43,8835350.0,22.065543526855187,Asia,0.28602149320626796,4.8668134256141515,48.35726128853311,1.812721130574979,23.2444639828785,1.6257203533003144
Israel,ISR,2021-01-12,2034456.0,1973538.0,60918.0,28,8835350.0,22.33684007990629,Asia,0.6894803261896812,3.16908781202782,48.35726128853311,1.812721130574979,23.2444639828785,1.6257203533003144
Italy,ITA,2021-01-04,196896.0,196896.0,9.0,347,60340331.0,0.3263091148770795,Europe,1.4915397132972307e-05,5.750714227934878,28.600869073070825,3.1841349487585138,24.78207907735958,3.0760247467090363
Italy,ITA,2021-01-05,277906.0,277906.0,11.0,348,60340331.0,0.4605642617373113,Europe,1.8229929829188374e-05,5.767286891415958,28.600869073070825,3.1841349487585138,24.78207907735958,3.0760247467090363
Italy,ITA,2021-01-06,343933.0,343933.0,12.0,649,60340331.0,0.5699885869038405,Europe,1.988719617729641e-05,10.75565859922114,28.600869073070825,3.1841349487585138,24.78207907735958,3.0760247467090363
Italy,ITA,2021-01-07,437425.0,437425.0,14.0,548,60340331.0,0.7249297323211568,Europe,2.3201728873512476e-05,9.081819587632026,28.600869073070825,3.1841349487585138,24.78207907735958,3.0760247467090363
Italy,ITA,2021-01-08,534612.0,534612.0,14.0,414,60340331.0,0.8859944768947322,Europe,2.3201728873512476e-05,6.861082681167262,28.600869073070825,3.1841349487585138,24.78207907735958,3.0760247467090363
Italy,ITA,2021-01-09,623078.0,623078.0,14.0,620,60340331.0,1.0326062016464577,Europe,2.3201728873512476e-05,10.27505135826981,28.600869073070825,3.1841349487585138,24.78207907735958,3.0760247467090363
Italy,ITA,2021-01-10,684128.0,684128.0,14.0,483,60340331.0,1.1337823121984532,Europe,2.3201728873512476e-05,8.004596461361805,28.600869073070825,3.1841349487585138,24.78207907735958,3.0760247467090363
Italy,ITA,2021-01-11,766424.0,766424.0,14.0,361,60340331.0,1.270168703582352,Europe,2.3201728873512476e-05,5.982731516670003,28.600869073070825,3.1841349487585138,24.78207907735958,3.0760247467090363
Italy,ITA,2021-01-12,849779.0,849779.0,14.0,448,60340331.0,1.408310140028897,Europe,2.3201728873512476e-05,7.424553239523993,28.600869073070825,3.1841349487585138,24.78207907735958,3.0760247467090363
Italy,ITA,2021-01-13,945666.0,945666.0,14.0,616,60340331.0,1.5672204383499322,Europe,2.3201728873512476e-05,10.20876070434549,28.600869073070825,3.1841349487585138,24.78207907735958,3.0760247467090363
Italy,ITA,2021-01-14,1040708.0,1040708.0,14.0,507,60340331.0,1.7247303466068158,Europe,2.3201728873512476e-05,8.402340384907733,28.600869073070825,3.1841349487585138,24.78207907735958,3.0760247467090363
Italy,ITA,2021-01-15,1131616.0,1131616.0,14.0,522,60340331.0,1.875389115780621,Europe,2.3201728873512476e-05,8.650930337123938,28.600869073070825,3.1841349487585138,24.78207907735958,3.0760247467090363
Italy,ITA,2021-01-16,1197365.0,1197365.0,14.0,477,60340331.0,1.9843527209023764,Europe,2.3201728873512476e-05,7.905160480475322,28.600869073070825,3.1841349487585138,24.78207907735958,3.0760247467090363
Italy,ITA,2021-01-17,1234895.0,1231910.0,2999.0,475,60340331.0,2.0416029868977685,Europe,0.004970141777975994,7.872015153513162,28.600869073070825,3.1841349487585138,24.78207907735958,3.0760247467090363
Italy,ITA,2021-01-18,1279406.0,1271334.0,8086.0,377,60340331.0,2.1069390554055794,Europe,0.013400655690801563,6.247894132367288,28.600869073070825,3.1841349487585138,24.78207907735958,3.0760247467090363
Italy,ITA,2021-01-19,1312844.0,1302993.0,9865.0,377,60340331.0,2.159406450720332,Europe,0.016348932524085754,6.247894132367288,28.600869073070825,3.1841349487585138,24.78207907735958,3.0760247467090363
Italy,ITA,2021-01-20,1344232.0,1329793.0,14453.0,603,60340331.0,2.203821188849626,Europe,0.023952470529205416,9.993316079091446,28.600869073070825,3.1841349487585138,24.78207907735958,3.0760247467090363
Italy,ITA,2021-01-21,1380576.0,1346254.0,34336.0,524,60340331.0,2.2311014502058333,Europe,0.05690389732863746,8.684075664086098,28.600869073070825,3.1841349487585138,24.78207907735958,3.0760247467090363
Italy,ITA,2021-01-22,1407775.0,1359341.0,48448.0,521,60340331.0,2.2527900949035233,Europe,0.08029124003313803,8.634357673642857,28.600869073070825,3.1841349487585138,24.78207907735958,3.0760247467090363
Italy,ITA,2021-01-23,1447048.0,1365359.0,81703.0,472,60340331.0,2.2627635237864374,Europe,0.1354036324394707,7.82229716306992,28.600869073070825,3.1841349487585138,24.78207907735958,3.0760247467090363
Italy,ITA,2021-01-24,1481023.0,1368593.0,112444.0,488,60340331.0,2.2681231231562187,Europe,0.18634965724665978,8.087459778767206,28.600869073070825,3.1841349487585138,24.78207907735958,3.0760247467090363
Italy,ITA,2021-01-25,1550499.0,1373479.0,177034.0,299,60340331.0,2.2762205265330744,Europe,0.2933924906709577,4.955226380843023,28.600869073070825,3.1841349487585138,24.78207907735958,3.0760247467090363
Italy,ITA,2021-01-26,1631225.0,1377819.0,253420.0,420,60340331.0,2.2834130624838633,Europe,0.41998443793753804,6.960518662053743,28.600869073070825,3.1841349487585138,24.78207907735958,3.0760247467090363
Italy,ITA,2021-01-27,1702310.0,1384155.0,318169.0,541,60340331.0,2.2939135020654757,Europe,0.5272907767111851,8.965810943264465,28.600869073070825,3.1841349487585138,24.78207907735958,3.0760247467090363
Italy,ITA,2021-01-28,1796278.0,1389032.0,407260.0,467,60340331.0,2.3019959900451985,Europe,0.674938292930478,7.739433845664519,28.600869073070825,3.1841349487585138,24.78207907735958,3.0760247467090363
Italy,ITA,2021-01-29,1895130.0,1394006.0,501138.0,492,60340331.0,2.310239232860688,Europe,0.830519143158164,8.153750432691528,28.600869073070825,3.1841349487585138,24.78207907735958,3.0760247467090363
Italy,ITA,2021-01-30,1985695.0,1398180.0,587529.0,477,60340331.0,2.317156662597691,Europe,0.9736920402375652,7.905160480475322,28.600869073070825,3.1841349487585138,24.78207907735958,3.0760247467090363
Jamaica,JAM,2021-05-14,153146.0,146147.0,6999.0,14,2977572.0,4.908260824591312,North America,0.23505728828723538,4.701817453952415,6.749162292856954,3.673294885900324,25.330161870977133,2.7121448645862953
Jamaica,JAM,2021-05-21,164703.0,150273.0,14430.0,10,2977572.0,5.046830101841366,North America,0.48462304186095245,3.3584410385374395,6.749162292856954,3.673294885900324,25.330161870977133,2.7121448645862953
Jamaica,JAM,2021-05-28,177883.0,155683.0,22200.0,1,2977572.0,5.228521762026241,North America,0.7455739105553115,0.3358441038537439,6.749162292856954,3.673294885900324,25.330161870977133,2.7121448645862953
Jamaica,JAM,2021-06-04,177889.0,155683.0,22206.0,0,2977572.0,5.228521762026241,North America,0.7457754170176237,0.0,6.749162292856954,3.673294885900324,25.330161870977133,2.7121448645862953
Japan,JPN,2021-03-10,148950.0,148915.0,35.0,54,125907352.0,0.1182734746101244,Asia,2.779821785148813e-05,0.42888678970867405,20.453056353607323,0.3472896149025013,23.2444639828785,1.6257203533003144
Japan,JPN,2021-03-11,181184.0,180741.0,443.0,49,125907352.0,0.1435507912198804,Asia,0.00035184601452026407,0.38917504992083385,20.453056353607323,0.3472896149025013,23.2444639828785,1.6257203533003144
Japan,JPN,2021-03-12,230542.0,227194.0,3348.0,49,125907352.0,0.1804453801871713,Asia,0.002659098096193779,0.38917504992083385,20.453056353607323,0.3472896149025013,23.2444639828785,1.6257203533003144
Japan,JPN,2021-03-15,290275.0,282398.0,7877.0,30,125907352.0,0.2242903178521298,Asia,0.006256187486176344,0.23827043872704112,20.453056353607323,0.3472896149025013,23.2444639828785,1.6257203533003144
Japan,JPN,2021-03-16,359191.0,349844.0,9347.0,32,125907352.0,0.2778582778867433,Asia,0.007423712635938845,0.2541551346421772,20.453056353607323,0.3472896149025013,23.2444639828785,1.6257203533003144
Japan,JPN,2021-03-17,437485.0,423196.0,14289.0,56,125907352.0,0.3361169886250963,Asia,0.011348820996568969,0.44477148562381014,20.453056353607323,0.3472896149025013,23.2444639828785,1.6257203533003144
Japan,JPN,2021-03-18,508702.0,490413.0,18289.0,39,125907352.0,0.3895030688914814,Asia,0.014525760179596184,0.3097515703451535,20.453056353607323,0.3472896149025013,23.2444639828785,1.6257203533003144
Japan,JPN,2021-03-19,578835.0,553454.0,25381.0,41,125907352.0,0.4395724246507861,Asia,0.020158473351103438,0.3256362662602896,20.453056353607323,0.3472896149025013,23.2444639828785,1.6257203533003144
Japan,JPN,2021-03-22,652698.0,623569.0,29129.0,23,125907352.0,0.4952601973552744,Asia,0.023135265365599938,0.18267400302406486,20.453056353607323,0.3472896149025013,23.2444639828785,1.6257203533003144
Japan,JPN,2021-03-23,699126.0,667370.0,31756.0,26,125907352.0,0.5300484756442182,Asia,0.02522172017405306,0.20650104689676899,20.453056353607323,0.3472896149025013,23.2444639828785,1.6257203533003144
Japan,JPN,2021-03-24,741180.0,706101.0,35079.0,47,125907352.0,0.5608099835186748,Asia,0.02786096240035292,0.37329035400569777,20.453056353607323,0.3472896149025013,23.2444639828785,1.6257203533003144
Japan,JPN,2021-03-25,775122.0,737672.0,37450.0,30,125907352.0,0.585884770255513,Asia,0.029744093101092304,0.23827043872704112,20.453056353607323,0.3472896149025013,23.2444639828785,1.6257203533003144
Japan,JPN,2021-03-26,822869.0,781665.0,41204.0,29,125907352.0,0.620825541625242,Asia,0.032725650524363346,0.23032809076947308,20.453056353607323,0.3472896149025013,23.2444639828785,1.6257203533003144
Japan,JPN,2021-03-29,890662.0,825704.0,64958.0,30,125907352.0,0.6558028477955758,Asia,0.05159190386277047,0.23827043872704112,20.453056353607323,0.3472896149025013,23.2444639828785,1.6257203533003144
Japan,JPN,2021-03-30,949731.0,852946.0,96785.0,25,125907352.0,0.6774393921015828,Asia,0.07687001470732226,0.19855869893920094,20.453056353607323,0.3472896149025013,23.2444639828785,1.6257203533003144
Japan,JPN,2021-03-31,1002739.0,877159.0,125580.0,27,125907352.0,0.6966701992112422,Asia,0.09974000565113941,0.21444339485433703,20.453056353607323,0.3472896149025013,23.2444639828785,1.6257203533003144
Japan,JPN,2021-04-01,1050112.0,893315.0,156797.0,49,125907352.0,0.7095018565714891,Asia,0.12453363327027955,0.38917504992083385,20.453056353607323,0.3472896149025013,23.2444639828785,1.6257203533003144
Japan,JPN,2021-04-02,1096698.0,913341.0,183357.0,23,125907352.0,0.725407202591315,Asia,0.14562850944558026,0.18267400302406486,20.453056353607323,0.3472896149025013,23.2444639828785,1.6257203533003144
Japan,JPN,2021-04-05,1196884.0,956638.0,240246.0,10,125907352.0,0.7597951865431973,Asia,0.1908117327413891,0.07942347957568038,20.453056353607323,0.3472896149025013,23.2444639828785,1.6257203533003144
Japan,JPN,2021-04-06,1288566.0,996058.0,292508.0,18,125907352.0,0.7911039221919304,Asia,0.23232003163723117,0.14296226323622468,20.453056353607323,0.3472896149025013,23.2444639828785,1.6257203533003144
Japan,JPN,2021-04-07,1393108.0,1036429.0,356679.0,30,125907352.0,0.8231679751314284,Asia,0.28328687271574104,0.23827043872704112,20.453056353607323,0.3472896149025013,23.2444639828785,1.6257203533003144
Japan,JPN,2021-04-08,1487606.0,1066385.0,421221.0,22,125907352.0,0.8469600726731191,Asia,0.3345483749034766,0.17473165506649682,20.453056353607323,0.3472896149025013,23.2444639828785,1.6257203533003144
Japan,JPN,2021-04-09,1592517.0,1101698.0,490819.0,33,125907352.0,0.8750068860156792,Asia,0.38982552821855865,0.26209748259974525,20.453056353607323,0.3472896149025013,23.2444639828785,1.6257203533003144
Japan,JPN,2021-04-12,1694191.0,1133286.0,560905.0,18,125907352.0,0.9000951747440452,Asia,0.44549026811397,0.14296226323622468,20.453056353607323,0.3472896149025013,23.2444639828785,1.6257203533003144
Japan,JPN,2021-04-13,1752419.0,1151424.0,600995.0,25,125907352.0,0.914501005469482,Asia,0.4773311410758603,0.19855869893920094,20.453056353607323,0.3472896149025013,23.2444639828785,1.6257203533003144
Japan,JPN,2021-04-14,1808495.0,1166073.0,642422.0,44,125907352.0,0.9261357509925237,Asia,0.5102339059596773,0.34946331013299364,20.453056353607323,0.3472896149025013,23.2444639828785,1.6257203533003144
Japan,JPN,2021-04-15,1870352.0,1191947.0,678405.0,31,125907352.0,0.9466857820979347,Asia,0.5388128566153945,0.24621278668460916,20.453056353607323,0.3472896149025013,23.2444639828785,1.6257203533003144
Japan,JPN,2021-04-16,1951691.0,1233295.0,718396.0,38,125907352.0,0.9795258024328872,Asia,0.5705751003325048,0.30180922238758545,20.453056353607323,0.3472896149025013,23.2444639828785,1.6257203533003144
Japan,JPN,2021-04-17,1960253.0,1241857.0,718396.0,46,125907352.0,0.9863260407541572,Asia,0.5705751003325048,0.3653480060481297,20.453056353607323,0.3472896149025013,23.2444639828785,1.6257203533003144
Japan,JPN,2021-04-18,1968952.0,1250556.0,718396.0,38,125907352.0,0.9932350892424456,Asia,0.5705751003325048,0.30180922238758545,20.453056353607323,0.3472896149025013,23.2444639828785,1.6257203533003144
Japan,JPN,2021-04-19,2124028.0,1351325.0,772703.0,19,125907352.0,1.0732693353760627,Asia,0.6137076093856696,0.15090461119379273,20.453056353607323,0.3472896149025013,23.2444639828785,1.6257203533003144
Japan,JPN,2021-04-20,2305110.0,1504610.0,800500.0,30,125907352.0,1.1950136160436446,Asia,0.6357849540033214,0.23827043872704112,20.453056353607323,0.3472896149025013,23.2444639828785,1.6257203533003144
Japan,JPN,2021-04-21,2523714.0,1696518.0,827196.0,39,125907352.0,1.3474336272277412,Asia,0.656987846110845,0.3097515703451535,20.453056353607323,0.3472896149025013,23.2444639828785,1.6257203533003144
Japan,JPN,2021-04-22,2738010.0,1888959.0,849051.0,54,125907352.0,1.5002769655579764,Asia,0.67434584757211,0.42888678970867405,20.453056353607323,0.3472896149025013,23.2444639828785,1.6257203533003144
Japan,JPN,2021-04-23,2977156.0,2098422.0,878734.0,36,125907352.0,1.6666397685815837,Asia,0.6979211190145592,0.28592452647244937,20.453056353607323,0.3472896149025013,23.2444639828785,1.6257203533003144
Japan,JPN,2021-04-24,3017983.0,2139249.0,878734.0,54,125907352.0,1.6990659925879468,Asia,0.6979211190145592,0.42888678970867405,20.453056353607323,0.3472896149025013,23.2444639828785,1.6257203533003144
Japan,JPN,2021-04-25,3043542.0,2164808.0,878734.0,59,125907352.0,1.719365839732695,Asia,0.6979211190145592,0.4685985294965142,20.453056353607323,0.3472896149025013,23.2444639828785,1.6257203533003144
Japan,JPN,2021-04-26,3372956.0,2452571.0,920385.0,59,125907352.0,1.94791722726406,Asia,0.7310017924926259,0.4685985294965142,20.453056353607323,0.3472896149025013,23.2444639828785,1.6257203533003144
Japan,JPN,2021-04-27,3662687.0,2711197.0,951490.0,32,125907352.0,2.1533269955514593,Asia,0.7557064658146412,0.2541551346421772,20.453056353607323,0.3472896149025013,23.2444639828785,1.6257203533003144
Japan,JPN,2021-04-28,3995987.0,3000229.0,995758.0,51,125907352.0,2.3828862670386397,Asia,0.7908656517532034,0.40505974583596993,20.453056353607323,0.3472896149025013,23.2444639828785,1.6257203533003144
Japan,JPN,2021-04-29,4017511.0,3021753.0,995758.0,52,125907352.0,2.399981376782509,Asia,0.7908656517532034,0.41300209379353797,20.453056353607323,0.3472896149025013,23.2444639828785,1.6257203533003144
Japan,JPN,2021-04-30,4365615.0,3322617.0,1042998.0,87,125907352.0,2.638938034373084,Asia,0.8283853035047549,0.6909842723084193,20.453056353607323,0.3472896149025013,23.2444639828785,1.6257203533003144
Japan,JPN,2021-05-01,4409136.0,3366138.0,1042998.0,35,125907352.0,2.673503926919216,Asia,0.8283853035047549,0.27798217851488133,20.453056353607323,0.3472896149025013,23.2444639828785,1.6257203533003144
Japan,JPN,2021-05-02,4434292.0,3391294.0,1042998.0,67,125907352.0,2.693483697441274,Asia,0.8283853035047549,0.5321373131570586,20.453056353607323,0.3472896149025013,23.2444639828785,1.6257203533003144
Japan,JPN,2021-05-03,4442528.0,3398696.0,1043832.0,65,125907352.0,2.699362623399466,Asia,0.829047695324416,0.5162526172419225,20.453056353607323,0.3472896149025013,23.2444639828785,1.6257203533003144
Japan,JPN,2021-05-04,4451668.0,3407079.0,1044589.0,59,125907352.0,2.7060206936922953,Asia,0.8296489310648039,0.4685985294965142,20.453056353607323,0.3472896149025013,23.2444639828785,1.6257203533003144
Japan,JPN,2021-05-05,4462316.0,3416795.0,1045521.0,50,125907352.0,2.713737478967868,Asia,0.8303891578944492,0.3971173978784019,20.453056353607323,0.3472896149025013,23.2444639828785,1.6257203533003144
Japan,JPN,2021-05-06,4848177.0,3731881.0,1116296.0,47,125907352.0,2.9639897438236966,Asia,0.8866011255641371,0.37329035400569777,20.453056353607323,0.3472896149025013,23.2444639828785,1.6257203533003144
Japan,JPN,2021-05-07,5044329.0,3875529.0,1168800.0,72,125907352.0,3.07807998376457,Asia,0.9283016292805523,0.5718490529448987,20.453056353607323,0.3472896149025013,23.2444639828785,1.6257203533003144
Japan,JPN,2021-05-08,5112955.0,3937048.0,1175907.0,113,125907352.0,3.1269405141647324,Asia,0.9339462559739959,0.8974853192051884,20.453056353607323,0.3472896149025013,23.2444639828785,1.6257203533003144
Japan,JPN,2021-05-09,5194727.0,4010898.0,1183829.0,121,125907352.0,3.185594753831373,Asia,0.9402381840259812,0.9610241028657327,20.453056353607323,0.3472896149025013,23.2444639828785,1.6257203533003144
Jordan,JOR,2021-02-22,80000.0,50000.0,30000.0,11,10300152.0,0.4854297295806897,Asia,0.2912578377484138,1.0679454050775172,21.377368429713126,1.477362107235494,23.2444639828785,1.6257203533003144
Jordan,JOR,2021-03-15,204151.0,155772.0,48379.0,61,10300152.0,1.512327196724864,Asia,0.4696920977476838,5.922242700884414,21.377368429713126,1.477362107235494,23.2444639828785,1.6257203533003144
Jordan,JOR,2021-03-17,241868.0,189456.0,52412.0,69,10300152.0,1.839351496948783,Asia,0.5088468597356621,6.698930268213518,21.377368429713126,1.477362107235494,23.2444639828785,1.6257203533003144
Jordan,JOR,2021-03-21,272648.0,209278.0,63370.0,87,10300152.0,2.0317952589437516,Asia,0.6152336392705661,8.446477294704001,21.377368429713126,1.477362107235494,23.2444639828785,1.6257203533003144
Jordan,JOR,2021-03-24,320140.0,251197.0,68943.0,92,10300152.0,2.43876983562961,Asia,0.6693396369296297,8.931907024284689,21.377368429713126,1.477362107235494,23.2444639828785,1.6257203533003144
Kazakhstan,KAZ,2021-02-24,22294.0,20157.0,2137.0,0,19069054.0,0.1057052961305789,Asia,0.011206638777151714,0.0,19.203657861792458,3.0112321415947925,23.2444639828785,1.6257203533003144
Kazakhstan,KAZ,2021-03-15,87902.0,69095.0,18807.0,55,19069054.0,0.3623409949963957,Asia,0.09862576297702025,2.8842542477461124,19.203657861792458,3.0112321415947925,23.2444639828785,1.6257203533003144
Kazakhstan,KAZ,2021-03-18,109995.0,90748.0,19247.0,0,19069054.0,0.475891462680844,Asia,0.10093316637521715,0.0,19.203657861792458,3.0112321415947925,23.2444639828785,1.6257203533003144
Kazakhstan,KAZ,2021-04-10,385281.0,282372.0,102909.0,0,19069054.0,1.4807866189901189,Asia,0.5396649461478267,0.0,19.203657861792458,3.0112321415947925,23.2444639828785,1.6257203533003144
Kazakhstan,KAZ,2021-04-12,443974.0,338582.0,105392.0,151,19069054.0,1.7755574031097714,Asia,0.5526860430517424,7.918588934721145,19.203657861792458,3.0112321415947925,23.2444639828785,1.6257203533003144
Kazakhstan,KAZ,2021-04-18,856906.0,733980.0,122926.0,0,19069054.0,3.8490635141103486,Asia,0.6446360684698884,0.0,19.203657861792458,3.0112321415947925,23.2444639828785,1.6257203533003144
Kazakhstan,KAZ,2021-04-21,893164.0,766614.0,126550.0,0,19069054.0,4.020199428875706,Asia,0.6636406819132192,0.0,19.203657861792458,3.0112321415947925,23.2444639828785,1.6257203533003144
Kazakhstan,KAZ,2021-04-22,956101.0,823498.0,132603.0,0,19069054.0,4.318504735473506,Asia,0.6953832109343232,0.0,19.203657861792458,3.0112321415947925,23.2444639828785,1.6257203533003144
Kazakhstan,KAZ,2021-04-24,1001805.0,858566.0,143239.0,0,19069054.0,4.502404786309798,Asia,0.7511594439871008,0.0,19.203657861792458,3.0112321415947925,23.2444639828785,1.6257203533003144
Kazakhstan,KAZ,2021-04-27,1133982.0,949451.0,184531.0,0,19069054.0,4.979014690503263,Asia,0.9676987647106144,0.0,19.203657861792458,3.0112321415947925,23.2444639828785,1.6257203533003144
Kenya,KEN,2021-05-31,969692.0,969489.0,203.0,16,55400487.0,1.749964761140096,Africa,0.0003664227716987397,0.28880612547683926,1.1872941338646799,0.2620858737102813,6.7162313205294755,1.7302538308583773
Kenya,KEN,2021-06-02,971714.0,971243.0,471.0,16,55400487.0,1.753130798290636,Africa,0.0008501730318724455,0.28880612547683926,1.1872941338646799,0.2620858737102813,6.7162313205294755,1.7302538308583773
Kenya,KEN,2021-06-03,973987.0,972601.0,1386.0,18,55400487.0,1.7555820402806206,Africa,0.00250178306194312,0.3249068911614441,1.1872941338646799,0.2620858737102813,6.7162313205294755,1.7302538308583773
Kenya,KEN,2021-06-04,976541.0,974000.0,2541.0,17,55400487.0,1.758107288840259,Africa,0.004586602280229053,0.30685650831914163,1.1872941338646799,0.2620858737102813,6.7162313205294755,1.7302538308583773
Kenya,KEN,2021-06-05,981887.0,975265.0,6622.0,17,55400487.0,1.76039066226981,Africa,0.011952963518172684,0.30685650831914163,1.1872941338646799,0.2620858737102813,6.7162313205294755,1.7302538308583773
Kenya,KEN,2021-06-06,983580.0,975399.0,8181.0,24,55400487.0,1.760632537399897,Africa,0.014767018203287635,0.43320918821525883,1.1872941338646799,0.2620858737102813,6.7162313205294755,1.7302538308583773
Kenya,KEN,2021-06-07,989029.0,975835.0,13194.0,23,55400487.0,1.7614195340918213,Africa,0.023815675122133857,0.41515880537295635,1.1872941338646799,0.2620858737102813,6.7162313205294755,1.7302538308583773
Kenya,KEN,2021-06-08,1005509.0,978127.0,27382.0,21,55400487.0,1.7655566818392772,Africa,0.04942555829879257,0.3790580396883515,1.1872941338646799,0.2620858737102813,6.7162313205294755,1.7302538308583773
Kenya,KEN,2021-06-09,1030445.0,979955.0,50490.0,18,55400487.0,1.76885629182285,Africa,0.09113638297078508,0.3249068911614441,1.1872941338646799,0.2620858737102813,6.7162313205294755,1.7302538308583773
Kenya,KEN,2021-06-10,1059117.0,982310.0,76807.0,19,55400487.0,1.773107156982212,Africa,0.13863957549687245,0.3429572740037466,1.1872941338646799,0.2620858737102813,6.7162313205294755,1.7302538308583773
Kenya,KEN,2021-06-11,1095122.0,985070.0,110052.0,17,55400487.0,1.7780890626466876,Africa,0.19864807325610692,0.30685650831914163,1.1872941338646799,0.2620858737102813,6.7162313205294755,1.7302538308583773
Kenya,KEN,2021-06-13,1113158.0,986881.0,126277.0,18,55400487.0,1.7813579869794285,Africa,0.22793481941774268,0.3249068911614441,1.1872941338646799,0.2620858737102813,6.7162313205294755,1.7302538308583773
Kenya,KEN,2021-06-14,1116021.0,987277.0,128744.0,14,55400487.0,1.7820727821399838,Africa,0.23238784886493868,0.2527053597922343,1.1872941338646799,0.2620858737102813,6.7162313205294755,1.7302538308583773
Kenya,KEN,2021-06-15,1138748.0,989422.0,149326.0,11,55400487.0,1.7859445892596577,Africa,0.2695391468309656,0.19855421126532696,1.1872941338646799,0.2620858737102813,6.7162313205294755,1.7302538308583773
Kenya,KEN,2021-06-16,1155745.0,991184.0,164561.0,7,55400487.0,1.789125066716471,Africa,0.2970389050912134,0.12635267989611715,1.1872941338646799,0.2620858737102813,6.7162313205294755,1.7302538308583773
Kenya,KEN,2021-06-17,1164161.0,992418.0,171743.0,0,55400487.0,1.7913524839592114,Africa,0.310002690048555,0.0,1.1872941338646799,0.2620858737102813,6.7162313205294755,1.7302538308583773
Kenya,KEN,2021-06-18,1174071.0,993670.0,180401.0,6,55400487.0,1.7936123918910678,Africa,0.3256307115134205,0.10830229705381471,1.1872941338646799,0.2620858737102813,6.7162313205294755,1.7302538308583773
Kenya,KEN,2021-06-19,1181588.0,994622.0,186966.0,3,55400487.0,1.7953307883376548,Africa,0.337480787849392,0.054151148526907354,1.1872941338646799,0.2620858737102813,6.7162313205294755,1.7302538308583773
Kenya,KEN,2021-06-20,1183376.0,995012.0,188364.0,10,55400487.0,1.7960347532685046,Africa,0.3400042313707459,0.1805038284230245,1.1872941338646799,0.2620858737102813,6.7162313205294755,1.7302538308583773
Kenya,KEN,2021-06-21,1187663.0,995570.0,192093.0,9,55400487.0,1.797041964631105,Africa,0.3467352191326405,0.16245344558072206,1.1872941338646799,0.2620858737102813,6.7162313205294755,1.7302538308583773
Kenya,KEN,2021-06-22,1190889.0,996414.0,194475.0,5,55400487.0,1.7985654169429952,Africa,0.3510348203256769,0.09025191421151225,1.1872941338646799,0.2620858737102813,6.7162313205294755,1.7302538308583773
Kenya,KEN,2021-06-23,1201325.0,997420.0,203905.0,23,55400487.0,1.8003812854569312,Africa,0.36805633134596816,0.41515880537295635,1.1872941338646799,0.2620858737102813,6.7162313205294755,1.7302538308583773
Kenya,KEN,2021-06-24,1220151.0,998073.0,222078.0,30,55400487.0,1.8015599754565337,Africa,0.40085929208528437,0.5415114852690736,1.1872941338646799,0.2620858737102813,6.7162313205294755,1.7302538308583773
Kenya,KEN,2021-06-26,1279023.0,1001711.0,277312.0,18,55400487.0,1.8081267047345633,Africa,0.5005587766764578,0.3249068911614441,1.1872941338646799,0.2620858737102813,6.7162313205294755,1.7302538308583773
Kenya,KEN,2021-06-27,1287776.0,1002499.0,285277.0,18,55400487.0,1.8095490749025365,Africa,0.5149359066103517,0.3249068911614441,1.1872941338646799,0.2620858737102813,6.7162313205294755,1.7302538308583773
Kenya,KEN,2021-06-28,1293004.0,1003204.0,289800.0,21,55400487.0,1.8108216268929187,Africa,0.523100094769925,0.3790580396883515,1.1872941338646799,0.2620858737102813,6.7162313205294755,1.7302538308583773
Kenya,KEN,2021-06-29,1334749.0,1005901.0,328848.0,17,55400487.0,1.8156898151454877,Africa,0.5935832296925476,0.30685650831914163,1.1872941338646799,0.2620858737102813,6.7162313205294755,1.7302538308583773
Kenya,KEN,2021-06-30,1378585.0,1008120.0,370465.0,9,55400487.0,1.8196951950981948,Africa,0.6687035079673578,0.16245344558072206,1.1872941338646799,0.2620858737102813,6.7162313205294755,1.7302538308583773
Kenya,KEN,2021-07-01,1417100.0,1010954.0,406146.0,13,55400487.0,1.824810673595703,Africa,0.7331090789869771,0.23465497694993187,1.1872941338646799,0.2620858737102813,6.7162313205294755,1.7302538308583773
Kenya,KEN,2021-07-02,1447648.0,1013895.0,433753.0,6,55400487.0,1.830119291189624,Africa,0.7829407708997215,0.10830229705381471,1.1872941338646799,0.2620858737102813,6.7162313205294755,1.7302538308583773
Kenya,KEN,2021-07-03,1468908.0,1016190.0,452718.0,11,55400487.0,1.8342618540519329,Africa,0.8171733219601481,0.19855421126532696,1.1872941338646799,0.2620858737102813,6.7162313205294755,1.7302538308583773
Kenya,KEN,2021-07-04,1473869.0,1017485.0,456384.0,20,55400487.0,1.836599378630011,Africa,0.8237905923101361,0.361007656846049,1.1872941338646799,0.2620858737102813,6.7162313205294755,1.7302538308583773
Kenya,KEN,2021-07-07,1511693.0,1021982.0,489711.0,7,55400487.0,1.8447166357941944,Africa,0.8839471032086775,0.12635267989611715,1.1872941338646799,0.2620858737102813,6.7162313205294755,1.7302538308583773
Kenya,KEN,2021-07-08,1524444.0,1024133.0,500311.0,8,55400487.0,1.8485992731435736,Africa,0.9030805090215182,0.14440306273841963,1.1872941338646799,0.2620858737102813,6.7162313205294755,1.7302538308583773
Kenya,KEN,2021-07-09,1530551.0,1025427.0,505124.0,11,55400487.0,1.850934992683368,Africa,0.9117681582835183,0.19855421126532696,1.1872941338646799,0.2620858737102813,6.7162313205294755,1.7302538308583773
Kenya,KEN,2021-07-11,1539087.0,1026960.0,512127.0,3,55400487.0,1.8537021163730925,Africa,0.9244088413879827,0.054151148526907354,1.1872941338646799,0.2620858737102813,6.7162313205294755,1.7302538308583773
Kenya,KEN,2021-07-12,1547092.0,1028121.0,518971.0,1,55400487.0,1.855797765821084,Africa,0.9367625234052546,0.018050382842302454,1.1872941338646799,0.2620858737102813,6.7162313205294755,1.7302538308583773
Kenya,KEN,2021-07-13,1550389.0,1028669.0,521720.0,1,55400487.0,1.856786926800842,Africa,0.9417245736486035,0.018050382842302454,1.1872941338646799,0.2620858737102813,6.7162313205294755,1.7302538308583773
Kenya,KEN,2021-07-14,1565344.0,1030853.0,534491.0,9,55400487.0,1.8607291304136009,Africa,0.964776717576508,0.16245344558072206,1.1872941338646799,0.2620858737102813,6.7162313205294755,1.7302538308583773
Kuwait,KWT,2021-02-15,175000.0,137000.0,38000.0,5,4350591.0,3.1489974580465048,Asia,0.8734445504070596,1.1492691452724468,4.943268627181917,1.9767429298686086,23.2444639828785,1.6257203533003144
Kuwait,KWT,2021-03-08,360000.0,322000.0,38000.0,7,4350591.0,7.401293295554558,Asia,0.8734445504070596,1.6089768033814258,4.943268627181917,1.9767429298686086,23.2444639828785,1.6257203533003144
Kuwait,KWT,2021-03-22,538000.0,500000.0,38000.0,11,4350591.0,11.492691452724468,Asia,0.8734445504070596,2.528392119599383,4.943268627181917,1.9767429298686086,23.2444639828785,1.6257203533003144
Kuwait,KWT,2021-04-18,860000.0,822000.0,38000.0,4,4350591.0,18.893984748279028,Asia,0.8734445504070596,0.9194153162179575,4.943268627181917,1.9767429298686086,23.2444639828785,1.6257203533003144
Kyrgyzstan,KGZ,2021-04-28,27858.0,27000.0,858.0,3,6663596.0,0.4051866289612995,Asia,0.012875930653659075,0.4502073655125551,6.811623231532785,0.6561532880342558,23.2444639828785,1.6257203533003144
Kyrgyzstan,KGZ,2021-05-11,43127.0,37117.0,6010.0,7,6663596.0,0.5570115595243169,Asia,0.09019154222434854,1.0504838528626286,6.811623231532785,0.6561532880342558,23.2444639828785,1.6257203533003144
Kyrgyzstan,KGZ,2021-06-09,135578.0,88178.0,47400.0,5,6663596.0,1.3232795025388693,Asia,0.7113276375098371,0.7503456091875919,6.811623231532785,0.6561532880342558,23.2444639828785,1.6257203533003144
Lao People's Democratic Republic,LAO,2021-04-14,135849.0,105568.0,30281.0,0,7414349.0,1.4238337040784026,Asia,0.4084107721392667,0.0,9.09502601763466,0.01586748328457824,23.2444639828785,1.6257203533003144
Lao People's Democratic Republic,LAO,2021-04-19,137026.0,106105.0,30921.0,0,7414349.0,1.4310764168236485,Asia,0.4170426830460773,0.0,9.09502601763466,0.01586748328457824,23.2444639828785,1.6257203533003144
Lao People's Democratic Republic,LAO,2021-04-21,151175.0,108501.0,42674.0,0,7414349.0,1.4633921332810205,Asia,0.5755596344331781,0.0,9.09502601763466,0.01586748328457824,23.2444639828785,1.6257203533003144
Lao People's Democratic Republic,LAO,2021-04-22,156818.0,109706.0,47112.0,0,7414349.0,1.4796444030352496,Asia,0.6354165416275926,0.0,9.09502601763466,0.01586748328457824,23.2444639828785,1.6257203533003144
Lao People's Democratic Republic,LAO,2021-04-24,179525.0,122310.0,57215.0,0,7414349.0,1.64963909845625,Asia,0.7716793477080726,0.0,9.09502601763466,0.01586748328457824,23.2444639828785,1.6257203533003144
Lao People's Democratic Republic,LAO,2021-04-25,183678.0,125363.0,58315.0,0,7414349.0,1.690816010953895,Asia,0.7865154445791531,0.0,9.09502601763466,0.01586748328457824,23.2444639828785,1.6257203533003144
Lao People's Democratic Republic,LAO,2021-04-26,184387.0,126072.0,58315.0,0,7414349.0,1.700378549755346,Asia,0.7865154445791531,0.0,9.09502601763466,0.01586748328457824,23.2444639828785,1.6257203533003144
Latvia,LVA,2021-01-01,2338.0,2337.0,1.0,9,1860467.0,0.1256136228162069,Europe,5.3749945578180104e-05,4.837495102036209,19.7802289482707,4.382687870220839,24.78207907735958,3.0760247467090363
Latvia,LVA,2021-01-02,2340.0,2339.0,1.0,24,1860467.0,0.1257211227073632,Europe,5.3749945578180104e-05,12.899986938763224,19.7802289482707,4.382687870220839,24.78207907735958,3.0760247467090363
Latvia,LVA,2021-01-03,2344.0,2343.0,1.0,12,1860467.0,0.1259361224896759,Europe,5.3749945578180104e-05,6.449993469381612,19.7802289482707,4.382687870220839,24.78207907735958,3.0760247467090363
Latvia,LVA,2021-01-04,3052.0,3051.0,2.0,12,1860467.0,0.1639910839590275,Europe,0.00010749989115636021,6.449993469381612,19.7802289482707,4.382687870220839,24.78207907735958,3.0760247467090363
Latvia,LVA,2021-01-05,3949.0,3948.0,2.0,30,1860467.0,0.212204785142655,Europe,0.00010749989115636021,16.124983673454032,19.7802289482707,4.382687870220839,24.78207907735958,3.0760247467090363
Latvia,LVA,2021-01-06,4733.0,4729.0,5.0,32,1860467.0,0.2541834926392137,Europe,0.0002687497278909005,17.199982585017633,19.7802289482707,4.382687870220839,24.78207907735958,3.0760247467090363
Latvia,LVA,2021-01-07,5546.0,5542.0,5.0,36,1860467.0,0.2978821983942741,Europe,0.0002687497278909005,19.349980408144837,19.7802289482707,4.382687870220839,24.78207907735958,3.0760247467090363
Latvia,LVA,2021-01-08,6466.0,6458.0,9.0,11,1860467.0,0.3471171485438871,Europe,0.0004837495102036209,5.912494013599811,19.7802289482707,4.382687870220839,24.78207907735958,3.0760247467090363
Latvia,LVA,2021-01-09,6778.0,6770.0,9.0,17,1860467.0,0.3638871315642792,Europe,0.0004837495102036209,9.137490748290618,19.7802289482707,4.382687870220839,24.78207907735958,3.0760247467090363
Latvia,LVA,2021-01-10,7115.0,7106.0,10.0,31,1860467.0,0.3819471132785478,Europe,0.000537499455781801,16.66248312923583,19.7802289482707,4.382687870220839,24.78207907735958,3.0760247467090363
Latvia,LVA,2021-01-11,8492.0,8483.0,10.0,15,1860467.0,0.4559607883397018,Europe,0.000537499455781801,8.062491836727016,19.7802289482707,4.382687870220839,24.78207907735958,3.0760247467090363
Latvia,LVA,2021-01-12,10132.0,10120.0,13.0,18,1860467.0,0.5439494492511826,Europe,0.0006987492925163413,9.674990204072419,19.7802289482707,4.382687870220839,24.78207907735958,3.0760247467090363
Latvia,LVA,2021-01-13,11656.0,11638.0,19.0,27,1860467.0,0.62554186663886,Europe,0.001021248965985422,14.512485306108628,19.7802289482707,4.382687870220839,24.78207907735958,3.0760247467090363
Latvia,LVA,2021-01-14,13501.0,13479.0,23.0,11,1860467.0,0.7244955164482896,Europe,0.0012362487482981423,5.912494013599811,19.7802289482707,4.382687870220839,24.78207907735958,3.0760247467090363
Latvia,LVA,2021-01-15,15382.0,15360.0,23.0,15,1860467.0,0.8255991640808464,Europe,0.0012362487482981423,8.062491836727016,19.7802289482707,4.382687870220839,24.78207907735958,3.0760247467090363
Latvia,LVA,2021-01-16,16058.0,16035.0,24.0,26,1860467.0,0.861880377346118,Europe,0.0012899986938763224,13.974985850326826,19.7802289482707,4.382687870220839,24.78207907735958,3.0760247467090363
Latvia,LVA,2021-01-17,16185.0,16157.0,29.0,17,1860467.0,0.8684378707066559,Europe,0.001558748421767223,9.137490748290618,19.7802289482707,4.382687870220839,24.78207907735958,3.0760247467090363
Latvia,LVA,2021-01-18,17046.0,16435.0,612.0,5,1860467.0,0.88338035557739,Europe,0.03289496669384622,2.687497278909005,19.7802289482707,4.382687870220839,24.78207907735958,3.0760247467090363
Latvia,LVA,2021-01-19,17935.0,16515.0,1421.0,29,1860467.0,0.8876803512236443,Europe,0.07637867266659393,15.58748421767223,19.7802289482707,4.382687870220839,24.78207907735958,3.0760247467090363
Latvia,LVA,2021-01-20,18726.0,16545.0,2182.0,20,1860467.0,0.8892928495909898,Europe,0.11728238125158898,10.74998911563602,19.7802289482707,4.382687870220839,24.78207907735958,3.0760247467090363
Latvia,LVA,2021-01-21,19022.0,16820.0,2203.0,25,1860467.0,0.9040740846249892,Europe,0.11841113010873078,13.437486394545026,19.7802289482707,4.382687870220839,24.78207907735958,3.0760247467090363
Latvia,LVA,2021-01-22,19254.0,17029.0,2226.0,19,1860467.0,0.9153078232508288,Europe,0.11964737885702892,10.21248965985422,19.7802289482707,4.382687870220839,24.78207907735958,3.0760247467090363
Latvia,LVA,2021-01-23,19390.0,17163.0,2228.0,21,1860467.0,0.9225103159583052,Europe,0.11975487874818526,11.287488571417821,19.7802289482707,4.382687870220839,24.78207907735958,3.0760247467090363
Latvia,LVA,2021-01-24,19395.0,17163.0,2233.0,14,1860467.0,0.9225103159583052,Europe,0.12002362847607617,7.524992380945214,19.7802289482707,4.382687870220839,24.78207907735958,3.0760247467090363
Latvia,LVA,2021-01-25,20077.0,17192.0,2886.0,3,1860467.0,0.9240690643800724,Europe,0.15512234293862778,1.612498367345403,19.7802289482707,4.382687870220839,24.78207907735958,3.0760247467090363
Latvia,LVA,2021-01-26,20949.0,17234.0,3716.0,12,1860467.0,0.9263265620943558,Europe,0.19973479776851724,6.449993469381612,19.7802289482707,4.382687870220839,24.78207907735958,3.0760247467090363
Latvia,LVA,2021-01-27,21785.0,17320.0,4466.0,12,1860467.0,0.9309490574140794,Europe,0.24004725695215234,6.449993469381612,19.7802289482707,4.382687870220839,24.78207907735958,3.0760247467090363
Latvia,LVA,2021-01-28,22581.0,17359.0,5224.0,10,1860467.0,0.9330453052916284,Europe,0.2807897157004129,5.37499455781801,19.7802289482707,4.382687870220839,24.78207907735958,3.0760247467090363
Latvia,LVA,2021-01-29,23550.0,17415.0,6137.0,18,1860467.0,0.9360553022440063,Europe,0.3298634160132913,9.674990204072419,19.7802289482707,4.382687870220839,24.78207907735958,3.0760247467090363
Latvia,LVA,2021-01-30,23871.0,17428.0,6445.0,14,1860467.0,0.9367540515365228,Europe,0.34641839925137075,7.524992380945214,19.7802289482707,4.382687870220839,24.78207907735958,3.0760247467090363
Latvia,LVA,2021-01-31,24221.0,17440.0,6783.0,15,1860467.0,0.937399050883461,Europe,0.3645858808567956,8.062491836727016,19.7802289482707,4.382687870220839,24.78207907735958,3.0760247467090363
Latvia,LVA,2021-02-01,25418.0,17461.0,7959.0,7,1860467.0,0.9385277997406029,Europe,0.42779581685673546,3.762496190472607,19.7802289482707,4.382687870220839,24.78207907735958,3.0760247467090363
Latvia,LVA,2021-02-02,27248.0,17609.0,9641.0,17,1860467.0,0.9464827916861734,Europe,0.5182032253192344,9.137490748290618,19.7802289482707,4.382687870220839,24.78207907735958,3.0760247467090363
Latvia,LVA,2021-02-03,28885.0,17864.0,11023.0,31,1860467.0,0.9601890278086094,Europe,0.5924856501082792,16.66248312923583,19.7802289482707,4.382687870220839,24.78207907735958,3.0760247467090363
Latvia,LVA,2021-02-04,30402.0,18011.0,12393.0,31,1860467.0,0.9680902698086018,Europe,0.666123075550386,16.66248312923583,19.7802289482707,4.382687870220839,24.78207907735958,3.0760247467090363
Latvia,LVA,2021-02-05,32079.0,18179.0,13902.0,28,1860467.0,0.977120260665736,Europe,0.7472317434278597,15.049984761890428,19.7802289482707,4.382687870220839,24.78207907735958,3.0760247467090363
Latvia,LVA,2021-02-06,32658.0,18196.0,14464.0,18,1860467.0,0.9780340097405652,Europe,0.777439212842797,9.674990204072419,19.7802289482707,4.382687870220839,24.78207907735958,3.0760247467090363
Latvia,LVA,2021-02-07,32791.0,18205.0,14589.0,12,1860467.0,0.9785177592507688,Europe,0.7841579560400695,6.449993469381612,19.7802289482707,4.382687870220839,24.78207907735958,3.0760247467090363
Latvia,LVA,2021-02-08,33213.0,18468.0,14748.0,8,1860467.0,0.99265399493783,Europe,0.7927041973870002,4.299995646254408,19.7802289482707,4.382687870220839,24.78207907735958,3.0760247467090363
Latvia,LVA,2021-02-09,33407.0,18613.0,14797.0,16,1860467.0,1.0004477370466662,Europe,0.7953379447203309,8.599991292508816,19.7802289482707,4.382687870220839,24.78207907735958,3.0760247467090363
Latvia,LVA,2021-02-10,34061.0,19060.0,15004.0,32,1860467.0,1.0244739627201127,Europe,0.8064641834550141,17.199982585017633,19.7802289482707,4.382687870220839,24.78207907735958,3.0760247467090363
Latvia,LVA,2021-02-11,35869.0,20175.0,15697.0,21,1860467.0,1.0844051520397835,Europe,0.843712895740693,11.287488571417821,19.7802289482707,4.382687870220839,24.78207907735958,3.0760247467090363
Latvia,LVA,2021-02-12,37625.0,21367.0,16261.0,15,1860467.0,1.1484750871689744,Europe,0.8740278650467866,8.062491836727016,19.7802289482707,4.382687870220839,24.78207907735958,3.0760247467090363
Latvia,LVA,2021-02-13,38034.0,21597.0,16440.0,12,1860467.0,1.1608375746519557,Europe,0.8836491053052808,6.449993469381612,19.7802289482707,4.382687870220839,24.78207907735958,3.0760247467090363
Latvia,LVA,2021-02-14,38065.0,21606.0,16463.0,8,1860467.0,1.1613213241621594,Europe,0.884885354053579,4.299995646254408,19.7802289482707,4.382687870220839,24.78207907735958,3.0760247467090363
Latvia,LVA,2021-02-15,38953.0,22337.0,16620.0,17,1860467.0,1.200612534379809,Europe,0.8933240955093532,9.137490748290618,19.7802289482707,4.382687870220839,24.78207907735958,3.0760247467090363
Latvia,LVA,2021-02-16,40360.0,23663.0,16701.0,18,1860467.0,1.2718849622164758,Europe,0.897677841101186,9.674990204072419,19.7802289482707,4.382687870220839,24.78207907735958,3.0760247467090363
Latvia,LVA,2021-02-17,42383.0,25501.0,16886.0,22,1860467.0,1.3706773621891708,Europe,0.9076215810331492,11.824988027199621,19.7802289482707,4.382687870220839,24.78207907735958,3.0760247467090363
Latvia,LVA,2021-02-18,43950.0,27008.0,16946.0,13,1860467.0,1.4516785301754882,Europe,0.9108465777678401,6.987492925163413,19.7802289482707,4.382687870220839,24.78207907735958,3.0760247467090363
Latvia,LVA,2021-02-19,45339.0,28336.0,17007.0,12,1860467.0,1.5230584579033113,Europe,0.914125324448109,6.449993469381612,19.7802289482707,4.382687870220839,24.78207907735958,3.0760247467090363
Latvia,LVA,2021-02-20,46099.0,29074.0,17029.0,5,1860467.0,1.562725917740008,Europe,0.9153078232508289,2.687497278909005,19.7802289482707,4.382687870220839,24.78207907735958,3.0760247467090363
Latvia,LVA,2021-02-21,46918.0,29890.0,17032.0,4,1860467.0,1.6065858733318032,Europe,0.9154690730875634,2.149997823127204,19.7802289482707,4.382687870220839,24.78207907735958,3.0760247467090363
Latvia,LVA,2021-02-22,48718.0,31654.0,17068.0,4,1860467.0,1.701400777331713,Europe,0.917404071128378,2.149997823127204,19.7802289482707,4.382687870220839,24.78207907735958,3.0760247467090363
Latvia,LVA,2021-02-23,51140.0,34038.0,17106.0,24,1860467.0,1.8295406475900944,Europe,0.9194465690603488,12.899986938763224,19.7802289482707,4.382687870220839,24.78207907735958,3.0760247467090363
Latvia,LVA,2021-02-24,55481.0,38341.0,17144.0,17,1860467.0,2.0608266634130032,Europe,0.9214890669923197,9.137490748290618,19.7802289482707,4.382687870220839,24.78207907735958,3.0760247467090363
Latvia,LVA,2021-02-25,59697.0,42509.0,17192.0,6,1860467.0,2.2848564365828583,Europe,0.9240690643800724,3.224996734690806,19.7802289482707,4.382687870220839,24.78207907735958,3.0760247467090363
Latvia,LVA,2021-02-26,63107.0,45829.0,17282.0,8,1860467.0,2.463306255902416,Europe,0.9289065594821085,4.299995646254408,19.7802289482707,4.382687870220839,24.78207907735958,3.0760247467090363
Latvia,LVA,2021-02-27,63712.0,46423.0,17293.0,13,1860467.0,2.495233723575855,Europe,0.9294978088834684,6.987492925163413,19.7802289482707,4.382687870220839,24.78207907735958,3.0760247467090363
Latvia,LVA,2021-02-28,63853.0,46560.0,17297.0,4,1860467.0,2.502597466120066,Europe,0.9297128086657813,2.149997823127204,19.7802289482707,4.382687870220839,24.78207907735958,3.0760247467090363
Latvia,LVA,2021-03-01,65648.0,48123.0,17529.0,3,1860467.0,2.5866086310587613,Europe,0.942182796039919,1.612498367345403,19.7802289482707,4.382687870220839,24.78207907735958,3.0760247467090363
Latvia,LVA,2021-03-02,67865.0,50032.0,17837.0,17,1860467.0,2.689217277167507,Europe,0.9587377792779985,9.137490748290618,19.7802289482707,4.382687870220839,24.78207907735958,3.0760247467090363
Latvia,LVA,2021-03-03,72058.0,54023.0,18039.0,16,1860467.0,2.903733309970024,Europe,0.9695952682847909,8.599991292508816,19.7802289482707,4.382687870220839,24.78207907735958,3.0760247467090363
Latvia,LVA,2021-03-04,78165.0,60006.0,18163.0,12,1860467.0,3.2253192343642754,Europe,0.9762602615364852,6.449993469381612,19.7802289482707,4.382687870220839,24.78207907735958,3.0760247467090363
Latvia,LVA,2021-03-05,83077.0,64778.0,18304.0,14,1860467.0,3.481813974663351,Europe,0.9838390038630086,7.524992380945214,19.7802289482707,4.382687870220839,24.78207907735958,3.0760247467090363
Latvia,LVA,2021-03-06,83884.0,65579.0,18310.0,7,1860467.0,3.524867681071473,Europe,0.9841615035364777,3.762496190472607,19.7802289482707,4.382687870220839,24.78207907735958,3.0760247467090363
Latvia,LVA,2021-03-07,83980.0,65667.0,18319.0,8,1860467.0,3.5295976762823527,Europe,0.9846452530466813,4.299995646254408,19.7802289482707,4.382687870220839,24.78207907735958,3.0760247467090363
Latvia,LVA,2021-03-08,85720.0,67364.0,18363.0,4,1860467.0,3.6208113339285246,Europe,0.9870102506521212,2.149997823127204,19.7802289482707,4.382687870220839,24.78207907735958,3.0760247467090363
Latvia,LVA,2021-03-09,88119.0,69734.0,18392.0,6,1860467.0,3.748198704948811,Europe,0.9885689990738885,3.224996734690806,19.7802289482707,4.382687870220839,24.78207907735958,3.0760247467090363
Latvia,LVA,2021-03-10,90662.0,72234.0,18435.0,21,1860467.0,3.8825735688942618,Europe,0.9908802467337502,11.287488571417821,19.7802289482707,4.382687870220839,24.78207907735958,3.0760247467090363
Latvia,LVA,2021-03-11,93387.0,74943.0,18451.0,11,1860467.0,4.028182171465551,Europe,0.9917402458630011,5.912494013599811,19.7802289482707,4.382687870220839,24.78207907735958,3.0760247467090363
Latvia,LVA,2021-03-12,98460.0,80002.0,18465.0,9,1860467.0,4.300103146145565,Europe,0.9924927451010956,4.837495102036209,19.7802289482707,4.382687870220839,24.78207907735958,3.0760247467090363
Latvia,LVA,2021-03-13,99405.0,80943.0,18469.0,11,1860467.0,4.350681844934632,Europe,0.9927077448834084,5.912494013599811,19.7802289482707,4.382687870220839,24.78207907735958,3.0760247467090363
Latvia,LVA,2021-03-14,99486.0,81020.0,18474.0,10,1860467.0,4.3548205907441515,Europe,0.9929764946112992,5.37499455781801,19.7802289482707,4.382687870220839,24.78207907735958,3.0760247467090363
Latvia,LVA,2021-03-15,103316.0,84776.0,18548.0,2,1860467.0,4.556705386335796,Europe,0.9969539905840844,1.074998911563602,19.7802289482707,4.382687870220839,24.78207907735958,3.0760247467090363
Lebanon,LBN,2021-03-10,87216.0,75341.0,11875.0,45,6759682.0,1.1145642650053655,Asia,0.17567394442519632,6.65711789400744,9.525546089492753,2.0502672950558125,23.2444639828785,1.6257203533003144
Lebanon,LBN,2021-03-11,91967.0,76883.0,15084.0,46,6759682.0,1.137375988988831,Asia,0.2231465918071294,6.805053847207605,9.525546089492753,2.0502672950558125,23.2444639828785,1.6257203533003144
Lebanon,LBN,2021-03-12,95888.0,78177.0,17711.0,50,6759682.0,1.1565189013329324,Asia,0.26200936671281283,7.396797660008267,9.525546089492753,2.0502672950558125,23.2444639828785,1.6257203533003144
Lebanon,LBN,2021-03-15,104725.0,81802.0,22923.0,46,6759682.0,1.2101456843679923,Asia,0.339113585520739,6.805053847207605,9.525546089492753,2.0502672950558125,23.2444639828785,1.6257203533003144
Lebanon,LBN,2021-03-16,115164.0,86098.0,29066.0,42,6759682.0,1.2736989698627834,Asia,0.4299906415716006,6.213310034406945,9.525546089492753,2.0502672950558125,23.2444639828785,1.6257203533003144
Lebanon,LBN,2021-03-17,120890.0,88219.0,32671.0,52,6759682.0,1.3050761855365385,Asia,0.4833215527002601,7.692669566408598,9.525546089492753,2.0502672950558125,23.2444639828785,1.6257203533003144
Lebanon,LBN,2021-03-18,129487.0,90974.0,38513.0,62,6759682.0,1.345832540643184,Asia,0.5697457365597968,9.17202909841025,9.525546089492753,2.0502672950558125,23.2444639828785,1.6257203533003144
Lebanon,LBN,2021-03-19,135277.0,92573.0,42704.0,73,6759682.0,1.3694874995598905,Asia,0.6317456945459861,10.79932458361207,9.525546089492753,2.0502672950558125,23.2444639828785,1.6257203533003144
Lebanon,LBN,2021-03-20,135349.0,92597.0,42752.0,55,6759682.0,1.369842545847571,Asia,0.6324557871213469,8.136477426009092,9.525546089492753,2.0502672950558125,23.2444639828785,1.6257203533003144
Lebanon,LBN,2021-03-21,138420.0,93801.0,44619.0,51,6759682.0,1.387654034612871,Asia,0.6600754295838177,7.5447336132084315,9.525546089492753,2.0502672950558125,23.2444639828785,1.6257203533003144
Lebanon,LBN,2021-03-22,148119.0,98022.0,50097.0,93,6759682.0,1.4500978004586609,Asia,0.7411147447468682,13.758043647615375,9.525546089492753,2.0502672950558125,23.2444639828785,1.6257203533003144
Lebanon,LBN,2021-03-23,158018.0,102363.0,55655.0,42,6759682.0,1.5143167977428524,Asia,0.82333754753552,6.213310034406945,9.525546089492753,2.0502672950558125,23.2444639828785,1.6257203533003144
Lebanon,LBN,2021-03-24,166015.0,105534.0,60481.0,53,6759682.0,1.5612272885026248,Asia,0.89473143854992,7.840605519608763,9.525546089492753,2.0502672950558125,23.2444639828785,1.6257203533003144
Lebanon,LBN,2021-03-25,174031.0,108630.0,65401.0,0,6759682.0,1.607028259613396,Asia,0.9675159275244013,0.0,9.525546089492753,2.0502672950558125,23.2444639828785,1.6257203533003144
Lesotho,LSO,2021-05-21,36759.0,36637.0,122.0,0,2164932.0,1.692293337619842,Africa,0.005635280923373113,0.0,7.287411336707112,0.07698471206793871,6.7162313205294755,1.7302538308583773
Lesotho,LSO,2021-07-05,56322.0,36637.0,19685.0,0,2164932.0,1.692293337619842,Africa,0.909266434234424,0.0,7.287411336707112,0.07698471206793871,6.7162313205294755,1.7302538308583773
Liberia,LBR,2021-06-08,63802.0,63662.0,140.0,2,5222168.0,1.219072232069133,Africa,0.0026808788993383592,0.38298269990547984,0.5508972093157052,0.4468131498897266,6.7162313205294755,1.7302538308583773
Liberia,LBR,2021-06-10,64129.0,63662.0,467.0,0,5222168.0,1.219072232069133,Africa,0.008942646042792955,0.0,0.5508972093157052,0.4468131498897266,6.7162313205294755,1.7302538308583773
Liberia,LBR,2021-06-14,65590.0,65097.0,493.0,0,5222168.0,1.2465512407873511,Africa,0.009440523552670079,0.0,0.5508972093157052,0.4468131498897266,6.7162313205294755,1.7302538308583773
Liberia,LBR,2021-06-15,67437.0,66884.0,553.0,0,5222168.0,1.280770745023906,Africa,0.010589471652386518,0.0,0.5508972093157052,0.4468131498897266,6.7162313205294755,1.7302538308583773
Liberia,LBR,2021-06-20,68821.0,68134.0,687.0,0,5222168.0,1.304707163767998,Africa,0.013155455741753233,0.0,0.5508972093157052,0.4468131498897266,6.7162313205294755,1.7302538308583773
Liberia,LBR,2021-06-24,76642.0,74372.0,2270.0,11,5222168.0,1.4241594678685174,Africa,0.04346853643927196,2.1064048494801395,0.5508972093157052,0.4468131498897266,6.7162313205294755,1.7302538308583773
Liberia,LBR,2021-06-28,82212.0,79670.0,2542.0,7,5222168.0,1.525611585073479,Africa,0.04867710115798649,1.3404394496691796,0.5508972093157052,0.4468131498897266,6.7162313205294755,1.7302538308583773
Liberia,LBR,2021-10-06,93617.0,84482.0,9135.0,0,5222168.0,1.6177572226707375,Africa,0.17492734818182792,0.0,0.5508972093157052,0.4468131498897266,6.7162313205294755,1.7302538308583773
Libya,LBY,2021-08-18,889957.0,837907.0,52050.0,23,6987048.0,11.992289161316767,Africa,0.74494979854153,3.2918050656013813,2.938718719264559,2.1378842681487233,6.7162313205294755,1.7302538308583773
Libya,LBY,2021-09-01,1130485.0,1071946.0,58539.0,34,6987048.0,15.3419011863093,Africa,0.8378216379793012,4.866146618715086,2.938718719264559,2.1378842681487233,6.7162313205294755,1.7302538308583773
Liechtenstein,LIE,2021-02-01,841.0,816.0,1.0,0,38250.0,2.1333333333333333,Europe,0.00261437908496732,0.0,30.107169959119727,0.4895840983084869,24.78207907735958,3.0760247467090363
Liechtenstein,LIE,2021-02-02,841.0,833.0,5.0,0,38250.0,2.1777777777777776,Europe,0.013071895424836603,0.0,30.107169959119727,0.4895840983084869,24.78207907735958,3.0760247467090363
Liechtenstein,LIE,2021-02-03,846.0,837.0,9.0,0,38250.0,2.1882352941176473,Europe,0.023529411764705882,0.0,30.107169959119727,0.4895840983084869,24.78207907735958,3.0760247467090363
Liechtenstein,LIE,2021-02-04,878.0,878.0,10.0,0,38250.0,2.295424836601307,Europe,0.026143790849673207,0.0,30.107169959119727,0.4895840983084869,24.78207907735958,3.0760247467090363
Liechtenstein,LIE,2021-02-05,889.0,889.0,32.0,0,38250.0,2.324183006535947,Europe,0.08366013071895424,0.0,30.107169959119727,0.4895840983084869,24.78207907735958,3.0760247467090363
Liechtenstein,LIE,2021-02-06,889.0,889.0,32.0,0,38250.0,2.324183006535947,Europe,0.08366013071895424,0.0,30.107169959119727,0.4895840983084869,24.78207907735958,3.0760247467090363
Liechtenstein,LIE,2021-02-07,889.0,889.0,32.0,0,38250.0,2.324183006535947,Europe,0.08366013071895424,0.0,30.107169959119727,0.4895840983084869,24.78207907735958,3.0760247467090363
Liechtenstein,LIE,2021-02-08,951.0,891.0,114.0,1,38250.0,2.329411764705882,Europe,0.2980392156862745,26.143790849673202,30.107169959119727,0.4895840983084869,24.78207907735958,3.0760247467090363
Liechtenstein,LIE,2021-02-09,1026.0,893.0,193.0,0,38250.0,2.334640522875817,Europe,0.5045751633986928,0.0,30.107169959119727,0.4895840983084869,24.78207907735958,3.0760247467090363
Liechtenstein,LIE,2021-02-10,1079.0,900.0,242.0,0,38250.0,2.3529411764705883,Europe,0.6326797385620915,0.0,30.107169959119727,0.4895840983084869,24.78207907735958,3.0760247467090363
Liechtenstein,LIE,2021-02-11,1144.0,905.0,299.0,0,38250.0,2.366013071895425,Europe,0.7816993464052288,0.0,30.107169959119727,0.4895840983084869,24.78207907735958,3.0760247467090363
Liechtenstein,LIE,2021-02-12,1174.0,908.0,347.0,0,38250.0,2.373856209150327,Europe,0.9071895424836601,0.0,30.107169959119727,0.4895840983084869,24.78207907735958,3.0760247467090363
Liechtenstein,LIE,2021-02-13,1174.0,908.0,347.0,1,38250.0,2.373856209150327,Europe,0.9071895424836601,26.143790849673202,30.107169959119727,0.4895840983084869,24.78207907735958,3.0760247467090363
Liechtenstein,LIE,2021-02-14,1174.0,908.0,347.0,0,38250.0,2.373856209150327,Europe,0.9071895424836601,0.0,30.107169959119727,0.4895840983084869,24.78207907735958,3.0760247467090363
Lithuania,LTU,2021-01-17,52354.0,51260.0,1094.0,31,2678779.0,1.913558378649377,Europe,0.040839501877534504,11.572436546650545,27.611774229755273,4.063645734152971,24.78207907735958,3.0760247467090363
Lithuania,LTU,2021-01-18,56874.0,54096.0,2778.0,27,2678779.0,2.019427507830993,Europe,0.10370396363417811,10.079218927727894,27.611774229755273,4.063645734152971,24.78207907735958,3.0760247467090363
Lithuania,LTU,2021-01-19,63146.0,56440.0,6706.0,23,2678779.0,2.1069300602998604,Europe,0.25033793381238245,8.586001308805242,27.611774229755273,4.063645734152971,24.78207907735958,3.0760247467090363
Lithuania,LTU,2021-01-20,66611.0,58059.0,8552.0,25,2678779.0,2.1673680434257547,Europe,0.31924992692566273,9.332610118266569,27.611774229755273,4.063645734152971,24.78207907735958,3.0760247467090363
Lithuania,LTU,2021-01-21,68244.0,59054.0,9190.0,39,2678779.0,2.204511831696456,Europe,0.34306674794747904,14.558871784495848,27.611774229755273,4.063645734152971,24.78207907735958,3.0760247467090363
Lithuania,LTU,2021-01-22,68639.0,59379.0,9260.0,36,2678779.0,2.216644224850202,Europe,0.3456798787805937,13.438958570303859,27.611774229755273,4.063645734152971,24.78207907735958,3.0760247467090363
Lithuania,LTU,2021-01-23,68641.0,59381.0,9260.0,34,2678779.0,2.216718885731148,Europe,0.3456798787805937,12.692349760842534,27.611774229755273,4.063645734152971,24.78207907735958,3.0760247467090363
Lithuania,LTU,2021-01-24,68641.0,59381.0,9260.0,23,2678779.0,2.216718885731148,Europe,0.3456798787805937,8.586001308805242,27.611774229755273,4.063645734152971,24.78207907735958,3.0760247467090363
Lithuania,LTU,2021-01-25,68750.0,59487.0,9263.0,20,2678779.0,2.2206759124212936,Europe,0.3457918701020129,7.466088094613255,27.611774229755273,4.063645734152971,24.78207907735958,3.0760247467090363
Lithuania,LTU,2021-01-26,71912.0,61988.0,9924.0,17,2678779.0,2.314039344044432,Europe,0.3704672912547097,6.346174880421267,27.611774229755273,4.063645734152971,24.78207907735958,3.0760247467090363
Lithuania,LTU,2021-01-27,78835.0,65827.0,13008.0,29,2678779.0,2.4573509050205335,Europe,0.48559436967364605,10.82582773718922,27.611774229755273,4.063645734152971,24.78207907735958,3.0760247467090363
Lithuania,LTU,2021-01-28,85965.0,69212.0,16753.0,29,2678779.0,2.583714446021863,Europe,0.6253968692452793,10.82582773718922,27.611774229755273,4.063645734152971,24.78207907735958,3.0760247467090363
Lithuania,LTU,2021-01-29,94071.0,72208.0,21863.0,17,2678779.0,2.6955564456791694,Europe,0.8161554200626479,6.346174880421267,27.611774229755273,4.063645734152971,24.78207907735958,3.0760247467090363
Lithuania,LTU,2021-01-30,94714.0,72402.0,22312.0,25,2678779.0,2.7027985511309445,Europe,0.8329167878350547,9.332610118266569,27.611774229755273,4.063645734152971,24.78207907735958,3.0760247467090363
Lithuania,LTU,2021-01-31,94722.0,72410.0,22312.0,18,2678779.0,2.703097194654729,Europe,0.8329167878350547,6.719479285151929,27.611774229755273,4.063645734152971,24.78207907735958,3.0760247467090363
Lithuania,LTU,2021-02-01,97631.0,73460.0,24171.0,23,2678779.0,2.7422941571514485,Europe,0.9023140766744849,8.586001308805242,27.611774229755273,4.063645734152971,24.78207907735958,3.0760247467090363
Lithuania,LTU,2021-02-02,101561.0,75114.0,26447.0,20,2678779.0,2.8040387056939,Europe,0.9872781591911838,7.466088094613255,27.611774229755273,4.063645734152971,24.78207907735958,3.0760247467090363
Luxembourg,LUX,2021-01-18,4573.0,4126.0,447.0,3,637927.0,0.6467824688404786,Europe,0.07007071342018759,4.702732444307891,2.796880102791281,3.803988021617938,24.78207907735958,3.0760247467090363
Luxembourg,LUX,2021-01-19,5297.0,4503.0,794.0,0,637927.0,0.7058801398906144,Europe,0.1244656520260155,0.0,2.796880102791281,3.803988021617938,24.78207907735958,3.0760247467090363
Luxembourg,LUX,2021-01-20,6197.0,4954.0,1243.0,5,637927.0,0.7765778843033765,Europe,0.19484988094249028,7.837887407179818,2.796880102791281,3.803988021617938,24.78207907735958,3.0760247467090363
Luxembourg,LUX,2021-01-21,6901.0,5658.0,1243.0,3,637927.0,0.8869353389964683,Europe,0.19484988094249028,4.702732444307891,2.796880102791281,3.803988021617938,24.78207907735958,3.0760247467090363
Luxembourg,LUX,2021-01-22,7583.0,6339.0,1244.0,2,637927.0,0.9936873654822572,Europe,0.1950066386906339,3.135154962871927,2.796880102791281,3.803988021617938,24.78207907735958,3.0760247467090363
Luxembourg,LUX,2021-01-23,7715.0,6471.0,1244.0,0,637927.0,1.014379388237212,Europe,0.1950066386906339,0.0,2.796880102791281,3.803988021617938,24.78207907735958,3.0760247467090363
Luxembourg,LUX,2021-01-25,8556.0,7311.0,1245.0,2,637927.0,1.146055896677833,Europe,0.19516339643877748,3.135154962871927,2.796880102791281,3.803988021617938,24.78207907735958,3.0760247467090363
Luxembourg,LUX,2021-01-26,9524.0,8279.0,1245.0,0,637927.0,1.2977973968808345,Europe,0.19516339643877748,0.0,2.796880102791281,3.803988021617938,24.78207907735958,3.0760247467090363
Luxembourg,LUX,2021-01-27,10448.0,9106.0,1342.0,2,637927.0,1.4274360545955884,Europe,0.21036889800870634,3.135154962871927,2.796880102791281,3.803988021617938,24.78207907735958,3.0760247467090363
Luxembourg,LUX,2021-01-28,11371.0,9888.0,1483.0,4,637927.0,1.550020613643881,Europe,0.2324717404969534,6.270309925743854,2.796880102791281,3.803988021617938,24.78207907735958,3.0760247467090363
Luxembourg,LUX,2021-01-29,12302.0,10622.0,1680.0,1,637927.0,1.6650808007812803,Europe,0.2633530168812419,1.5675774814359635,2.796880102791281,3.803988021617938,24.78207907735958,3.0760247467090363
Luxembourg,LUX,2021-01-30,12429.0,10749.0,1680.0,3,637927.0,1.6849890347955174,Europe,0.2633530168812419,4.702732444307891,2.796880102791281,3.803988021617938,24.78207907735958,3.0760247467090363
Luxembourg,LUX,2021-02-01,13239.0,11334.0,1905.0,2,637927.0,1.7766923174595213,Europe,0.2986235102135511,3.135154962871927,2.796880102791281,3.803988021617938,24.78207907735958,3.0760247467090363
Luxembourg,LUX,2021-02-02,14252.0,11924.0,2328.0,1,637927.0,1.8691793888642432,Europe,0.36493203767829235,1.5675774814359635,2.796880102791281,3.803988021617938,24.78207907735958,3.0760247467090363
Luxembourg,LUX,2021-02-03,15409.0,12598.0,2811.0,4,637927.0,1.974834111113027,Europe,0.44064603003164937,6.270309925743854,2.796880102791281,3.803988021617938,24.78207907735958,3.0760247467090363
Luxembourg,LUX,2021-02-04,16421.0,13257.0,3164.0,2,637927.0,2.078137467139657,Europe,0.4959815151263389,3.135154962871927,2.796880102791281,3.803988021617938,24.78207907735958,3.0760247467090363
Luxembourg,LUX,2021-02-05,17437.0,13822.0,3615.0,1,637927.0,2.166705594840789,Europe,0.5666792595391008,1.5675774814359635,2.796880102791281,3.803988021617938,24.78207907735958,3.0760247467090363
Luxembourg,LUX,2021-02-06,17632.0,13941.0,3691.0,1,637927.0,2.185359766869877,Europe,0.5785928483980142,1.5675774814359635,2.796880102791281,3.803988021617938,24.78207907735958,3.0760247467090363
Luxembourg,LUX,2021-02-08,18143.0,14090.0,4053.0,2,637927.0,2.208716671343273,Europe,0.6353391532259961,3.135154962871927,2.796880102791281,3.803988021617938,24.78207907735958,3.0760247467090363
Luxembourg,LUX,2021-02-09,18657.0,14228.0,4429.0,1,637927.0,2.230349240587089,Europe,0.6942800665279883,1.5675774814359635,2.796880102791281,3.803988021617938,24.78207907735958,3.0760247467090363
Luxembourg,LUX,2021-02-10,19928.0,15054.0,4874.0,4,637927.0,2.3598311405536996,Europe,0.7640372644518887,6.270309925743854,2.796880102791281,3.803988021617938,24.78207907735958,3.0760247467090363
Luxembourg,LUX,2021-02-11,21396.0,16133.0,5263.0,3,637927.0,2.5289727508006403,Europe,0.8250160284797476,4.702732444307891,2.796880102791281,3.803988021617938,24.78207907735958,3.0760247467090363
Luxembourg,LUX,2021-02-12,22566.0,16924.0,5642.0,2,637927.0,2.652968129582225,Europe,0.8844272150261708,3.135154962871927,2.796880102791281,3.803988021617938,24.78207907735958,3.0760247467090363
Luxembourg,LUX,2021-02-13,22901.0,17259.0,5642.0,2,637927.0,2.7054819752103296,Europe,0.8844272150261708,3.135154962871927,2.796880102791281,3.803988021617938,24.78207907735958,3.0760247467090363
Luxembourg,LUX,2021-02-15,24029.0,18056.0,5973.0,0,637927.0,2.830417900480776,Europe,0.9363140296617011,0.0,2.796880102791281,3.803988021617938,24.78207907735958,3.0760247467090363
Luxembourg,LUX,2021-02-16,25924.0,19626.0,6298.0,1,637927.0,3.0765275650662223,Europe,0.9872602978083699,1.5675774814359635,2.796880102791281,3.803988021617938,24.78207907735958,3.0760247467090363
Madagascar,MDG,2021-09-20,381633.0,197001.0,184632.0,0,28677870.0,0.6869443232708705,Africa,0.6438135049778801,0.0,0.6438135049778801,0.0,6.7162313205294755,1.7302538308583773
Madagascar,MDG,2021-10-20,566265.0,381633.0,184632.0,0,28677870.0,1.3307578282487509,Africa,0.6438135049778801,0.0,0.6438135049778801,0.0,6.7162313205294755,1.7302538308583773
Malawi,MWI,2021-06-06,359008.0,358989.0,19.0,0,19824259.0,1.8108570918085765,Africa,9.584216993936572e-05,0.0,1.6132875979271506,0.33900031812169534,6.7162313205294755,1.7302538308583773
Malawi,MWI,2021-06-07,359184.0,359165.0,19.0,1,19824259.0,1.8117448929616993,Africa,9.584216993936572e-05,0.05044324733650826,1.6132875979271506,0.33900031812169534,6.7162313205294755,1.7302538308583773
Malawi,MWI,2021-06-09,367356.0,365256.0,2100.0,1,19824259.0,1.8424698749143664,Africa,0.010593081940666734,0.05044324733650826,1.6132875979271506,0.33900031812169534,6.7162313205294755,1.7302538308583773
Malawi,MWI,2021-06-10,369674.0,366198.0,3476.0,0,19824259.0,1.8472216288134655,Africa,0.017534072774170274,0.0,1.6132875979271506,0.33900031812169534,6.7162313205294755,1.7302538308583773
Malawi,MWI,2021-06-11,374268.0,368465.0,5803.0,0,19824259.0,1.858657112984652,Africa,0.029272216429375747,0.0,1.6132875979271506,0.33900031812169534,6.7162313205294755,1.7302538308583773
Malawi,MWI,2021-06-12,377614.0,370003.0,7611.0,0,19824259.0,1.8664152844250068,Africa,0.03839235554781644,0.0,1.6132875979271506,0.33900031812169534,6.7162313205294755,1.7302538308583773
Malawi,MWI,2021-06-14,381257.0,371791.0,9466.0,0,19824259.0,1.8754345370487744,Africa,0.047749577928738726,0.0,1.6132875979271506,0.33900031812169534,6.7162313205294755,1.7302538308583773
Malawi,MWI,2021-06-15,387363.0,373577.0,13786.0,0,19824259.0,1.8844437010230748,Africa,0.0695410607781103,0.0,1.6132875979271506,0.33900031812169534,6.7162313205294755,1.7302538308583773
Malawi,MWI,2021-06-16,393313.0,375578.0,17735.0,3,19824259.0,1.89453739481511,Africa,0.08946109915129741,0.1513297420095248,1.6132875979271506,0.33900031812169534,6.7162313205294755,1.7302538308583773
Malawi,MWI,2021-06-17,406167.0,378694.0,27473.0,1,19824259.0,1.910255510685166,Africa,0.13858273340758917,0.05044324733650826,1.6132875979271506,0.33900031812169534,6.7162313205294755,1.7302538308583773
Malawi,MWI,2021-06-18,413961.0,380697.0,33264.0,1,19824259.0,1.9203592931266689,Africa,0.1677944179401611,0.05044324733650826,1.6132875979271506,0.33900031812169534,6.7162313205294755,1.7302538308583773
Malawi,MWI,2021-06-19,420685.0,383273.0,37412.0,2,19824259.0,1.933353473640553,Africa,0.1887182769353447,0.10088649467301652,1.6132875979271506,0.33900031812169534,6.7162313205294755,1.7302538308583773
Malawi,MWI,2021-06-21,422508.0,383726.0,38782.0,0,19824259.0,1.935638552744897,Africa,0.19562900182044635,0.0,1.6132875979271506,0.33900031812169534,6.7162313205294755,1.7302538308583773
Malawi,MWI,2021-06-22,425051.0,384406.0,40645.0,3,19824259.0,1.93906869356378,Africa,0.20502657879923783,0.1513297420095248,1.6132875979271506,0.33900031812169534,6.7162313205294755,1.7302538308583773
Malawi,MWI,2021-06-23,426356.0,384671.0,41685.0,2,19824259.0,1.940405439618197,Africa,0.2102726765222347,0.10088649467301652,1.6132875979271506,0.33900031812169534,6.7162313205294755,1.7302538308583773
Malawi,MWI,2021-06-24,427440.0,385047.0,42393.0,4,19824259.0,1.9423021057180496,Africa,0.2138440584336595,0.20177298934603305,1.6132875979271506,0.33900031812169534,6.7162313205294755,1.7302538308583773
Malawi,MWI,2021-06-25,427730.0,385114.0,42616.0,1,19824259.0,1.9426400754752045,Africa,0.2149689428492636,0.05044324733650826,1.6132875979271506,0.33900031812169534,6.7162313205294755,1.7302538308583773
Malawi,MWI,2021-06-26,428321.0,385219.0,43102.0,1,19824259.0,1.943169729572238,Africa,0.21742048466981795,0.05044324733650826,1.6132875979271506,0.33900031812169534,6.7162313205294755,1.7302538308583773
Malawi,MWI,2021-06-27,428391.0,385236.0,43155.0,2,19824259.0,1.94325548309271,Africa,0.21768783388070143,0.10088649467301652,1.6132875979271506,0.33900031812169534,6.7162313205294755,1.7302538308583773
Malawi,MWI,2021-06-28,428407.0,385242.0,43165.0,1,19824259.0,1.9432857490411115,Africa,0.21773827712803792,0.05044324733650826,1.6132875979271506,0.33900031812169534,6.7162313205294755,1.7302538308583773
Malawi,MWI,2021-07-27,448408.0,390738.0,57670.0,33,19824259.0,1.9710093577772567,Africa,0.2909062073896432,1.6646271621047726,1.6132875979271506,0.33900031812169534,6.7162313205294755,1.7302538308583773
Malawi,MWI,2021-07-28,504195.0,410724.0,93471.0,27,19824259.0,2.071825231904002,Africa,0.4714980771790764,1.3619676780857233,1.6132875979271506,0.33900031812169534,6.7162313205294755,1.7302538308583773
Malawi,MWI,2021-07-30,580557.0,447525.0,133032.0,27,19824259.0,2.2574614264270862,Africa,0.6710566079670368,1.3619676780857233,1.6132875979271506,0.33900031812169534,6.7162313205294755,1.7302538308583773
Malawi,MWI,2021-07-31,591863.0,453729.0,138134.0,26,19824259.0,2.288756417074656,Africa,0.6967927527581232,1.3115244307492149,1.6132875979271506,0.33900031812169534,6.7162313205294755,1.7302538308583773
Malawi,MWI,2021-08-01,594333.0,454752.0,139581.0,21,19824259.0,2.2939167612771807,Africa,0.704091890647716,1.0593081940666735,1.6132875979271506,0.33900031812169534,6.7162313205294755,1.7302538308583773
Malawi,MWI,2021-08-02,595535.0,455207.0,140328.0,26,19824259.0,2.2962119290309917,Africa,0.7078600012237533,1.3115244307492149,1.6132875979271506,0.33900031812169534,6.7162313205294755,1.7302538308583773
Malawi,MWI,2021-08-03,597862.0,455763.0,142099.0,24,19824259.0,2.2990165735829016,Africa,0.7167935003270488,1.2106379360761983,1.6132875979271506,0.33900031812169534,6.7162313205294755,1.7302538308583773
Malawi,MWI,2021-08-04,598408.0,456126.0,142282.0,15,19824259.0,2.3008476634612167,Africa,0.7177166117533069,0.756648710047624,1.6132875979271506,0.33900031812169534,6.7162313205294755,1.7302538308583773
Malawi,MWI,2021-08-05,622218.0,463236.0,158982.0,29,19824259.0,2.336712812317474,Africa,0.8019568348052756,1.4628541727587396,1.6132875979271506,0.33900031812169534,6.7162313205294755,1.7302538308583773
Malawi,MWI,2021-08-08,624077.0,464848.0,159229.0,29,19824259.0,2.3448442637881195,Africa,0.8032027830144876,1.4628541727587396,1.6132875979271506,0.33900031812169534,6.7162313205294755,1.7302538308583773
Malawi,MWI,2021-08-10,655865.0,496636.0,192017.0,22,19824259.0,2.5051932584214116,Africa,0.9685961023814308,1.109751441403182,1.6132875979271506,0.33900031812169534,6.7162313205294755,1.7302538308583773
Malaysia,MYS,2021-02-26,5322.0,5321.0,1.0,12,32914416.0,0.0161661686478046,Asia,3.038182418305705e-06,0.36458189019668463,21.237320624534757,3.4262695881172656,23.2444639828785,1.6257203533003144
Malaysia,MYS,2021-02-27,12046.0,12044.0,2.0,11,32914416.0,0.0365918690460739,Asia,6.07636483661141e-06,0.33420006601362756,21.237320624534757,3.4262695881172656,23.2444639828785,1.6257203533003144
Malaysia,MYS,2021-02-28,18748.0,18743.0,5.0,10,32914416.0,0.0569446530663038,Asia,1.5190912091528527e-05,0.30381824183057055,21.237320624534757,3.4262695881172656,23.2444639828785,1.6257203533003144
Malaysia,MYS,2021-03-01,34124.0,34115.0,9.0,9,32914416.0,0.1036475932004991,Asia,2.7343641764751346e-05,0.2734364176475135,21.237320624534757,3.4262695881172656,23.2444639828785,1.6257203533003144
Malaysia,MYS,2021-03-02,55792.0,55780.0,12.0,5,32914416.0,0.1694698152930922,Asia,3.6458189019668463e-05,0.15190912091528527,21.237320624534757,3.4262695881172656,23.2444639828785,1.6257203533003144
Malaysia,MYS,2021-03-03,78485.0,78468.0,17.0,6,32914416.0,0.2384000979996121,Asia,5.164910111119699e-05,0.18229094509834232,21.237320624534757,3.4262695881172656,23.2444639828785,1.6257203533003144
Malaysia,MYS,2021-03-04,98044.0,98014.0,30.0,7,32914416.0,0.2977844115478154,Asia,9.114547254917116e-05,0.2126727692813994,21.237320624534757,3.4262695881172656,23.2444639828785,1.6257203533003144
Malaysia,MYS,2021-03-05,112376.0,112342.0,34.0,5,32914416.0,0.3413154892372995,Asia,0.00010329820222239398,0.15190912091528527,21.237320624534757,3.4262695881172656,23.2444639828785,1.6257203533003144
Malaysia,MYS,2021-03-06,128154.0,128119.0,35.0,6,32914416.0,0.3892488932509086,Asia,0.00010633638464069968,0.18229094509834232,21.237320624534757,3.4262695881172656,23.2444639828785,1.6257203533003144
Malaysia,MYS,2021-03-07,140692.0,140655.0,37.0,7,32914416.0,0.4273355480467889,Asia,0.00011241274947731111,0.2126727692813994,21.237320624534757,3.4262695881172656,23.2444639828785,1.6257203533003144
Malaysia,MYS,2021-03-08,167820.0,167771.0,49.0,3,32914416.0,0.5097189025015665,Asia,0.00014887093849697954,0.09114547254917116,21.237320624534757,3.4262695881172656,23.2444639828785,1.6257203533003144
Malaysia,MYS,2021-03-09,197804.0,197745.0,59.0,8,32914416.0,0.6007853823078617,Asia,0.0001792527626800366,0.2430545934644564,21.237320624534757,3.4262695881172656,23.2444639828785,1.6257203533003144
Malaysia,MYS,2021-03-10,226525.0,226464.0,61.0,9,32914416.0,0.6880389431791832,Asia,0.000185329127516648,0.2734364176475135,21.237320624534757,3.4262695881172656,23.2444639828785,1.6257203533003144
Malaysia,MYS,2021-03-11,253000.0,252939.0,61.0,5,32914416.0,0.7684748227038268,Asia,0.000185329127516648,0.15190912091528527,21.237320624534757,3.4262695881172656,23.2444639828785,1.6257203533003144
Malaysia,MYS,2021-03-12,279043.0,278981.0,62.0,9,32914416.0,0.8475951692413439,Asia,0.00018836730993495373,0.2734364176475135,21.237320624534757,3.4262695881172656,23.2444639828785,1.6257203533003144
Malaysia,MYS,2021-03-13,295880.0,295818.0,62.0,3,32914416.0,0.8987490466183572,Asia,0.00018836730993495373,0.09114547254917116,21.237320624534757,3.4262695881172656,23.2444639828785,1.6257203533003144
Malaysia,MYS,2021-03-14,305954.0,305892.0,62.0,3,32914416.0,0.9293556963003688,Asia,0.00018836730993495373,0.09114547254917116,21.237320624534757,3.4262695881172656,23.2444639828785,1.6257203533003144
Malaysia,MYS,2021-03-15,326239.0,326176.0,63.0,4,32914416.0,0.9909821884732818,Asia,0.00019140549235325944,0.1215272967322282,21.237320624534757,3.4262695881172656,23.2444639828785,1.6257203533003144
Malaysia,MYS,2021-03-16,351697.0,351630.0,67.0,3,32914416.0,1.0683160837488352,Asia,0.00020355822202648227,0.09114547254917116,21.237320624534757,3.4262695881172656,23.2444639828785,1.6257203533003144
Malaysia,MYS,2021-03-17,372544.0,372417.0,127.0,5,32914416.0,1.131470781678156,Asia,0.0003858491671248245,0.15190912091528527,21.237320624534757,3.4262695881172656,23.2444639828785,1.6257203533003144
Malaysia,MYS,2021-03-18,390643.0,389722.0,921.0,2,32914416.0,1.184046528426936,Asia,0.0027981660072595544,0.0607636483661141,21.237320624534757,3.4262695881172656,23.2444639828785,1.6257203533003144
Malaysia,MYS,2021-03-19,405166.0,400445.0,4721.0,3,32914416.0,1.216624958498428,Asia,0.014343259196821235,0.09114547254917116,21.237320624534757,3.4262695881172656,23.2444639828785,1.6257203533003144
Malaysia,MYS,2021-03-20,418938.0,408155.0,10783.0,2,32914416.0,1.2400493449435652,Asia,0.03276072101659042,0.0607636483661141,21.237320624534757,3.4262695881172656,23.2444639828785,1.6257203533003144
Malaysia,MYS,2021-03-21,434433.0,417858.0,16575.0,4,32914416.0,1.2695288289483857,Asia,0.05035787358341707,0.1215272967322282,21.237320624534757,3.4262695881172656,23.2444639828785,1.6257203533003144
Malaysia,MYS,2021-03-22,458686.0,427574.0,31112.0,4,32914416.0,1.2990478093246436,Asia,0.09452393139832711,0.1215272967322282,21.237320624534757,3.4262695881172656,23.2444639828785,1.6257203533003144
Malaysia,MYS,2021-03-23,487826.0,435877.0,51949.0,5,32914416.0,1.324273837943836,Asia,0.1578305384485631,0.15190912091528527,21.237320624534757,3.4262695881172656,23.2444639828785,1.6257203533003144
Malaysia,MYS,2021-03-24,516887.0,442171.0,74716.0,6,32914416.0,1.343396158084652,Asia,0.22700083756612907,0.18229094509834232,21.237320624534757,3.4262695881172656,23.2444639828785,1.6257203533003144
Malaysia,MYS,2021-03-25,542641.0,448605.0,94036.0,2,32914416.0,1.362943823764031,Asia,0.28569852188779526,0.0607636483661141,21.237320624534757,3.4262695881172656,23.2444639828785,1.6257203533003144
Malaysia,MYS,2021-03-26,559339.0,452545.0,106794.0,2,32914416.0,1.3749142624921555,Asia,0.3244596531805395,0.0607636483661141,21.237320624534757,3.4262695881172656,23.2444639828785,1.6257203533003144
Malaysia,MYS,2021-03-27,575372.0,454244.0,121128.0,1,32914416.0,1.3800761344208567,Asia,0.3680089599645335,0.03038182418305705,21.237320624534757,3.4262695881172656,23.2444639828785,1.6257203533003144
Malaysia,MYS,2021-03-28,591896.0,457911.0,133985.0,2,32914416.0,1.391217149348784,Asia,0.4070708713166899,0.0607636483661141,21.237320624534757,3.4262695881172656,23.2444639828785,1.6257203533003144
Malaysia,MYS,2021-03-29,626932.0,465666.0,161266.0,4,32914416.0,1.4147782540027445,Asia,0.48995552587048785,0.1215272967322282,21.237320624534757,3.4262695881172656,23.2444639828785,1.6257203533003144
Malaysia,MYS,2021-03-30,667712.0,477123.0,190589.0,5,32914416.0,1.449586709969273,Asia,0.5790441489224661,0.15190912091528527,21.237320624534757,3.4262695881172656,23.2444639828785,1.6257203533003144
Malaysia,MYS,2021-03-31,704972.0,486942.0,218030.0,5,32914416.0,1.4794186231346167,Asia,0.6624149126631929,0.15190912091528527,21.237320624534757,3.4262695881172656,23.2444639828785,1.6257203533003144
Malaysia,MYS,2021-04-01,747271.0,502734.0,244537.0,7,32914416.0,1.5273975998845006,Asia,0.7429480140252223,0.2126727692813994,21.237320624534757,3.4262695881172656,23.2444639828785,1.6257203533003144
Malaysia,MYS,2021-04-02,777711.0,510317.0,267394.0,6,32914416.0,1.5504361371625126,Asia,0.8123917495604358,0.18229094509834232,21.237320624534757,3.4262695881172656,23.2444639828785,1.6257203533003144
Malaysia,MYS,2021-04-03,794965.0,512990.0,281975.0,5,32914416.0,1.5585571987666438,Asia,0.8566914874017513,0.15190912091528527,21.237320624534757,3.4262695881172656,23.2444639828785,1.6257203533003144
Malaysia,MYS,2021-04-04,809901.0,518991.0,290910.0,3,32914416.0,1.5767893314588963,Asia,0.8838376473093127,0.09114547254917116,21.237320624534757,3.4262695881172656,23.2444639828785,1.6257203533003144
Malaysia,MYS,2021-04-05,838471.0,528185.0,310286.0,2,32914416.0,1.604722380612799,Asia,0.9427054698464041,0.0607636483661141,21.237320624534757,3.4262695881172656,23.2444639828785,1.6257203533003144
Maldives,MDV,2021-04-03,245470.0,243749.0,1721.0,0,545111.0,44.715479966465544,Asia,0.3157155148217519,0.0,40.190451381199686,1.6832946273005271,23.2444639828785,1.6257203533003144
Maldives,MDV,2021-04-04,250633.0,246896.0,3737.0,0,545111.0,45.29279357782177,Asia,0.6855484479307884,0.0,40.190451381199686,1.6832946273005271,23.2444639828785,1.6257203533003144
Mali,MLI,2021-05-14,84280.0,71216.0,13064.0,1,21061822.0,0.3381283917412273,Africa,0.062026922457135945,0.04747927316069806,0.38776408716293304,0.012948892680190381,6.7162313205294755,1.7302538308583773
Mali,MLI,2021-05-21,87525.0,72440.0,15085.0,0,21061822.0,0.3439398547760968,Africa,0.07162248356291302,0.0,0.38776408716293304,0.012948892680190381,6.7162313205294755,1.7302538308583773
Mali,MLI,2021-05-26,110140.0,83549.0,26591.0,0,21061822.0,0.3966845793303163,Africa,0.12625213526161222,0.0,0.38776408716293304,0.012948892680190381,6.7162313205294755,1.7302538308583773
Mali,MLI,2021-05-31,127042.0,93580.0,33462.0,0,21061822.0,0.4443110382378125,Africa,0.15887514385032786,0.0,0.38776408716293304,0.012948892680190381,6.7162313205294755,1.7302538308583773
Mali,MLI,2021-06-08,152430.0,111439.0,40991.0,0,21061822.0,0.5291042721755032,Africa,0.19462228861301742,0.0,0.38776408716293304,0.012948892680190381,6.7162313205294755,1.7302538308583773
Mali,MLI,2021-06-10,157129.0,115048.0,42081.0,1,21061822.0,0.5462395418591991,Africa,0.1997975293875335,0.04747927316069806,0.38776408716293304,0.012948892680190381,6.7162313205294755,1.7302538308583773
Mali,MLI,2021-06-14,163218.0,121077.0,42141.0,0,21061822.0,0.5748647956477839,Africa,0.2000824050264977,0.0,0.38776408716293304,0.012948892680190381,6.7162313205294755,1.7302538308583773
Mali,MLI,2021-06-20,176038.0,130574.0,45464.0,0,21061822.0,0.6199558613684989,Africa,0.21585976749779767,0.0,0.38776408716293304,0.012948892680190381,6.7162313205294755,1.7302538308583773
Mali,MLI,2021-06-24,179634.0,133317.0,46317.0,1,21061822.0,0.6329794259964784,Africa,0.21990974949840522,0.04747927316069806,0.38776408716293304,0.012948892680190381,6.7162313205294755,1.7302538308583773
Mali,MLI,2021-07-05,190301.0,141529.0,48772.0,1,21061822.0,0.6719694051160436,Africa,0.2315659110593566,0.04747927316069806,0.38776408716293304,0.012948892680190381,6.7162313205294755,1.7302538308583773
Mali,MLI,2021-07-12,196862.0,145016.0,51846.0,0,21061822.0,0.6885254276671791,Africa,0.2461610396289552,0.0,0.38776408716293304,0.012948892680190381,6.7162313205294755,1.7302538308583773
Mali,MLI,2021-08-03,206562.0,150563.0,55999.0,1,21061822.0,0.7148621804894183,Africa,0.2658791817725931,0.04747927316069806,0.38776408716293304,0.012948892680190381,6.7162313205294755,1.7302538308583773
Mali,MLI,2021-08-09,259719.0,173242.0,86477.0,0,21061822.0,0.8225404240905654,Africa,0.41058651051176864,0.0,0.38776408716293304,0.012948892680190381,6.7162313205294755,1.7302538308583773
Mali,MLI,2021-08-28,296490.0,210013.0,86477.0,1,21061822.0,0.9971264594297684,Africa,0.41058651051176864,0.04747927316069806,0.38776408716293304,0.012948892680190381,6.7162313205294755,1.7302538308583773
Mali,MLI,2021-09-01,317060.0,230583.0,86477.0,0,21061822.0,1.094791324321324,Africa,0.41058651051176864,0.0,0.38776408716293304,0.012948892680190381,6.7162313205294755,1.7302538308583773
Mali,MLI,2021-09-06,344151.0,257674.0,86477.0,0,21061822.0,1.2234174232409714,Africa,0.41058651051176864,0.0,0.38776408716293304,0.012948892680190381,6.7162313205294755,1.7302538308583773
Mali,MLI,2021-09-13,370529.0,284052.0,86477.0,0,21061822.0,1.3486582499842608,Africa,0.41058651051176864,0.0,0.38776408716293304,0.012948892680190381,6.7162313205294755,1.7302538308583773
Mali,MLI,2021-09-20,396027.0,309550.0,86477.0,0,21061822.0,1.4697209006894083,Africa,0.41058651051176864,0.0,0.38776408716293304,0.012948892680190381,6.7162313205294755,1.7302538308583773
Mali,MLI,2021-09-22,397853.0,311376.0,86477.0,0,21061822.0,1.478390615968552,Africa,0.41058651051176864,0.0,0.38776408716293304,0.012948892680190381,6.7162313205294755,1.7302538308583773
Malta,MLT,2021-01-24,19981.0,18783.0,1198.0,3,443282.0,4.237257547114478,Europe,0.27025685680898387,6.7677009217608655,50.64495508757874,1.753643257714136,24.78207907735958,3.0760247467090363
Malta,MLT,2021-01-25,21172.0,19709.0,1463.0,1,443282.0,4.446153915566163,Europe,0.3300382149512049,2.2559003072536217,50.64495508757874,1.753643257714136,24.78207907735958,3.0760247467090363
Malta,MLT,2021-01-26,22371.0,20677.0,1694.0,1,443282.0,4.664525065308315,Europe,0.3821495120487635,2.2559003072536217,50.64495508757874,1.753643257714136,24.78207907735958,3.0760247467090363
Malta,MLT,2021-01-27,23512.0,21417.0,2095.0,3,443282.0,4.831461688045082,Europe,0.47261111436963377,6.7677009217608655,50.64495508757874,1.753643257714136,24.78207907735958,3.0760247467090363
Malta,MLT,2021-01-28,24680.0,22162.0,2518.0,1,443282.0,4.999526260935476,Europe,0.568035697366462,2.2559003072536217,50.64495508757874,1.753643257714136,24.78207907735958,3.0760247467090363
Malta,MLT,2021-01-29,25822.0,22853.0,2969.0,6,443282.0,5.155408972166702,Europe,0.6697768012236004,13.535401843521731,50.64495508757874,1.753643257714136,24.78207907735958,3.0760247467090363
Malta,MLT,2021-01-30,26847.0,23391.0,3456.0,2,443282.0,5.276776408696946,Europe,0.7796391461868517,4.511800614507243,50.64495508757874,1.753643257714136,24.78207907735958,3.0760247467090363
Malta,MLT,2021-01-31,27759.0,23811.0,3948.0,1,443282.0,5.371524221601599,Europe,0.8906294413037299,2.2559003072536217,50.64495508757874,1.753643257714136,24.78207907735958,3.0760247467090363
Mauritania,MRT,2021-05-21,25741.0,19468.0,6273.0,0,4817706.0,0.404092736252482,Africa,0.13020719819764842,0.0,1.2113491358750408,0.3902272160235598,6.7162313205294755,1.7302538308583773
Mauritania,MRT,2021-05-23,28382.0,22109.0,6273.0,0,4817706.0,0.4589113573970682,Africa,0.13020719819764842,0.0,1.2113491358750408,0.3902272160235598,6.7162313205294755,1.7302538308583773
Mauritania,MRT,2021-05-26,28770.0,22360.0,6410.0,0,4817706.0,0.4641213058663189,Africa,0.13305087525058606,0.0,1.2113491358750408,0.3902272160235598,6.7162313205294755,1.7302538308583773
Mauritania,MRT,2021-05-31,37331.0,30561.0,6770.0,0,4817706.0,0.634347550473192,Africa,0.14052331130210105,0.0,1.2113491358750408,0.3902272160235598,6.7162313205294755,1.7302538308583773
Mauritania,MRT,2021-06-10,44628.0,37726.0,6902.0,0,4817706.0,0.7830697846651499,Africa,0.14326320452098987,0.0,1.2113491358750408,0.3902272160235598,6.7162313205294755,1.7302538308583773
Mauritania,MRT,2021-06-14,46703.0,39801.0,6902.0,0,4817706.0,0.8261400757954097,Africa,0.14326320452098987,0.0,1.2113491358750408,0.3902272160235598,6.7162313205294755,1.7302538308583773
Mauritania,MRT,2021-06-15,49235.0,42333.0,6902.0,1,4817706.0,0.8786962093577316,Africa,0.14326320452098987,0.20756766809763816,1.2113491358750408,0.3902272160235598,6.7162313205294755,1.7302538308583773
Mauritania,MRT,2021-06-23,142362.0,135460.0,6902.0,1,4817706.0,2.811711632050607,Africa,0.14326320452098987,0.20756766809763816,1.2113491358750408,0.3902272160235598,6.7162313205294755,1.7302538308583773
Mauritania,MRT,2021-06-30,161082.0,152224.0,8858.0,0,4817706.0,3.159678070849487,Africa,0.1838634404008879,0.0,1.2113491358750408,0.3902272160235598,6.7162313205294755,1.7302538308583773
Mauritania,MRT,2021-07-05,171733.0,160481.0,11252.0,0,4817706.0,3.331066694397707,Africa,0.23355514014346246,0.0,1.2113491358750408,0.3902272160235598,6.7162313205294755,1.7302538308583773
Mauritania,MRT,2021-07-07,174628.0,163150.0,11478.0,0,4817706.0,3.3864665050129665,Africa,0.23824616944246907,0.0,1.2113491358750408,0.3902272160235598,6.7162313205294755,1.7302538308583773
Mauritania,MRT,2021-07-12,176337.0,164213.0,12124.0,1,4817706.0,3.408530948131746,Africa,0.2516550408015765,0.20756766809763816,1.2113491358750408,0.3902272160235598,6.7162313205294755,1.7302538308583773
Mauritania,MRT,2021-07-13,178928.0,166277.0,12651.0,0,4817706.0,3.4513729148270977,Africa,0.26259385691032205,0.0,1.2113491358750408,0.3902272160235598,6.7162313205294755,1.7302538308583773
Mauritania,MRT,2021-07-15,182642.0,169595.0,13047.0,3,4817706.0,3.5202438671018945,Africa,0.27081353656698853,0.6227030042929146,1.2113491358750408,0.3902272160235598,6.7162313205294755,1.7302538308583773
Mauritania,MRT,2021-07-19,189076.0,174957.0,14119.0,1,4817706.0,3.6315416507358487,Africa,0.2930647905870553,0.20756766809763816,1.2113491358750408,0.3902272160235598,6.7162313205294755,1.7302538308583773
Mauritania,MRT,2021-07-24,190950.0,176294.0,14656.0,3,4817706.0,3.6592934479605024,Africa,0.3042111743638985,0.6227030042929146,1.2113491358750408,0.3902272160235598,6.7162313205294755,1.7302538308583773
Mauritania,MRT,2021-07-26,192094.0,177259.0,14835.0,7,4817706.0,3.6793237279319246,Africa,0.3079266356228462,1.452973676683467,1.2113491358750408,0.3902272160235598,6.7162313205294755,1.7302538308583773
Mauritania,MRT,2021-07-29,193776.0,178483.0,15293.0,5,4817706.0,3.704730010507076,Africa,0.31743323482171804,1.0378383404881908,1.2113491358750408,0.3902272160235598,6.7162313205294755,1.7302538308583773
Mauritania,MRT,2021-08-03,219338.0,200929.0,18409.0,4,4817706.0,4.170636398319034,Africa,0.38211132020094213,0.8302706723905526,1.2113491358750408,0.3902272160235598,6.7162313205294755,1.7302538308583773
Mauritania,MRT,2021-08-05,224000.0,205245.0,18755.0,5,4817706.0,4.260222603869974,Africa,0.3892931615171204,1.0378383404881908,1.2113491358750408,0.3902272160235598,6.7162313205294755,1.7302538308583773
Mauritania,MRT,2021-08-09,236578.0,215782.0,20796.0,6,4817706.0,4.478936655744456,Africa,0.43165772257584833,1.2454060085858292,1.2113491358750408,0.3902272160235598,6.7162313205294755,1.7302538308583773
Mauritania,MRT,2021-08-12,242626.0,221081.0,21545.0,4,4817706.0,4.588926763069394,Africa,0.44720454091636147,0.8302706723905526,1.2113491358750408,0.3902272160235598,6.7162313205294755,1.7302538308583773
Mauritania,MRT,2021-09-09,306666.0,285121.0,21545.0,6,4817706.0,5.91819010956667,Africa,0.44720454091636147,1.2454060085858292,1.2113491358750408,0.3902272160235598,6.7162313205294755,1.7302538308583773
Mauritius,MUS,2021-05-12,220646.0,212182.0,8464.0,0,1273931.0,16.655690143343712,Africa,0.6644001912191477,0.0,42.70420043307272,0.5233145803553463,6.7162313205294755,1.7302538308583773
Mexico,MEX,2021-01-15,417375.0,415417.0,1958.0,1233,130715109.0,0.3178033535511185,North America,0.0014979140628647604,9.432727474526299,13.423736386591926,3.410464299107345,25.330161870977133,2.7121448645862953
Mexico,MEX,2021-01-16,463246.0,461025.0,2221.0,1260,130715109.0,0.3526944999143136,North America,0.0016991149814211608,9.639283550610818,13.423736386591926,3.410464299107345,25.330161870977133,2.7121448645862953
Mexico,MEX,2021-01-17,472142.0,468708.0,3434.0,1289,130715109.0,0.3585721678126742,North America,0.002627087278793456,9.86114007677567,13.423736386591926,3.410464299107345,25.330161870977133,2.7121448645862953
Mexico,MEX,2021-01-18,492529.0,485983.0,6546.0,1267,130715109.0,0.3717879315695632,North America,0.005007837311293525,9.692835125891989,13.423736386591926,3.410464299107345,25.330161870977133,2.7121448645862953
Mexico,MEX,2021-01-19,498122.0,488513.0,9609.0,1384,130715109.0,0.3737234385047255,North America,0.007351101241096773,10.587911455591565,13.423736386591926,3.410464299107345,25.330161870977133,2.7121448645862953
Mexico,MEX,2021-01-20,501030.0,489628.0,11402.0,1385,130715109.0,0.3745764385967042,North America,0.008722786590798772,10.59556168063173,13.423736386591926,3.410464299107345,25.330161870977133,2.7121448645862953
Mexico,MEX,2021-01-21,552335.0,534317.0,18018.0,1423,130715109.0,0.4087645292787079,North America,0.013784175477373468,10.88627023215809,13.423736386591926,3.410464299107345,25.330161870977133,2.7121448645862953
Mexico,MEX,2021-01-22,614808.0,594725.0,20083.0,1470,130715109.0,0.4549780087013506,North America,0.015363946948168018,11.245830809045954,13.423736386591926,3.410464299107345,25.330161870977133,2.7121448645862953
Mexico,MEX,2021-01-23,618768.0,596296.0,22472.0,1399,130715109.0,0.4561798590551609,North America,0.017191585710263992,10.702664831194074,13.423736386591926,3.410464299107345,25.330161870977133,2.7121448645862953
Mexico,MEX,2021-01-24,629626.0,604441.0,25185.0,1379,130715109.0,0.4624109673503772,North America,0.019267091763661384,10.549660330390727,13.423736386591926,3.410464299107345,25.330161870977133,2.7121448645862953
Mexico,MEX,2021-01-25,645105.0,616390.0,28715.0,1326,130715109.0,0.4715522212508731,North America,0.021967621202840446,10.14419840326186,13.423736386591926,3.410464299107345,25.330161870977133,2.7121448645862953
Mexico,MEX,2021-01-26,652319.0,621005.0,31314.0,1397,130715109.0,0.4750828001069103,North America,0.02395591469077993,10.68736438111374,13.423736386591926,3.410464299107345,25.330161870977133,2.7121448645862953
Mexico,MEX,2021-01-27,656044.0,624730.0,31314.0,1455,130715109.0,0.4779325089343726,North America,0.02395591469077993,11.131077433443444,13.423736386591926,3.410464299107345,25.330161870977133,2.7121448645862953
Mexico,MEX,2021-01-28,657842.0,626528.0,31314.0,1401,130715109.0,0.4793080193965947,North America,0.02395591469077993,10.71796528127441,13.423736386591926,3.410464299107345,25.330161870977133,2.7121448645862953
Mexico,MEX,2021-01-29,662217.0,630820.0,31397.0,1308,130715109.0,0.4825914959838345,North America,0.02401941155861332,10.006494352538848,13.423736386591926,3.410464299107345,25.330161870977133,2.7121448645862953
Mexico,MEX,2021-01-30,670307.0,631298.0,39009.0,1228,130715109.0,0.4829571767407546,North America,0.02984276285918868,9.394476349325464,13.423736386591926,3.410464299107345,25.330161870977133,2.7121448645862953
Mexico,MEX,2021-01-31,673327.0,631485.0,41842.0,1237,130715109.0,0.4831002359490056,North America,0.03201007161306808,9.463328374686968,13.423736386591926,3.410464299107345,25.330161870977133,2.7121448645862953
Mexico,MEX,2021-02-01,675202.0,631747.0,43455.0,1221,130715109.0,0.4833006718450581,North America,0.033244052912047066,9.340924774044293,13.423736386591926,3.410464299107345,25.330161870977133,2.7121448645862953
Mexico,MEX,2021-02-02,677539.0,631791.0,45748.0,1151,130715109.0,0.4833343328352348,North America,0.034998249513757435,8.80540902123258,13.423736386591926,3.410464299107345,25.330161870977133,2.7121448645862953
Mexico,MEX,2021-02-03,686601.0,632439.0,54162.0,1266,130715109.0,0.4838300674178376,North America,0.041435148862554214,9.685184900851821,13.423736386591926,3.410464299107345,25.330161870977133,2.7121448645862953
Mexico,MEX,2021-02-04,695088.0,634346.0,60742.0,1229,130715109.0,0.4852889653329976,North America,0.04646899693898431,9.40212657436563,13.423736386591926,3.410464299107345,25.330161870977133,2.7121448645862953
Mexico,MEX,2021-02-05,700316.0,636070.0,64246.0,1135,130715109.0,0.4866078641299224,North America,0.049149635793058935,8.683005420589904,13.423736386591926,3.410464299107345,25.330161870977133,2.7121448645862953
Mexico,MEX,2021-02-06,710198.0,637098.0,73100.0,1068,130715109.0,0.4873943072640516,North America,0.05592314504362307,8.170440342898694,13.423736386591926,3.410464299107345,25.330161870977133,2.7121448645862953
Mexico,MEX,2021-02-07,713517.0,637681.0,75836.0,1020,130715109.0,0.4878403153838934,North America,0.05801624661461285,7.803229540970661,13.423736386591926,3.410464299107345,25.330161870977133,2.7121448645862953
Mexico,MEX,2021-02-08,717820.0,638391.0,79429.0,1027,130715109.0,0.4883834813617453,North America,0.06076497247154497,7.856781116251834,13.423736386591926,3.410464299107345,25.330161870977133,2.7121448645862953
Mexico,MEX,2021-02-10,724707.0,640115.0,84592.0,1052,130715109.0,0.4897023801586701,North America,0.06471478365978336,8.048036742256015,13.423736386591926,3.410464299107345,25.330161870977133,2.7121448645862953
Mexico,MEX,2021-02-11,725447.0,640115.0,85332.0,947,130715109.0,0.4897023801586701,North America,0.06528090031275573,7.244763113038448,13.423736386591926,3.410464299107345,25.330161870977133,2.7121448645862953
Mexico,MEX,2021-02-12,726002.0,640115.0,85887.0,871,130715109.0,0.4897023801586701,North America,0.06570548780248502,6.663346009985732,13.423736386591926,3.410464299107345,25.330161870977133,2.7121448645862953
Mexico,MEX,2021-02-13,726313.0,640125.0,86188.0,908,130715109.0,0.4897100303837103,North America,0.06593575957619406,6.946404336471923,13.423736386591926,3.410464299107345,25.330161870977133,2.7121448645862953
Mexico,MEX,2021-02-15,749682.0,663484.0,86198.0,753,130715109.0,0.507580191055037,North America,0.06594340980123423,5.760619455245988,13.423736386591926,3.410464299107345,25.330161870977133,2.7121448645862953
Mexico,MEX,2021-02-16,915383.0,829185.0,86198.0,766,130715109.0,0.6343451849931135,North America,0.06594340980123423,5.860072380768163,13.423736386591926,3.410464299107345,25.330161870977133,2.7121448645862953
Mexico,MEX,2021-02-17,1058139.0,958473.0,99666.0,796,130715109.0,0.7332534144924286,North America,0.07624673288533157,6.089579131973183,13.423736386591926,3.410464299107345,25.330161870977133,2.7121448645862953
Mexico,MEX,2021-02-19,1574158.0,1155227.0,418931.0,733,130715109.0,0.8837746522477368,North America,0.3204916426302334,5.607614954442642,13.423736386591926,3.410464299107345,25.330161870977133,2.7121448645862953
Mexico,MEX,2021-02-20,1656304.0,1210886.0,445418.0,671,130715109.0,0.9263550397988038,North America,0.34075479369412454,5.133301001952269,13.423736386591926,3.410464299107345,25.330161870977133,2.7121448645862953
Mexico,MEX,2021-02-21,1689158.0,1236103.0,453055.0,711,130715109.0,0.9456466122825938,North America,0.34659727055730033,5.439310003558961,13.423736386591926,3.410464299107345,25.330161870977133,2.7121448645862953
Mexico,MEX,2021-02-22,1733404.0,1277187.0,456217.0,605,130715109.0,0.9770767968376172,North America,0.3490162717150012,4.628386149301226,13.423736386591926,3.410464299107345,25.330161870977133,2.7121448645862953
Mexico,MEX,2021-02-23,1801156.0,1336854.0,464302.0,714,130715109.0,1.0227233945847836,North America,0.3552014786599765,5.4622606786794625,13.423736386591926,3.410464299107345,25.330161870977133,2.7121448645862953
Mexico,MEX,2021-02-24,1900784.0,1425395.0,475389.0,718,130715109.0,1.090459252112929,North America,0.36368328316201,5.492861578840133,13.423736386591926,3.410464299107345,25.330161870977133,2.7121448645862953
Mexico,MEX,2021-02-25,2088813.0,1562401.0,526412.0,593,130715109.0,1.195271925298245,North America,0.40271702638445567,4.5365834488192185,13.423736386591926,3.410464299107345,25.330161870977133,2.7121448645862953
Mexico,MEX,2021-02-26,2271032.0,1708721.0,562311.0,592,130715109.0,1.3072100180859736,North America,0.43018056925615233,4.528933223779051,13.423736386591926,3.410464299107345,25.330161870977133,2.7121448645862953
Mexico,MEX,2021-02-27,2383411.0,1818034.0,565377.0,571,130715109.0,1.3908369230675546,North America,0.43252612825346765,4.368278497935537,13.423736386591926,3.410464299107345,25.330161870977133,2.7121448645862953
Mexico,MEX,2021-02-28,2455095.0,1889672.0,565423.0,563,130715109.0,1.4456416052103052,North America,0.43256131928865243,4.307076697614198,13.423736386591926,3.410464299107345,25.330161870977133,2.7121448645862953
Mexico,MEX,2021-03-01,2526863.0,1959525.0,567338.0,580,130715109.0,1.499080722183386,North America,0.43402633738384444,4.437130523297043,13.423736386591926,3.410464299107345,25.330161870977133,2.7121448645862953
Mexico,MEX,2021-03-02,2583435.0,2012853.0,570582.0,572,130715109.0,1.53987784227759,North America,0.4365080703868747,4.375928722975704,13.423736386591926,3.410464299107345,25.330161870977133,2.7121448645862953
Mexico,MEX,2021-03-03,2633580.0,2043941.0,589639.0,573,130715109.0,1.5636608618824623,North America,0.4510871042459215,4.383578948015872,13.423736386591926,3.410464299107345,25.330161870977133,2.7121448645862953
Mexico,MEX,2021-03-05,2731900.0,2128766.0,603134.0,498,130715109.0,1.6285538957856818,North America,0.46141108293762734,3.809812070003323,13.423736386591926,3.410464299107345,25.330161870977133,2.7121448645862953
Mexico,MEX,2021-03-06,2765805.0,2162358.0,603447.0,500,130715109.0,1.6542525317406114,North America,0.46165053498138464,3.8251125200836578,13.423736386591926,3.410464299107345,25.330161870977133,2.7121448645862953
Mexico,MEX,2021-03-08,2849630.0,2245291.0,604339.0,471,130715109.0,1.7176981430662313,North America,0.46233293505496753,3.603255993918806,13.423736386591926,3.410464299107345,25.330161870977133,2.7121448645862953
Mexico,MEX,2021-03-09,3100868.0,2495067.0,605801.0,477,130715109.0,1.9087824040295145,North America,0.46345139795583995,3.6491573441598093,13.423736386591926,3.410464299107345,25.330161870977133,2.7121448645862953
Mexico,MEX,2021-03-10,3488000.0,2882000.0,606000.0,513,130715109.0,2.2047948565762203,North America,0.46360363743413935,3.924565445605833,13.423736386591926,3.410464299107345,25.330161870977133,2.7121448645862953
Mexico,MEX,2021-03-12,4005131.0,3395671.0,609460.0,514,130715109.0,2.5977647312369987,North America,0.4662506152980372,3.9322156706460003,13.423736386591926,3.410464299107345,25.330161870977133,2.7121448645862953
Mexico,MEX,2021-03-13,4214294.0,3604420.0,609874.0,481,130715109.0,2.7574624139279873,North America,0.4665673346147001,3.6797582443204786,13.423736386591926,3.410464299107345,25.330161870977133,2.7121448645862953
Mexico,MEX,2021-03-14,4339926.0,3730045.0,609881.0,405,130715109.0,2.8535683659950895,North America,0.4665726897722282,3.098341141267763,13.423736386591926,3.410464299107345,25.330161870977133,2.7121448645862953
Mexico,MEX,2021-03-15,4404608.0,3794719.0,609889.0,419,130715109.0,2.9030454314198675,North America,0.46657880995226036,3.205444291830105,13.423736386591926,3.410464299107345,25.330161870977133,2.7121448645862953
Mexico,MEX,2021-03-17,4737622.0,4110741.0,626881.0,392,130715109.0,3.144809373184243,North America,0.4795780723405127,2.9988882157455876,13.423736386591926,3.410464299107345,25.330161870977133,2.7121448645862953
Mexico,MEX,2021-03-18,4947522.0,4300720.0,646802.0,389,130715109.0,3.2901475834748375,North America,0.49481808564303,2.9759375406250856,13.423736386591926,3.410464299107345,25.330161870977133,2.7121448645862953
Mexico,MEX,2021-03-20,5459014.0,4763347.0,695667.0,368,130715109.0,3.6440676494405864,North America,0.5322009103018076,2.8152828147815723,13.423736386591926,3.410464299107345,25.330161870977133,2.7121448645862953
Mexico,MEX,2021-03-21,5612291.0,4895523.0,716768.0,374,130715109.0,3.7451852639315018,North America,0.5483436501590646,2.8611841650225758,13.423736386591926,3.410464299107345,25.330161870977133,2.7121448645862953
Mexico,MEX,2021-03-22,5781359.0,5046896.0,734463.0,345,130715109.0,3.860989015432027,North America,0.5618807233676407,2.639327638857724,13.423736386591926,3.410464299107345,25.330161870977133,2.7121448645862953
Mexico,MEX,2021-03-24,6119298.0,5351319.0,767979.0,353,130715109.0,4.093879461172312,North America,0.5875212176122655,2.7005294391790624,13.423736386591926,3.410464299107345,25.330161870977133,2.7121448645862953
Mexico,MEX,2021-03-25,6243886.0,5460096.0,783790.0,394,130715109.0,4.17709631409174,North America,0.599616988423274,3.0141886658259223,13.423736386591926,3.410464299107345,25.330161870977133,2.7121448645862953
Mexico,MEX,2021-03-26,6487170.0,5675286.0,811884.0,334,130715109.0,4.3417215067310995,North America,0.6211095306511201,2.5551751634158832,13.423736386591926,3.410464299107345,25.330161870977133,2.7121448645862953
Mexico,MEX,2021-03-27,6724789.0,5901505.0,823284.0,297,130715109.0,4.514784132567262,North America,0.6298307871969109,2.2721168369296927,13.423736386591926,3.410464299107345,25.330161870977133,2.7121448645862953
Mexico,MEX,2021-03-29,7018449.0,6167510.0,850939.0,309,130715109.0,4.718283943748232,North America,0.6509874845454935,2.3639195374117,13.423736386591926,3.410464299107345,25.330161870977133,2.7121448645862953
Mexico,MEX,2021-03-31,7851053.0,6905214.0,945839.0,332,130715109.0,5.282644105051391,North America,0.7235881201766814,2.5398747133355486,13.423736386591926,3.410464299107345,25.330161870977133,2.7121448645862953
Mexico,MEX,2021-04-02,8644446.0,7586131.0,1058315.0,301,130715109.0,5.803560933418952,North America,0.8096347913384672,2.3027177370903615,13.423736386591926,3.410464299107345,25.330161870977133,2.7121448645862953
Mexico,MEX,2021-04-03,8987190.0,7903660.0,1083530.0,287,130715109.0,6.04647776409688,North America,0.8289248337772491,2.1956145865280194,13.423736386591926,3.410464299107345,25.330161870977133,2.7121448645862953
Mexico,MEX,2021-04-04,9036000.0,7924236.0,1111764.0,291,130715109.0,6.062218867139529,North America,0.8505244791556575,2.2262154866886887,13.423736386591926,3.410464299107345,25.330161870977133,2.7121448645862953
Mexico,MEX,2021-04-05,9287405.0,8113230.0,1174175.0,300,130715109.0,6.206803530263667,North America,0.8982702986538458,2.2950675120501947,13.423736386591926,3.410464299107345,25.330161870977133,2.7121448645862953
Mexico,MEX,2021-04-06,9675517.0,8372272.0,1303245.0,262,130715109.0,6.404976489749169,North America,0.9970117532472853,2.0043589605238363,13.423736386591926,3.410464299107345,25.330161870977133,2.7121448645862953
Republic of Moldova,MDA,2021-04-15,86016.0,78019.0,7997.0,28,4020532.0,1.9405143398933276,Europe,0.19890402563640833,6.964252491958775,4.607191669774433,1.716464114972571,24.78207907735958,3.0760247467090363
Republic of Moldova,MDA,2021-04-16,91743.0,82267.0,9476.0,27,4020532.0,2.0461719991284735,Europe,0.2356902021921477,6.715529188674534,4.607191669774433,1.716464114972571,24.78207907735958,3.0760247467090363
Republic of Moldova,MDA,2021-04-18,93466.0,83641.0,9825.0,27,4020532.0,2.0803465809997284,Europe,0.24437064547676773,6.715529188674534,4.607191669774433,1.716464114972571,24.78207907735958,3.0760247467090363
Republic of Moldova,MDA,2021-04-19,96372.0,86131.0,10241.0,23,4020532.0,2.1422786835175045,Europe,0.2547175348933922,5.720635975537566,4.607191669774433,1.716464114972571,24.78207907735958,3.0760247467090363
Republic of Moldova,MDA,2021-04-20,99639.0,88824.0,10815.0,20,4020532.0,2.209259869091951,Europe,0.2689942525019077,4.97446606568484,4.607191669774433,1.716464114972571,24.78207907735958,3.0760247467090363
Republic of Moldova,MDA,2021-04-22,109899.0,98541.0,11358.0,27,4020532.0,2.450944302893249,Europe,0.28249992787024203,6.715529188674534,4.607191669774433,1.716464114972571,24.78207907735958,3.0760247467090363
Republic of Moldova,MDA,2021-04-23,120254.0,108760.0,11494.0,25,4020532.0,2.705114646519416,Europe,0.28588256479490776,6.2180825821060495,4.607191669774433,1.716464114972571,24.78207907735958,3.0760247467090363
Republic of Moldova,MDA,2021-04-26,124695.0,113135.0,11560.0,21,4020532.0,2.8139310917062716,Europe,0.2875241385965837,5.223189368969082,4.607191669774433,1.716464114972571,24.78207907735958,3.0760247467090363
Republic of Moldova,MDA,2021-04-27,132600.0,119583.0,13017.0,15,4020532.0,2.974307877663951,Europe,0.3237631238850978,3.7308495492636298,4.607191669774433,1.716464114972571,24.78207907735958,3.0760247467090363
Republic of Moldova,MDA,2021-04-28,139505.0,124505.0,15000.0,17,4020532.0,3.0967294875404545,Europe,0.373084954926363,4.228296155832114,4.607191669774433,1.716464114972571,24.78207907735958,3.0760247467090363
Republic of Moldova,MDA,2021-04-29,145117.0,128587.0,16530.0,18,4020532.0,3.1982583399410824,Europe,0.41113962032885204,4.477019459116356,4.607191669774433,1.716464114972571,24.78207907735958,3.0760247467090363
Republic of Moldova,MDA,2021-04-30,147315.0,130218.0,17097.0,15,4020532.0,3.2388251107067423,Europe,0.4252422316250685,3.7308495492636298,4.607191669774433,1.716464114972571,24.78207907735958,3.0760247467090363
Republic of Moldova,MDA,2021-05-04,150384.0,132065.0,18319.0,12,4020532.0,3.284764304823342,Europe,0.4556362192864029,2.9846796394109036,4.607191669774433,1.716464114972571,24.78207907735958,3.0760247467090363
Republic of Moldova,MDA,2021-05-05,160476.0,140174.0,20302.0,19,4020532.0,3.486454031456534,Europe,0.504958050327668,4.725742762400598,4.607191669774433,1.716464114972571,24.78207907735958,3.0760247467090363
Republic of Moldova,MDA,2021-05-06,171820.0,150173.0,21647.0,23,4020532.0,3.735152462410447,Europe,0.5384113346193986,5.720635975537566,4.607191669774433,1.716464114972571,24.78207907735958,3.0760247467090363
Republic of Moldova,MDA,2021-05-07,182717.0,159420.0,23297.0,20,4020532.0,3.965146900957386,Europe,0.5794506796612985,4.97446606568484,4.607191669774433,1.716464114972571,24.78207907735958,3.0760247467090363
Republic of Moldova,MDA,2021-05-08,184660.0,161266.0,23394.0,17,4020532.0,4.011061222743657,Europe,0.5818632957031558,4.228296155832114,4.607191669774433,1.716464114972571,24.78207907735958,3.0760247467090363
Republic of Moldova,MDA,2021-05-10,185292.0,161849.0,23443.0,9,4020532.0,4.025561791325128,Europe,0.5830820398892484,2.238509729558178,4.607191669774433,1.716464114972571,24.78207907735958,3.0760247467090363
Republic of Moldova,MDA,2021-05-11,192845.0,167476.0,25369.0,6,4020532.0,4.165518394083171,Europe,0.6309861481017934,1.4923398197054518,4.607191669774433,1.716464114972571,24.78207907735958,3.0760247467090363
Republic of Moldova,MDA,2021-05-12,202883.0,175754.0,27129.0,12,4020532.0,4.371411544541867,Europe,0.6747614494798201,2.9846796394109036,4.607191669774433,1.716464114972571,24.78207907735958,3.0760247467090363
Republic of Moldova,MDA,2021-05-13,216740.0,187446.0,29294.0,11,4020532.0,4.662218830741803,Europe,0.7286100446408584,2.7359563361266614,4.607191669774433,1.716464114972571,24.78207907735958,3.0760247467090363
Republic of Moldova,MDA,2021-05-14,228971.0,197548.0,31423.0,14,4020532.0,4.9134791117195435,Europe,0.7815632359100736,3.4821262459793876,4.607191669774433,1.716464114972571,24.78207907735958,3.0760247467090363
Republic of Moldova,MDA,2021-05-15,233603.0,201838.0,31765.0,11,4020532.0,5.020181408828483,Europe,0.7900695728823947,2.7359563361266614,4.607191669774433,1.716464114972571,24.78207907735958,3.0760247467090363
Republic of Moldova,MDA,2021-05-17,242946.0,209881.0,33065.0,11,4020532.0,5.220229561659999,Europe,0.8224036023093462,2.7359563361266614,4.607191669774433,1.716464114972571,24.78207907735958,3.0760247467090363
Republic of Moldova,MDA,2021-05-18,253310.0,219004.0,34306.0,7,4020532.0,5.447139831246213,Europe,0.8532701642469205,1.7410631229896938,4.607191669774433,1.716464114972571,24.78207907735958,3.0760247467090363
Republic of Moldova,MDA,2021-05-19,264380.0,228911.0,35469.0,9,4020532.0,5.693550007809912,Europe,0.8821966844188779,2.238509729558178,4.607191669774433,1.716464114972571,24.78207907735958,3.0760247467090363
Republic of Moldova,MDA,2021-05-20,275627.0,239094.0,36533.0,10,4020532.0,5.946824947544256,Europe,0.9086608438883212,2.48723303284242,4.607191669774433,1.716464114972571,24.78207907735958,3.0760247467090363
Republic of Moldova,MDA,2021-05-21,288097.0,250034.0,38063.0,8,4020532.0,6.218928241337216,Europe,0.9467155092908103,1.989786426273936,4.607191669774433,1.716464114972571,24.78207907735958,3.0760247467090363
Republic of Moldova,MDA,2021-05-22,294794.0,256175.0,38619.0,6,4020532.0,6.371669221884069,Europe,0.960544524953414,1.4923398197054518,4.607191669774433,1.716464114972571,24.78207907735958,3.0760247467090363
Republic of Moldova,MDA,2021-05-23,298553.0,259809.0,38744.0,5,4020532.0,6.4620552702975615,Europe,0.9636535662444672,1.24361651642121,4.607191669774433,1.716464114972571,24.78207907735958,3.0760247467090363
Mongolia,MNG,2021-04-22,670842.0,649236.0,21606.0,5,3346598.0,19.399880117062164,Asia,0.6456108561590008,1.4940545592867742,49.49154237587727,2.3787692198840404,23.2444639828785,1.6257203533003144
Montenegro,MNE,2021-03-19,6849.0,6517.0,332.0,18,628053.0,1.0376512810224614,Europe,0.05286178077327869,28.66000162406676,19.176753991137907,6.515035259147758,24.78207907735958,3.0760247467090363
Montenegro,MNE,2021-03-20,7298.0,6837.0,461.0,9,628053.0,1.0886023950208024,Europe,0.07340144860385986,14.33000081203338,19.176753991137907,6.515035259147758,24.78207907735958,3.0760247467090363
Montenegro,MNE,2021-03-23,8669.0,8074.0,595.0,5,628053.0,1.2855602950706388,Europe,0.09473722759066512,7.961111562240766,19.176753991137907,6.515035259147758,24.78207907735958,3.0760247467090363
Montenegro,MNE,2021-03-24,10809.0,9961.0,848.0,9,628053.0,1.5860126454296055,Europe,0.1350204520956034,14.33000081203338,19.176753991137907,6.515035259147758,24.78207907735958,3.0760247467090363
Montenegro,MNE,2021-03-25,12929.0,11857.0,1072.0,12,628053.0,1.8878979958697757,Europe,0.17068623189444204,19.106667749377838,19.176753991137907,6.515035259147758,24.78207907735958,3.0760247467090363
Montenegro,MNE,2021-03-26,14739.0,13410.0,1329.0,4,628053.0,2.1351701209929734,Europe,0.21160634532435954,6.3688892497926135,19.176753991137907,6.515035259147758,24.78207907735958,3.0760247467090363
Montenegro,MNE,2021-03-27,16451.0,14850.0,1601.0,6,628053.0,2.3644501339855077,Europe,0.2549147922229493,9.553333874688919,19.176753991137907,6.515035259147758,24.78207907735958,3.0760247467090363
Montenegro,MNE,2021-03-28,18661.0,16570.0,2091.0,4,628053.0,2.63831237172659,Europe,0.33293368553290886,6.3688892497926135,19.176753991137907,6.515035259147758,24.78207907735958,3.0760247467090363
Montenegro,MNE,2021-03-29,20140.0,17746.0,2394.0,7,628053.0,2.8255577156704925,Europe,0.3811780216000879,11.145556187137073,19.176753991137907,6.515035259147758,24.78207907735958,3.0760247467090363
Montenegro,MNE,2021-03-30,20373.0,17906.0,2467.0,4,628053.0,2.851033272669663,Europe,0.39280124448095943,6.3688892497926135,19.176753991137907,6.515035259147758,24.78207907735958,3.0760247467090363
Montenegro,MNE,2021-03-31,22391.0,19118.0,3273.0,11,628053.0,3.044010616938379,Europe,0.5211343628642806,17.514445436929687,19.176753991137907,6.515035259147758,24.78207907735958,3.0760247467090363
Montenegro,MNE,2021-04-01,23046.0,19636.0,3410.0,10,628053.0,3.126487732723194,Europe,0.5429478085448203,15.922223124481532,19.176753991137907,6.515035259147758,24.78207907735958,3.0760247467090363
Montenegro,MNE,2021-04-02,25003.0,21195.0,3808.0,8,628053.0,3.374715191233861,Europe,0.6063182565802567,12.737778499585227,19.176753991137907,6.515035259147758,24.78207907735958,3.0760247467090363
Montenegro,MNE,2021-04-03,26972.0,22947.0,4025.0,12,628053.0,3.653672540374777,Europe,0.6408694807603816,19.106667749377838,19.176753991137907,6.515035259147758,24.78207907735958,3.0760247467090363
Montenegro,MNE,2021-04-04,29710.0,25516.0,4194.0,10,628053.0,4.062714452442708,Europe,0.6677780378407555,15.922223124481532,19.176753991137907,6.515035259147758,24.78207907735958,3.0760247467090363
Montenegro,MNE,2021-04-05,31631.0,27149.0,4482.0,7,628053.0,4.322724356065491,Europe,0.7136340404392624,11.145556187137073,19.176753991137907,6.515035259147758,24.78207907735958,3.0760247467090363
Montenegro,MNE,2021-04-06,34335.0,29601.0,4734.0,2,628053.0,4.713137267077778,Europe,0.7537580427129558,3.1844446248963068,19.176753991137907,6.515035259147758,24.78207907735958,3.0760247467090363
Montenegro,MNE,2021-04-07,36857.0,31710.0,5147.0,12,628053.0,5.0489369527730945,Europe,0.8195168242170645,19.106667749377838,19.176753991137907,6.515035259147758,24.78207907735958,3.0760247467090363
Montenegro,MNE,2021-04-08,38541.0,33163.0,5378.0,9,628053.0,5.280286854771811,Europe,0.8562971596346167,14.33000081203338,19.176753991137907,6.515035259147758,24.78207907735958,3.0760247467090363
Montenegro,MNE,2021-04-09,39812.0,34172.0,5640.0,8,628053.0,5.44094208609783,Europe,0.8980133842207585,12.737778499585227,19.176753991137907,6.515035259147758,24.78207907735958,3.0760247467090363
Montenegro,MNE,2021-04-10,41372.0,35290.0,6082.0,11,628053.0,5.618952540629532,Europe,0.9683896104309667,17.514445436929687,19.176753991137907,6.515035259147758,24.78207907735958,3.0760247467090363
Montserrat,MSR,2021-03-10,932.0,892.0,40.0,0,4977.0,17.922443238898936,North America,0.8036970062286517,0.0,21.20516279648287,0.0,25.330161870977133,2.7121448645862953
Morocco,MAR,2021-02-19,2362150.0,2357283.0,4867.0,7,37491982.0,6.287432336866053,Africa,0.012981442272110342,0.18670658702439363,20.41600125925959,0.6542395019869557,6.7162313205294755,1.7302538308583773
Morocco,MAR,2021-02-20,2461192.0,2447716.0,13476.0,16,37491982.0,6.528638576642868,Africa,0.03594368523915327,0.426757913198614,20.41600125925959,0.6542395019869557,6.7162313205294755,1.7302538308583773
Morocco,MAR,2021-02-22,2575684.0,2552017.0,23667.0,6,37491982.0,6.806834058546171,Africa,0.0631254970729475,0.16003421744948026,20.41600125925959,0.6542395019869557,6.7162313205294755,1.7302538308583773
Morocco,MAR,2021-02-23,2667091.0,2635859.0,31232.0,5,37491982.0,7.0304605395361595,Africa,0.08330314465636945,0.1333618478745669,20.41600125925959,0.6542395019869557,6.7162313205294755,1.7302538308583773
Morocco,MAR,2021-02-24,2948945.0,2911635.0,37310.0,15,37491982.0,7.7660204787252916,Africa,0.0995146108840018,0.40008554362370063,20.41600125925959,0.6542395019869557,6.7162313205294755,1.7302538308583773
Morocco,MAR,2021-02-25,3204105.0,3160479.0,43626.0,18,37491982.0,8.429746392175264,Africa,0.11636087950751711,0.48010265234844085,20.41600125925959,0.6542395019869557,6.7162313205294755,1.7302538308583773
Morocco,MAR,2021-02-26,3424295.0,3327858.0,96437.0,6,37491982.0,8.876185846883208,Africa,0.25722033046959214,0.16003421744948026,20.41600125925959,0.6542395019869557,6.7162313205294755,1.7302538308583773
Morocco,MAR,2021-02-27,3597903.0,3435997.0,161906.0,10,37491982.0,9.164618184229363,Africa,0.4318416668395926,0.2667236957491338,20.41600125925959,0.6542395019869557,6.7162313205294755,1.7302538308583773
Morocco,MAR,2021-03-01,3801650.0,3568670.0,232980.0,8,37491982.0,9.518488513090611,Africa,0.6214128663563319,0.213378956599307,20.41600125925959,0.6542395019869557,6.7162313205294755,1.7302538308583773
Morocco,MAR,2021-03-02,3951325.0,3657468.0,293857.0,14,37491982.0,9.755333820441928,Africa,0.7837862506175319,0.37341317404878727,20.41600125925959,0.6542395019869557,6.7162313205294755,1.7302538308583773
Morocco,MAR,2021-03-03,4105862.0,3745173.0,360689.0,8,37491982.0,9.989263837798706,Africa,0.9620430309605931,0.213378956599307,20.41600125925959,0.6542395019869557,6.7162313205294755,1.7302538308583773
Mozambique,MOZ,2021-05-12,355995.0,296983.0,59012.0,1,32471368.0,0.9145995943256842,Africa,0.18173549078683718,0.03079636189026591,1.9481585199065903,0.20017635228672842,6.7162313205294755,1.7302538308583773
Mozambique,MOZ,2021-05-18,393105.0,318548.0,74557.0,2,32471368.0,0.9810119487420426,Africa,0.22960843534525552,0.06159272378053182,1.9481585199065903,0.20017635228672842,6.7162313205294755,1.7302538308583773
Mozambique,MOZ,2021-05-31,394312.0,319511.0,74801.0,0,32471368.0,0.9839776383920752,Africa,0.23035986657537802,0.0,1.9481585199065903,0.20017635228672842,6.7162313205294755,1.7302538308583773
Mozambique,MOZ,2021-06-10,394930.0,320129.0,74801.0,1,32471368.0,0.9858808535568936,Africa,0.23035986657537802,0.03079636189026591,1.9481585199065903,0.20017635228672842,6.7162313205294755,1.7302538308583773
Mozambique,MOZ,2021-06-24,438382.0,341707.0,96675.0,5,32471368.0,1.0523332432437094,Africa,0.2977238285741457,0.15398180945132955,1.9481585199065903,0.20017635228672842,6.7162313205294755,1.7302538308583773
Mozambique,MOZ,2021-07-05,508184.0,354572.0,153612.0,7,32471368.0,1.0919527628155363,Africa,0.4730690742687527,0.21557453323186138,1.9481585199065903,0.20017635228672842,6.7162313205294755,1.7302538308583773
Mozambique,MOZ,2021-07-19,671336.0,372085.0,299251.0,19,32471368.0,1.145886431393959,Africa,0.9215842092023964,0.5851308759150523,1.9481585199065903,0.20017635228672842,6.7162313205294755,1.7302538308583773
Mozambique,MOZ,2021-07-24,671599.0,372085.0,299514.0,11,32471368.0,1.145886431393959,Africa,0.9223941535201103,0.338759980792925,1.9481585199065903,0.20017635228672842,6.7162313205294755,1.7302538308583773
Mozambique,MOZ,2021-07-26,691040.0,372085.0,318955.0,25,32471368.0,1.145886431393959,Africa,0.9822653606709763,0.7699090472566478,1.9481585199065903,0.20017635228672842,6.7162313205294755,1.7302538308583773
Mozambique,MOZ,2021-08-03,714776.0,394234.0,320542.0,17,32471368.0,1.214097293344709,Africa,0.9871527433029615,0.5235381521345205,1.9481585199065903,0.20017635228672842,6.7162313205294755,1.7302538308583773
Myanmar,MMR,2021-03-31,1040000.0,1000000.0,40000.0,0,54939875.0,1.820171596677277,Asia,0.07280686386709107,0.0,4.075396471638727,0.7032481168980387,23.2444639828785,1.6257203533003144
Myanmar,MMR,2021-04-23,1800000.0,1500000.0,300000.0,0,54939875.0,2.7302573950159155,Asia,0.5460514790031831,0.0,4.075396471638727,0.7032481168980387,23.2444639828785,1.6257203533003144
Namibia,NAM,2021-04-19,4748.0,4620.0,128.0,2,2603034.0,0.1774851961211417,Africa,0.004917338766992671,0.7683341823426049,1.3445680319661626,8.425849646698312,6.7162313205294755,1.7302538308583773
Namibia,NAM,2021-04-20,5699.0,5536.0,163.0,0,2603034.0,0.212674901672433,Africa,0.006261923586092229,0.0,1.3445680319661626,8.425849646698312,6.7162313205294755,1.7302538308583773
Namibia,NAM,2021-04-21,6237.0,5998.0,239.0,4,2603034.0,0.2304234212845471,Africa,0.009181593478994127,1.5366683646852097,1.3445680319661626,8.425849646698312,6.7162313205294755,1.7302538308583773
Namibia,NAM,2021-04-22,7417.0,7120.0,297.0,1,2603034.0,0.2735269689139673,Africa,0.011409762607787682,0.38416709117130243,1.3445680319661626,8.425849646698312,6.7162313205294755,1.7302538308583773
Namibia,NAM,2021-04-23,9955.0,9460.0,495.0,7,2603034.0,0.3634220682480521,Africa,0.01901627101297947,2.689169638199117,1.3445680319661626,8.425849646698312,6.7162313205294755,1.7302538308583773
Namibia,NAM,2021-04-24,12550.0,11692.0,858.0,6,2603034.0,0.4491681629974867,Africa,0.032961536422497745,2.3050025470278146,1.3445680319661626,8.425849646698312,6.7162313205294755,1.7302538308583773
Namibia,NAM,2021-04-25,12833.0,11971.0,862.0,2,2603034.0,0.4598864248411661,Africa,0.03311520325896627,0.7683341823426049,1.3445680319661626,8.425849646698312,6.7162313205294755,1.7302538308583773
Namibia,NAM,2021-04-28,20005.0,18837.0,1168.0,6,2603034.0,0.7236555496393823,Africa,0.044870716248808125,2.3050025470278146,1.3445680319661626,8.425849646698312,6.7162313205294755,1.7302538308583773
Namibia,NAM,2021-04-30,21707.0,20315.0,1392.0,0,2603034.0,0.7804354457145009,Africa,0.053476059091045296,0.0,1.3445680319661626,8.425849646698312,6.7162313205294755,1.7302538308583773
Namibia,NAM,2021-05-01,25048.0,23425.0,1623.0,5,2603034.0,0.8999114110687758,Africa,0.06235031889710238,1.920835455856512,1.3445680319661626,8.425849646698312,6.7162313205294755,1.7302538308583773
Namibia,NAM,2021-05-05,29397.0,27648.0,1749.0,4,2603034.0,1.0621451736704168,Africa,0.06719082424586079,1.5366683646852097,1.3445680319661626,8.425849646698312,6.7162313205294755,1.7302538308583773
Namibia,NAM,2021-05-06,34657.0,32698.0,1959.0,4,2603034.0,1.2561495547119246,Africa,0.07525833316045814,1.5366683646852097,1.3445680319661626,8.425849646698312,6.7162313205294755,1.7302538308583773
Namibia,NAM,2021-05-07,36417.0,34346.0,2071.0,7,2603034.0,1.3194602913369553,Africa,0.07956100458157672,2.689169638199117,1.3445680319661626,8.425849646698312,6.7162313205294755,1.7302538308583773
Namibia,NAM,2021-05-08,39878.0,37578.0,2300.0,8,2603034.0,1.4436230952035205,Africa,0.08835843096939956,3.0733367293704195,1.3445680319661626,8.425849646698312,6.7162313205294755,1.7302538308583773
Namibia,NAM,2021-05-09,40120.0,37819.0,2301.0,1,2603034.0,1.4528815221007485,Africa,0.08839684767851669,0.38416709117130243,1.3445680319661626,8.425849646698312,6.7162313205294755,1.7302538308583773
Namibia,NAM,2021-05-10,41675.0,39339.0,2336.0,6,2603034.0,1.5112749199587865,Africa,0.08974143249761625,2.3050025470278146,1.3445680319661626,8.425849646698312,6.7162313205294755,1.7302538308583773
Namibia,NAM,2021-05-11,44586.0,42088.0,2498.0,2,2603034.0,1.6168824533217778,Africa,0.09596493937459134,0.7683341823426049,1.3445680319661626,8.425849646698312,6.7162313205294755,1.7302538308583773
Namibia,NAM,2021-05-12,47182.0,44579.0,2603.0,5,2603034.0,1.7125784757325488,Africa,0.09999869383189003,1.920835455856512,1.3445680319661626,8.425849646698312,6.7162313205294755,1.7302538308583773
Namibia,NAM,2021-05-13,47626.0,45003.0,2623.0,6,2603034.0,1.7288671603982124,Africa,0.10076702801423262,2.3050025470278146,1.3445680319661626,8.425849646698312,6.7162313205294755,1.7302538308583773
Namibia,NAM,2021-05-14,50361.0,47632.0,2729.0,2,2603034.0,1.8298646886671477,Africa,0.10483919918064842,0.7683341823426049,1.3445680319661626,8.425849646698312,6.7162313205294755,1.7302538308583773
Namibia,NAM,2021-05-15,53163.0,50222.0,2941.0,0,2603034.0,1.9293639652805148,Africa,0.11298354151348004,0.0,1.3445680319661626,8.425849646698312,6.7162313205294755,1.7302538308583773
Namibia,NAM,2021-05-16,53402.0,50339.0,3063.0,6,2603034.0,1.9338587202472193,Africa,0.11767038002576993,2.3050025470278146,1.3445680319661626,8.425849646698312,6.7162313205294755,1.7302538308583773
Namibia,NAM,2021-05-17,53849.0,50784.0,3065.0,8,2603034.0,1.9509541558043424,Africa,0.1177472134440042,3.0733367293704195,1.3445680319661626,8.425849646698312,6.7162313205294755,1.7302538308583773
Namibia,NAM,2021-05-18,56996.0,53578.0,3418.0,5,2603034.0,2.058290441077604,Africa,0.13130831176235117,1.920835455856512,1.3445680319661626,8.425849646698312,6.7162313205294755,1.7302538308583773
Namibia,NAM,2021-05-19,60539.0,56759.0,3780.0,10,2603034.0,2.1804939927791955,Africa,0.1452151604627523,3.841670911713024,1.3445680319661626,8.425849646698312,6.7162313205294755,1.7302538308583773
Namibia,NAM,2021-05-21,65988.0,60809.0,5179.0,10,2603034.0,2.3360816647035727,Africa,0.19896013651761751,3.841670911713024,1.3445680319661626,8.425849646698312,6.7162313205294755,1.7302538308583773
Namibia,NAM,2021-05-22,66759.0,61086.0,5673.0,10,2603034.0,2.3467230931290177,Africa,0.21793799082147985,3.841670911713024,1.3445680319661626,8.425849646698312,6.7162313205294755,1.7302538308583773
Namibia,NAM,2021-05-23,67659.0,61986.0,5673.0,4,2603034.0,2.381298131334435,Africa,0.21793799082147985,1.5366683646852097,1.3445680319661626,8.425849646698312,6.7162313205294755,1.7302538308583773
Namibia,NAM,2021-05-25,69765.0,63309.0,6456.0,9,2603034.0,2.4321234374963985,Africa,0.24801827406019283,3.4575038205417217,1.3445680319661626,8.425849646698312,6.7162313205294755,1.7302538308583773
Namibia,NAM,2021-05-26,72533.0,65037.0,7496.0,5,2603034.0,2.4985075108507995,Africa,0.2879716515420083,1.920835455856512,1.3445680319661626,8.425849646698312,6.7162313205294755,1.7302538308583773
Namibia,NAM,2021-05-27,74662.0,66344.0,8318.0,10,2603034.0,2.5487181496668887,Africa,0.31955018643628935,3.841670911713024,1.3445680319661626,8.425849646698312,6.7162313205294755,1.7302538308583773
Namibia,NAM,2021-05-29,76370.0,67593.0,8777.0,12,2603034.0,2.596700619354184,Africa,0.33718345592105214,4.610005094055629,1.3445680319661626,8.425849646698312,6.7162313205294755,1.7302538308583773
Namibia,NAM,2021-05-30,76578.0,67706.0,8872.0,11,2603034.0,2.6010417074844203,Africa,0.3408330432871795,4.225838002884327,1.3445680319661626,8.425849646698312,6.7162313205294755,1.7302538308583773
Namibia,NAM,2021-05-31,76949.0,67864.0,9085.0,6,2603034.0,2.6071115475249265,Africa,0.3490158023291282,2.3050025470278146,1.3445680319661626,8.425849646698312,6.7162313205294755,1.7302538308583773
Namibia,NAM,2021-06-01,78720.0,69146.0,9574.0,6,2603034.0,2.6563617686130874,Africa,0.36780157308740496,2.3050025470278146,1.3445680319661626,8.425849646698312,6.7162313205294755,1.7302538308583773
Namibia,NAM,2021-06-02,80585.0,70585.0,10000.0,24,2603034.0,2.711643413032638,Africa,0.38416709117130243,9.220010188111258,1.3445680319661626,8.425849646698312,6.7162313205294755,1.7302538308583773
Namibia,NAM,2021-06-03,82907.0,72371.0,10536.0,11,2603034.0,2.7802556555158326,Africa,0.40475844725808424,4.225838002884327,1.3445680319661626,8.425849646698312,6.7162313205294755,1.7302538308583773
Namibia,NAM,2021-06-04,85243.0,74110.0,11133.0,12,2603034.0,2.847062312670522,Africa,0.42769322260101095,4.610005094055629,1.3445680319661626,8.425849646698312,6.7162313205294755,1.7302538308583773
Namibia,NAM,2021-06-05,87457.0,75964.0,11493.0,22,2603034.0,2.9182868913736817,Africa,0.4415232378831778,8.451676005768654,1.3445680319661626,8.425849646698312,6.7162313205294755,1.7302538308583773
Namibia,NAM,2021-06-06,87474.0,75977.0,11497.0,6,2603034.0,2.918786308592204,Africa,0.4416769047196464,2.3050025470278146,1.3445680319661626,8.425849646698312,6.7162313205294755,1.7302538308583773
Namibia,NAM,2021-06-07,87859.0,76251.0,11608.0,7,2603034.0,2.929312486890298,Africa,0.44594115943164786,2.689169638199117,1.3445680319661626,8.425849646698312,6.7162313205294755,1.7302538308583773
Namibia,NAM,2021-06-08,90718.0,78397.0,12321.0,8,2603034.0,3.0117547446556596,Africa,0.47333227303216174,3.0733367293704195,1.3445680319661626,8.425849646698312,6.7162313205294755,1.7302538308583773
Namibia,NAM,2021-06-09,93061.0,80193.0,12868.0,16,2603034.0,3.0807511542300254,Africa,0.4943462129192319,6.146673458740839,1.3445680319661626,8.425849646698312,6.7162313205294755,1.7302538308583773
Namibia,NAM,2021-06-10,96433.0,82845.0,13588.0,14,2603034.0,3.182632266808655,Africa,0.5220062434835657,5.378339276398234,1.3445680319661626,8.425849646698312,6.7162313205294755,1.7302538308583773
Namibia,NAM,2021-06-11,99782.0,85539.0,14243.0,18,2603034.0,3.286126881170204,Africa,0.547169187955286,6.915007641083443,1.3445680319661626,8.425849646698312,6.7162313205294755,1.7302538308583773
Namibia,NAM,2021-06-12,100793.0,86409.0,14384.0,5,2603034.0,3.319549418102107,Africa,0.5525859439408014,1.920835455856512,1.3445680319661626,8.425849646698312,6.7162313205294755,1.7302538308583773
Namibia,NAM,2021-06-13,102549.0,87863.0,14686.0,20,2603034.0,3.3754073131584144,Africa,0.5641877900941747,7.683341823426048,1.3445680319661626,8.425849646698312,6.7162313205294755,1.7302538308583773
Namibia,NAM,2021-06-14,103605.0,88649.0,14956.0,2,2603034.0,3.405602846524479,Africa,0.5745603015557998,0.7683341823426049,1.3445680319661626,8.425849646698312,6.7162313205294755,1.7302538308583773
Namibia,NAM,2021-06-15,107796.0,91797.0,15999.0,13,2603034.0,3.5265386468252045,Africa,0.6146289291649667,4.994172185226931,1.3445680319661626,8.425849646698312,6.7162313205294755,1.7302538308583773
Namibia,NAM,2021-06-16,112691.0,95476.0,17215.0,32,2603034.0,3.6678737196671265,Africa,0.6613436474513971,12.293346917481678,1.3445680319661626,8.425849646698312,6.7162313205294755,1.7302538308583773
Namibia,NAM,2021-06-17,116733.0,98646.0,18087.0,0,2603034.0,3.78965468756843,Africa,0.6948430178015347,0.0,1.3445680319661626,8.425849646698312,6.7162313205294755,1.7302538308583773
Namibia,NAM,2021-06-18,121012.0,101933.0,19079.0,67,2603034.0,3.915930410436437,Africa,0.7329523932457279,25.73919510847726,1.3445680319661626,8.425849646698312,6.7162313205294755,1.7302538308583773
Namibia,NAM,2021-06-19,123954.0,104103.0,19851.0,0,2603034.0,3.999294669220609,Africa,0.7626100926841524,0.0,1.3445680319661626,8.425849646698312,6.7162313205294755,1.7302538308583773
Namibia,NAM,2021-06-20,124064.0,104199.0,19865.0,27,2603034.0,4.002982673295854,Africa,0.7631479266117922,10.372511461625164,1.3445680319661626,8.425849646698312,6.7162313205294755,1.7302538308583773
Namibia,NAM,2021-06-21,124460.0,104530.0,19930.0,27,2603034.0,4.015698604013624,Africa,0.7656450127044057,10.372511461625164,1.3445680319661626,8.425849646698312,6.7162313205294755,1.7302538308583773
Namibia,NAM,2021-06-22,128610.0,107611.0,20999.0,18,2603034.0,4.134060484803503,Africa,0.8067124747506179,6.915007641083443,1.3445680319661626,8.425849646698312,6.7162313205294755,1.7302538308583773
Namibia,NAM,2021-06-23,132060.0,110597.0,21463.0,0,2603034.0,4.248772778227253,Africa,0.8245378277809664,0.0,1.3445680319661626,8.425849646698312,6.7162313205294755,1.7302538308583773
Namibia,NAM,2021-06-24,135058.0,112773.0,22285.0,45,2603034.0,4.332367537266129,Africa,0.8561163626752475,17.287519102708607,1.3445680319661626,8.425849646698312,6.7162313205294755,1.7302538308583773
Namibia,NAM,2021-06-25,139022.0,115947.0,23075.0,81,2603034.0,4.4543021720039,Africa,0.8864655628777803,31.117534384875494,1.3445680319661626,8.425849646698312,6.7162313205294755,1.7302538308583773
Namibia,NAM,2021-06-26,141164.0,117632.0,23532.0,0,2603034.0,4.519034326866265,Africa,0.9040219989443089,0.0,1.3445680319661626,8.425849646698312,6.7162313205294755,1.7302538308583773
Namibia,NAM,2021-06-27,141209.0,117668.0,23541.0,95,2603034.0,4.5204173283944815,Africa,0.904367749326363,36.49587366127373,1.3445680319661626,8.425849646698312,6.7162313205294755,1.7302538308583773
Namibia,NAM,2021-06-29,143813.0,119571.0,24242.0,45,2603034.0,4.59352432584438,Africa,0.9312978624174714,17.287519102708607,1.3445680319661626,8.425849646698312,6.7162313205294755,1.7302538308583773
Namibia,NAM,2021-06-30,145957.0,121095.0,24862.0,22,2603034.0,4.652071390538887,Africa,0.9551162220700922,8.451676005768654,1.3445680319661626,8.425849646698312,6.7162313205294755,1.7302538308583773
Namibia,NAM,2021-07-01,147803.0,122381.0,25422.0,54,2603034.0,4.7014752784635165,Africa,0.976629579175685,20.74502292325033,1.3445680319661626,8.425849646698312,6.7162313205294755,1.7302538308583773
Namibia,NAM,2021-07-02,149232.0,123439.0,25793.0,65,2603034.0,4.74212015670944,Africa,0.9908821782581403,24.970860926134655,1.3445680319661626,8.425849646698312,6.7162313205294755,1.7302538308583773
Netherlands,NLD,2021-01-31,352607.0,348893.0,2431.0,79,17185925.0,2.0301089408920383,Europe,0.014145296223508482,4.596784869013452,13.481665490801339,1.3545968576029512,24.78207907735958,3.0760247467090363
Netherlands,NLD,2021-02-07,573825.0,544831.0,26435.0,60,17185925.0,3.1702163252778073,Europe,0.1538177316612286,3.491229014440596,13.481665490801339,1.3545968576029512,24.78207907735958,3.0760247467090363
Netherlands,NLD,2021-02-14,792123.0,690496.0,97568.0,48,17185925.0,4.017799449258623,Europe,0.5677203874682335,2.792983211552477,13.481665490801339,1.3545968576029512,24.78207907735958,3.0760247467090363
Netherlands,NLD,2021-02-21,1042946.0,873666.0,164242.0,62,17185925.0,5.083613480217096,Europe,0.9556773929829206,3.607603314921949,13.481665490801339,1.3545968576029512,24.78207907735958,3.0760247467090363
New Caledonia,NCL,2021-02-16,2726.0,2454.0,272.0,0,289090.0,0.8488705939326854,Oceania,0.0940883461897679,0.0,17.6432252931613,3.360298078205996,19.18131929371784,1.0644858758359335
New Caledonia,NCL,2021-02-23,4457.0,3432.0,1025.0,0,289090.0,1.1871735445708949,Oceania,0.35456086339894155,0.0,17.6432252931613,3.360298078205996,19.18131929371784,1.0644858758359335
New Caledonia,NCL,2021-03-09,9765.0,7343.0,2422.0,0,289090.0,2.54003943408627,Oceania,0.837801376733889,0.0,17.6432252931613,3.360298078205996,19.18131929371784,1.0644858758359335
New Zealand,NZL,2021-02-21,164.0,163.0,1.0,0,4873967.0,0.0033442983918438,Oceania,2.0517168048121788e-05,0.0,14.633254760742453,0.0016546103264614344,19.18131929371784,1.0644858758359335
New Zealand,NZL,2021-02-22,612.0,611.0,1.0,0,4873967.0,0.0125359896774024,Oceania,2.0517168048121788e-05,0.0,14.633254760742453,0.0016546103264614344,19.18131929371784,1.0644858758359335
New Zealand,NZL,2021-02-23,971.0,970.0,1.0,0,4873967.0,0.0199016530066781,Oceania,2.0517168048121788e-05,0.0,14.633254760742453,0.0016546103264614344,19.18131929371784,1.0644858758359335
New Zealand,NZL,2021-02-24,1786.0,1785.0,1.0,0,4873967.0,0.0366231449658973,Oceania,2.0517168048121788e-05,0.0,14.633254760742453,0.0016546103264614344,19.18131929371784,1.0644858758359335
New Zealand,NZL,2021-02-25,2886.0,2885.0,1.0,0,4873967.0,0.0591920298188313,Oceania,2.0517168048121788e-05,0.0,14.633254760742453,0.0016546103264614344,19.18131929371784,1.0644858758359335
New Zealand,NZL,2021-02-26,4495.0,4494.0,1.0,0,4873967.0,0.0922041532082593,Oceania,2.0517168048121788e-05,0.0,14.633254760742453,0.0016546103264614344,19.18131929371784,1.0644858758359335
New Zealand,NZL,2021-02-27,5837.0,5836.0,1.0,0,4873967.0,0.1197381927288387,Oceania,2.0517168048121788e-05,0.0,14.633254760742453,0.0016546103264614344,19.18131929371784,1.0644858758359335
New Zealand,NZL,2021-02-28,6720.0,6719.0,1.0,0,4873967.0,0.1378548521153302,Oceania,2.0517168048121788e-05,0.0,14.633254760742453,0.0016546103264614344,19.18131929371784,1.0644858758359335
New Zealand,NZL,2021-03-01,8129.0,8128.0,1.0,0,4873967.0,0.1667635418951339,Oceania,2.0517168048121788e-05,0.0,14.633254760742453,0.0016546103264614344,19.18131929371784,1.0644858758359335
New Zealand,NZL,2021-03-02,9620.0,9619.0,1.0,0,4873967.0,0.1973546394548834,Oceania,2.0517168048121788e-05,0.0,14.633254760742453,0.0016546103264614344,19.18131929371784,1.0644858758359335
New Zealand,NZL,2021-03-03,11603.0,11602.0,1.0,0,4873967.0,0.238040183694309,Oceania,2.0517168048121788e-05,0.0,14.633254760742453,0.0016546103264614344,19.18131929371784,1.0644858758359335
New Zealand,NZL,2021-03-04,13237.0,13236.0,1.0,0,4873967.0,0.2715652362849399,Oceania,2.0517168048121788e-05,0.0,14.633254760742453,0.0016546103264614344,19.18131929371784,1.0644858758359335
New Zealand,NZL,2021-03-05,14516.0,14515.0,1.0,0,4873967.0,0.2978066942184877,Oceania,2.0517168048121788e-05,0.0,14.633254760742453,0.0016546103264614344,19.18131929371784,1.0644858758359335
New Zealand,NZL,2021-03-06,15119.0,15117.0,2.0,0,4873967.0,0.310158029383457,Oceania,4.1034336096243576e-05,0.0,14.633254760742453,0.0016546103264614344,19.18131929371784,1.0644858758359335
New Zealand,NZL,2021-03-07,15631.0,15629.0,2.0,0,4873967.0,0.3206628194240954,Oceania,4.1034336096243576e-05,0.0,14.633254760742453,0.0016546103264614344,19.18131929371784,1.0644858758359335
New Zealand,NZL,2021-03-08,16704.0,16702.0,2.0,0,4873967.0,0.3426777407397301,Oceania,4.1034336096243576e-05,0.0,14.633254760742453,0.0016546103264614344,19.18131929371784,1.0644858758359335
New Zealand,NZL,2021-03-09,18129.0,18127.0,2.0,0,4873967.0,0.3719147052083036,Oceania,4.1034336096243576e-05,0.0,14.633254760742453,0.0016546103264614344,19.18131929371784,1.0644858758359335
New Zealand,NZL,2021-03-10,19446.0,19444.0,2.0,0,4873967.0,0.39893581552768,Oceania,4.1034336096243576e-05,0.0,14.633254760742453,0.0016546103264614344,19.18131929371784,1.0644858758359335
New Zealand,NZL,2021-03-11,20780.0,20778.0,2.0,0,4873967.0,0.4263057177038744,Oceania,4.1034336096243576e-05,0.0,14.633254760742453,0.0016546103264614344,19.18131929371784,1.0644858758359335
New Zealand,NZL,2021-03-12,21828.0,21821.0,7.0,0,4873967.0,0.4477051239780654,Oceania,0.0001436201763368525,0.0,14.633254760742453,0.0016546103264614344,19.18131929371784,1.0644858758359335
New Zealand,NZL,2021-03-13,22583.0,22571.0,12.0,0,4873967.0,0.4630930000141568,Oceania,0.00024620601657746147,0.0,14.633254760742453,0.0016546103264614344,19.18131929371784,1.0644858758359335
New Zealand,NZL,2021-03-14,23172.0,23147.0,25.0,0,4873967.0,0.474910888809875,Oceania,0.0005129292012030448,0.0,14.633254760742453,0.0016546103264614344,19.18131929371784,1.0644858758359335
New Zealand,NZL,2021-03-15,25054.0,24761.0,293.0,0,4873967.0,0.5080255980395435,Oceania,0.006011530238099683,0.0,14.633254760742453,0.0016546103264614344,19.18131929371784,1.0644858758359335
New Zealand,NZL,2021-03-16,27217.0,26691.0,526.0,0,4873967.0,0.5476237323724187,Oceania,0.01079203039331206,0.0,14.633254760742453,0.0016546103264614344,19.18131929371784,1.0644858758359335
New Zealand,NZL,2021-03-17,29225.0,28333.0,892.0,0,4873967.0,0.5813129223074346,Oceania,0.018301313898924636,0.0,14.633254760742453,0.0016546103264614344,19.18131929371784,1.0644858758359335
New Zealand,NZL,2021-03-18,31294.0,29928.0,1366.0,0,4873967.0,0.6140378053441888,Oceania,0.02802645155373436,0.0,14.633254760742453,0.0016546103264614344,19.18131929371784,1.0644858758359335
New Zealand,NZL,2021-03-19,33759.0,31621.0,2138.0,0,4873967.0,0.648773370849659,Oceania,0.04386570528688438,0.0,14.633254760742453,0.0016546103264614344,19.18131929371784,1.0644858758359335
New Zealand,NZL,2021-03-20,35032.0,32179.0,2853.0,0,4873967.0,0.6602219506205109,Oceania,0.05853548044129146,0.0,14.633254760742453,0.0016546103264614344,19.18131929371784,1.0644858758359335
New Zealand,NZL,2021-03-21,36618.0,33121.0,3497.0,0,4873967.0,0.6795491229218417,Oceania,0.07174853666428188,0.0,14.633254760742453,0.0016546103264614344,19.18131929371784,1.0644858758359335
New Zealand,NZL,2021-03-22,38868.0,34155.0,4713.0,0,4873967.0,0.7007638746835996,Oceania,0.09669741301079798,0.0,14.633254760742453,0.0016546103264614344,19.18131929371784,1.0644858758359335
New Zealand,NZL,2021-03-23,41563.0,35743.0,5820.0,0,4873967.0,0.733345137544017,Oceania,0.1194099180400688,0.0,14.633254760742453,0.0016546103264614344,19.18131929371784,1.0644858758359335
New Zealand,NZL,2021-03-24,45120.0,37714.0,7406.0,0,4873967.0,0.773784475766865,Oceania,0.15195014656438993,0.0,14.633254760742453,0.0016546103264614344,19.18131929371784,1.0644858758359335
New Zealand,NZL,2021-03-25,48476.0,39537.0,8939.0,0,4873967.0,0.8111872731185912,Oceania,0.18340296518216065,0.0,14.633254760742453,0.0016546103264614344,19.18131929371784,1.0644858758359335
New Zealand,NZL,2021-03-26,53137.0,42908.0,10229.0,0,4873967.0,0.8803506466088096,Oceania,0.20987011196423777,0.0,14.633254760742453,0.0016546103264614344,19.18131929371784,1.0644858758359335
New Zealand,NZL,2021-03-27,55165.0,44063.0,11102.0,0,4873967.0,0.9040479757043902,Oceania,0.22778159967024808,0.0,14.633254760742453,0.0016546103264614344,19.18131929371784,1.0644858758359335
New Zealand,NZL,2021-03-28,56340.0,44748.0,11592.0,0,4873967.0,0.9181022358173536,Oceania,0.23783501201382773,0.0,14.633254760742453,0.0016546103264614344,19.18131929371784,1.0644858758359335
New Zealand,NZL,2021-03-29,61270.0,48554.0,12716.0,0,4873967.0,0.9961905774085054,Oceania,0.2608963088999166,0.0,14.633254760742453,0.0016546103264614344,19.18131929371784,1.0644858758359335
New Zealand,NZL,2021-03-30,66939.0,52723.0,14216.0,0,4873967.0,1.081726651001125,Oceania,0.2916720609720993,0.0,14.633254760742453,0.0016546103264614344,19.18131929371784,1.0644858758359335
New Zealand,NZL,2021-03-31,73732.0,58172.0,15560.0,0,4873967.0,1.1935246996953406,Oceania,0.319247134828775,0.0,14.633254760742453,0.0016546103264614344,19.18131929371784,1.0644858758359335
New Zealand,NZL,2021-04-01,80184.0,63374.0,16810.0,0,4873967.0,1.30025500788167,Oceania,0.34489359488892724,0.0,14.633254760742453,0.0016546103264614344,19.18131929371784,1.0644858758359335
New Zealand,NZL,2021-04-02,82204.0,65099.0,17105.0,0,4873967.0,1.3356471227646802,Oceania,0.35094615946312313,0.0,14.633254760742453,0.0016546103264614344,19.18131929371784,1.0644858758359335
New Zealand,NZL,2021-04-03,83952.0,66512.0,17440.0,0,4873967.0,1.3646378812166764,Oceania,0.35781941075924395,0.0,14.633254760742453,0.0016546103264614344,19.18131929371784,1.0644858758359335
New Zealand,NZL,2021-04-04,84906.0,67270.0,17636.0,0,4873967.0,1.3801898945971525,Oceania,0.36184077569667583,0.0,14.633254760742453,0.0016546103264614344,19.18131929371784,1.0644858758359335
New Zealand,NZL,2021-04-05,86120.0,68193.0,17927.0,0,4873967.0,1.399127240705569,Oceania,0.36781127159867927,0.0,14.633254760742453,0.0016546103264614344,19.18131929371784,1.0644858758359335
New Zealand,NZL,2021-04-06,91080.0,71715.0,19365.0,0,4873967.0,1.471388706571054,Oceania,0.3973149592518784,0.0,14.633254760742453,0.0016546103264614344,19.18131929371784,1.0644858758359335
New Zealand,NZL,2021-04-07,98345.0,76834.0,21511.0,0,4873967.0,1.5764160898093893,Oceania,0.44134480188314773,0.0,14.633254760742453,0.0016546103264614344,19.18131929371784,1.0644858758359335
New Zealand,NZL,2021-04-08,106575.0,83298.0,23277.0,0,4873967.0,1.7090390640724484,Oceania,0.47757812065613087,0.0,14.633254760742453,0.0016546103264614344,19.18131929371784,1.0644858758359335
New Zealand,NZL,2021-04-09,113925.0,88719.0,25206.0,0,4873967.0,1.8202626320613169,Oceania,0.5171557378209578,0.0,14.633254760742453,0.0016546103264614344,19.18131929371784,1.0644858758359335
New Zealand,NZL,2021-04-10,117886.0,91988.0,25898.0,0,4873967.0,1.887333254410627,Oceania,0.531353618110258,0.0,14.633254760742453,0.0016546103264614344,19.18131929371784,1.0644858758359335
New Zealand,NZL,2021-04-11,121445.0,94466.0,26979.0,0,4873967.0,1.9381747968338727,Oceania,0.5535326767702776,0.0,14.633254760742453,0.0016546103264614344,19.18131929371784,1.0644858758359335
New Zealand,NZL,2021-04-12,129212.0,100511.0,28701.0,0,4873967.0,2.062201077684769,Oceania,0.5888632401491434,0.0,14.633254760742453,0.0016546103264614344,19.18131929371784,1.0644858758359335
New Zealand,NZL,2021-04-13,137650.0,107323.0,30327.0,0,4873967.0,2.2019640264285747,Oceania,0.6222241553953894,0.0,14.633254760742453,0.0016546103264614344,19.18131929371784,1.0644858758359335
New Zealand,NZL,2021-04-14,145797.0,113948.0,31849.0,0,4873967.0,2.3378902647473816,Oceania,0.6534512851646307,0.0,14.633254760742453,0.0016546103264614344,19.18131929371784,1.0644858758359335
New Zealand,NZL,2021-04-15,154532.0,120840.0,33692.0,0,4873967.0,2.4792945869350365,Oceania,0.6912644258773192,0.0,14.633254760742453,0.0016546103264614344,19.18131929371784,1.0644858758359335
New Zealand,NZL,2021-04-16,164014.0,127700.0,36314.0,0,4873967.0,2.620042359745152,Oceania,0.7450604404994946,0.0,14.633254760742453,0.0016546103264614344,19.18131929371784,1.0644858758359335
New Zealand,NZL,2021-04-17,169057.0,131606.0,37451.0,0,4873967.0,2.700182418141116,Oceania,0.768388460570209,0.0,14.633254760742453,0.0016546103264614344,19.18131929371784,1.0644858758359335
New Zealand,NZL,2021-04-18,171123.0,133085.0,38038.0,0,4873967.0,2.730527309684288,Oceania,0.7804320382144565,0.0,14.633254760742453,0.0016546103264614344,19.18131929371784,1.0644858758359335
New Zealand,NZL,2021-04-19,178254.0,138179.0,40075.0,0,4873967.0,2.83504176372142,Oceania,0.8222255095284805,0.0,14.633254760742453,0.0016546103264614344,19.18131929371784,1.0644858758359335
New Zealand,NZL,2021-04-20,187337.0,144276.0,43061.0,0,4873967.0,2.960134937310819,Oceania,0.8834897733201723,0.0,14.633254760742453,0.0016546103264614344,19.18131929371784,1.0644858758359335
New Zealand,NZL,2021-04-21,197520.0,151033.0,46487.0,0,4873967.0,3.098769441811978,Oceania,0.9537815910530375,0.0,14.633254760742453,0.0016546103264614344,19.18131929371784,1.0644858758359335
Niger,NER,2021-05-12,74106.0,68158.0,5948.0,0,25446859.0,0.2678444518437423,Africa,0.023374201114565847,0.0,0.31789233942238365,0.0,6.7162313205294755,1.7302538308583773
Niger,NER,2021-05-18,121626.0,115112.0,6514.0,0,25446859.0,0.4523623131640726,Africa,0.025598444193053453,0.0,0.31789233942238365,0.0,6.7162313205294755,1.7302538308583773
Niger,NER,2021-05-26,159525.0,152582.0,6943.0,0,25446859.0,0.5996103487664234,Africa,0.027284310413320557,0.0,0.31789233942238365,0.0,6.7162313205294755,1.7302538308583773
Niger,NER,2021-06-08,180987.0,170716.0,10271.0,0,25446859.0,0.6708725819559892,Africa,0.04036254533418054,0.0,0.31789233942238365,0.0,6.7162313205294755,1.7302538308583773
Niger,NER,2021-06-14,186207.0,172812.0,13395.0,0,25446859.0,0.6791093549109538,Africa,0.05263910960484357,0.0,0.31789233942238365,0.0,6.7162313205294755,1.7302538308583773
Niger,NER,2021-06-24,255587.0,224803.0,30784.0,0,25446859.0,0.8834214077265881,Africa,0.1209736730179548,0.0,0.31789233942238365,0.0,6.7162313205294755,1.7302538308583773
Niger,NER,2021-08-09,425483.0,393293.0,32190.0,0,25446859.0,1.5455463481760163,Africa,0.126498912891371,0.0,0.31789233942238365,0.0,6.7162313205294755,1.7302538308583773
Niger,NER,2021-08-16,485954.0,401272.0,84682.0,0,25446859.0,1.5769018879697492,Africa,0.33277977450969487,0.0,0.31789233942238365,0.0,6.7162313205294755,1.7302538308583773
Niger,NER,2021-08-23,490549.0,404104.0,86445.0,0,25446859.0,1.5880309628783655,Africa,0.3397079380209557,0.0,0.31789233942238365,0.0,6.7162313205294755,1.7302538308583773
Niger,NER,2021-09-22,512294.0,405918.0,106376.0,0,25446859.0,1.5951595440521755,Africa,0.4180319464968152,0.0,0.31789233942238365,0.0,6.7162313205294755,1.7302538308583773
Niger,NER,2021-09-29,533899.0,405978.0,127921.0,0,25446859.0,1.5953953295375276,Africa,0.5026985845286446,0.0,0.31789233942238365,0.0,6.7162313205294755,1.7302538308583773
Niger,NER,2021-10-10,646086.0,429471.0,216615.0,0,25446859.0,1.6877171363271202,Africa,0.8512445484922128,0.0,0.31789233942238365,0.0,6.7162313205294755,1.7302538308583773
Nigeria,NGA,2021-05-25,1939737.0,1930922.0,8815.0,0,213195845.0,0.9057033921087908,Africa,0.004134695964642275,0.0,0.5653284387111221,0.022090849938256718,6.7162313205294755,1.7302538308583773
Nigeria,NGA,2021-05-26,1953870.0,1938611.0,15259.0,4,213195845.0,0.9093099351912792,Africa,0.0071572689420846825,0.01876209172838242,0.5653284387111221,0.022090849938256718,6.7162313205294755,1.7302538308583773
Nigeria,NGA,2021-05-27,1967435.0,1945273.0,22162.0,0,213195845.0,0.9124347615686412,Africa,0.010395136922110278,0.0,0.5653284387111221,0.022090849938256718,6.7162313205294755,1.7302538308583773
Nigeria,NGA,2021-05-28,1984242.0,1950298.0,33944.0,0,213195845.0,0.9147917493420192,Africa,0.01592151104070532,0.0,0.5653284387111221,0.022090849938256718,6.7162313205294755,1.7302538308583773
Nigeria,NGA,2021-05-29,1996914.0,1952694.0,44220.0,0,213195845.0,0.9159155986365496,Africa,0.020741492405726765,0.0,0.5653284387111221,0.022090849938256718,6.7162313205294755,1.7302538308583773
Nigeria,NGA,2021-05-30,2014590.0,1955652.0,58938.0,0,213195845.0,0.9173030553198632,Africa,0.027645004057185077,0.0,0.5653284387111221,0.022090849938256718,6.7162313205294755,1.7302538308583773
Nigeria,NGA,2021-05-31,2030063.0,1956598.0,73465.0,0,213195845.0,0.9177467787892396,Africa,0.034458926720640354,0.0,0.5653284387111221,0.022090849938256718,6.7162313205294755,1.7302538308583773
Nigeria,NGA,2021-06-01,2051228.0,1960493.0,90735.0,28,213195845.0,0.9195737374712908,Africa,0.04255945982436947,0.13133464209867693,0.5653284387111221,0.022090849938256718,6.7162313205294755,1.7302538308583773
Nigeria,NGA,2021-06-02,2110141.0,1961883.0,148258.0,0,213195845.0,0.920225720158852,Africa,0.069540754886663,0.0,0.5653284387111221,0.022090849938256718,6.7162313205294755,1.7302538308583773
Nigeria,NGA,2021-06-04,2225765.0,1964095.0,261670.0,18,213195845.0,0.9212632638314316,Africa,0.12273691356414569,0.08442941277772088,0.5653284387111221,0.022090849938256718,6.7162313205294755,1.7302538308583773
Nigeria,NGA,2021-06-15,2659153.0,1978808.0,680345.0,0,213195845.0,0.9281644302214238,Africa,0.3191173824236584,0.0,0.5653284387111221,0.022090849938256718,6.7162313205294755,1.7302538308583773
Nigeria,NGA,2021-06-24,3104802.0,2099568.0,1005234.0,0,213195845.0,0.9848071851494103,Africa,0.4715073129122193,0.0,0.5653284387111221,0.022090849938256718,6.7162313205294755,1.7302538308583773
Nigeria,NGA,2021-06-28,3397472.0,2241662.0,1155810.0,0,213195845.0,1.0514567017007297,Africa,0.5421353310145421,0.0,0.5653284387111221,0.022090849938256718,6.7162313205294755,1.7302538308583773
Nigeria,NGA,2021-07-05,3832459.0,2476637.0,1355822.0,0,213195845.0,1.1616722642976465,Africa,0.6359514182839726,0.0,0.5653284387111221,0.022090849938256718,6.7162313205294755,1.7302538308583773
Nigeria,NGA,2021-07-12,3938945.0,2534205.0,1404740.0,2,213195845.0,1.1886746667131345,Africa,0.6588965183631978,0.00938104586419121,0.5653284387111221,0.022090849938256718,6.7162313205294755,1.7302538308583773
Nigeria,NGA,2021-08-09,3967013.0,2550390.0,1416623.0,2,213195845.0,1.1962662780787308,Africa,0.6644702667634071,0.00938104586419121,0.5653284387111221,0.022090849938256718,6.7162313205294755,1.7302538308583773
Nigeria,NGA,2021-08-28,4182515.0,2756203.0,1426312.0,10,213195845.0,1.29280333770107,Africa,0.6690149144323145,0.04690522932095604,0.5653284387111221,0.022090849938256718,6.7162313205294755,1.7302538308583773
Nigeria,NGA,2021-08-31,4432282.0,2994933.0,1437349.0,1,213195845.0,1.4047801916589884,Africa,0.6741918445924685,0.004690522932095605,0.5653284387111221,0.022090849938256718,6.7162313205294755,1.7302538308583773
Nigeria,NGA,2021-09-05,5001836.0,3461713.0,1540123.0,0,213195845.0,1.623724421083347,Africa,0.7223982249747879,0.0,0.5653284387111221,0.022090849938256718,6.7162313205294755,1.7302538308583773
Nigeria,NGA,2021-09-06,5176869.0,3600858.0,1576011.0,0,213195845.0,1.6889907024219912,Africa,0.7392315736734926,0.0,0.5653284387111221,0.022090849938256718,6.7162313205294755,1.7302538308583773
Nigeria,NGA,2021-09-12,5712019.0,4024704.0,1687315.0,3,213195845.0,1.8877966406896909,Africa,0.7914389701168895,0.014071568796286812,0.5653284387111221,0.022090849938256718,6.7162313205294755,1.7302538308583773
Nigeria,NGA,2021-09-15,5858737.0,4146028.0,1712709.0,18,213195845.0,1.9447039411110472,Africa,0.803350084050653,0.08442941277772088,0.5653284387111221,0.022090849938256718,6.7162313205294755,1.7302538308583773
Nigeria,NGA,2021-09-19,6186647.0,4415507.0,1771140.0,5,213195845.0,2.0711036840328667,Africa,0.8307572785951808,0.02345261466047802,0.5653284387111221,0.022090849938256718,6.7162313205294755,1.7302538308583773
Nigeria,NGA,2021-09-22,6255025.0,4474172.0,1780853.0,0,213195845.0,2.0986206368140055,Africa,0.8353131835191253,0.0,0.5653284387111221,0.022090849938256718,6.7162313205294755,1.7302538308583773
Nigeria,NGA,2021-09-25,6552979.0,4685526.0,1867453.0,4,213195845.0,2.197756715193019,Africa,0.8759331121110733,0.01876209172838242,0.5653284387111221,0.022090849938256718,6.7162313205294755,1.7302538308583773
Nigeria,NGA,2021-09-30,6734764.0,4790943.0,1943821.0,6,213195845.0,2.247202800786291,Africa,0.911753697638901,0.028143137592573624,0.5653284387111221,0.022090849938256718,6.7162313205294755,1.7302538308583773
Norway,NOR,2021-01-06,15016.0,15009.0,7.0,0,5481195.0,0.2738271490067403,Europe,0.00012770937724346609,0.0,25.270304042060634,0.28891833759613966,24.78207907735958,3.0760247467090363
Norway,NOR,2021-01-07,21622.0,21615.0,7.0,13,5481195.0,0.3943483127310741,Europe,0.00012770937724346609,2.3717455773786558,25.270304042060634,0.28891833759613966,24.78207907735958,3.0760247467090363
Norway,NOR,2021-01-08,23280.0,23266.0,14.0,3,5481195.0,0.4244694815637831,Europe,0.00025541875448693217,0.5473259024719974,25.270304042060634,0.28891833759613966,24.78207907735958,3.0760247467090363
Norway,NOR,2021-01-09,23450.0,23436.0,14.0,14,5481195.0,0.4275709950111244,Europe,0.00025541875448693217,2.5541875448693214,25.270304042060634,0.28891833759613966,24.78207907735958,3.0760247467090363
Norway,NOR,2021-01-10,23589.0,23570.0,19.0,1,5481195.0,0.4300157173754992,Europe,0.00034663973823226507,0.1824419674906658,25.270304042060634,0.28891833759613966,24.78207907735958,3.0760247467090363
Norway,NOR,2021-01-11,24008.0,23981.0,27.0,4,5481195.0,0.4375140822393657,Europe,0.0004925933122247977,0.7297678699626632,25.270304042060634,0.28891833759613966,24.78207907735958,3.0760247467090363
Norway,NOR,2021-01-12,28365.0,28329.0,36.0,0,5481195.0,0.5168398497043072,Europe,0.0006567910829663969,0.0,25.270304042060634,0.28891833759613966,24.78207907735958,3.0760247467090363
Norway,NOR,2021-01-13,38306.0,38261.0,45.0,7,5481195.0,0.6980412118160364,Europe,0.0008209888537079961,1.2770937724346607,25.270304042060634,0.28891833759613966,24.78207907735958,3.0760247467090363
Norway,NOR,2021-01-14,46892.0,46837.0,55.0,4,5481195.0,0.8545034431360315,Europe,0.0010034308211986618,0.7297678699626632,25.270304042060634,0.28891833759613966,24.78207907735958,3.0760247467090363
Norway,NOR,2021-01-15,51492.0,51437.0,55.0,27,5481195.0,0.9384267481817378,Europe,0.0010034308211986618,4.925933122247977,25.270304042060634,0.28891833759613966,24.78207907735958,3.0760247467090363
Norway,NOR,2021-01-16,52330.0,52275.0,55.0,2,5481195.0,0.9537153850574556,Europe,0.0010034308211986618,0.3648839349813316,25.270304042060634,0.28891833759613966,24.78207907735958,3.0760247467090363
Norway,NOR,2021-01-17,52718.0,52655.0,63.0,6,5481195.0,0.9606481798221008,Europe,0.0011493843951911947,1.0946518049439948,25.270304042060634,0.28891833759613966,24.78207907735958,3.0760247467090363
Norway,NOR,2021-01-18,54341.0,53971.0,370.0,0,5481195.0,0.9846575427438724,Europe,0.006750352797154634,0.0,25.270304042060634,0.28891833759613966,24.78207907735958,3.0760247467090363
Norway,NOR,2021-01-19,59815.0,58611.0,1204.0,0,5481195.0,1.0693106156595416,Europe,0.021966012885876164,0.0,25.270304042060634,0.28891833759613966,24.78207907735958,3.0760247467090363
Norway,NOR,2021-01-20,70672.0,68760.0,1912.0,0,5481195.0,1.2544709684658182,Europe,0.0348829041842153,0.0,25.270304042060634,0.28891833759613966,24.78207907735958,3.0760247467090363
Norway,NOR,2021-01-21,79434.0,77345.0,2089.0,4,5481195.0,1.4110973975565548,Europe,0.03811212700880009,0.7297678699626632,25.270304042060634,0.28891833759613966,24.78207907735958,3.0760247467090363
Norway,NOR,2021-01-22,82874.0,80766.0,2108.0,4,5481195.0,1.4735107946351114,Europe,0.03845876674703235,0.7297678699626632,25.270304042060634,0.28891833759613966,24.78207907735958,3.0760247467090363
Norway,NOR,2021-01-23,83290.0,81173.0,2117.0,18,5481195.0,1.4809361827119816,Europe,0.03862296451777395,3.2839554148319845,25.270304042060634,0.28891833759613966,24.78207907735958,3.0760247467090363
Norway,NOR,2021-01-24,83387.0,81261.0,2126.0,1,5481195.0,1.4825416720258997,Europe,0.03878716228851555,0.1824419674906658,25.270304042060634,0.28891833759613966,24.78207907735958,3.0760247467090363
Norway,NOR,2021-01-25,84004.0,81860.0,2144.0,0,5481195.0,1.4934699458785905,Europe,0.03911555782999875,0.0,25.270304042060634,0.28891833759613966,24.78207907735958,3.0760247467090363
Norway,NOR,2021-01-26,88759.0,84215.0,4544.0,0,5481195.0,1.536435029222642,Europe,0.08290163002775855,0.0,25.270304042060634,0.28891833759613966,24.78207907735958,3.0760247467090363
Norway,NOR,2021-01-27,108262.0,95876.0,12386.0,0,5481195.0,1.7491806075135077,Europe,0.22597262093393866,0.0,25.270304042060634,0.28891833759613966,24.78207907735958,3.0760247467090363
Norway,NOR,2021-01-28,125968.0,106892.0,19076.0,4,5481195.0,1.9501586789012249,Europe,0.3480262971851941,0.7297678699626632,25.270304042060634,0.28891833759613966,24.78207907735958,3.0760247467090363
Norway,NOR,2021-01-29,132017.0,110806.0,21211.0,2,5481195.0,2.021566464977072,Europe,0.38697765724445127,0.3648839349813316,25.270304042060634,0.28891833759613966,24.78207907735958,3.0760247467090363
Norway,NOR,2021-01-30,132442.0,111007.0,21435.0,6,5481195.0,2.025233548523634,Europe,0.3910643573162421,1.0946518049439948,25.270304042060634,0.28891833759613966,24.78207907735958,3.0760247467090363
Norway,NOR,2021-01-31,132688.0,111185.0,21503.0,1,5481195.0,2.0284810155449677,Europe,0.39230496269517867,0.1824419674906658,25.270304042060634,0.28891833759613966,24.78207907735958,3.0760247467090363
Norway,NOR,2021-02-01,133289.0,111430.0,21859.0,6,5481195.0,2.0329508437484893,Europe,0.39879989673784644,1.0946518049439948,25.270304042060634,0.28891833759613966,24.78207907735958,3.0760247467090363
Norway,NOR,2021-02-02,143047.0,117843.0,25204.0,0,5481195.0,2.149950877500253,Europe,0.45982673486347414,0.0,25.270304042060634,0.28891833759613966,24.78207907735958,3.0760247467090363
Norway,NOR,2021-02-03,177248.0,143214.0,34034.0,0,5481195.0,2.612824393220821,Europe,0.6209229921577321,0.0,25.270304042060634,0.28891833759613966,24.78207907735958,3.0760247467090363
Norway,NOR,2021-02-04,212413.0,169451.0,42962.0,4,5481195.0,3.0914973833260815,Europe,0.7838071807333985,0.7297678699626632,25.270304042060634,0.28891833759613966,24.78207907735958,3.0760247467090363
Norway,NOR,2021-02-05,228296.0,180283.0,48013.0,1,5481195.0,3.2891185225119703,Europe,0.8759586185129337,0.1824419674906658,25.270304042060634,0.28891833759613966,24.78207907735958,3.0760247467090363
Norway,NOR,2021-02-06,229941.0,181144.0,48797.0,6,5481195.0,3.304826775912917,Europe,0.890262068764202,1.0946518049439948,25.270304042060634,0.28891833759613966,24.78207907735958,3.0760247467090363
Norway,NOR,2021-02-07,230628.0,181488.0,49140.0,8,5481195.0,3.3111027795945955,Europe,0.8965198282491318,1.4595357399253264,25.270304042060634,0.28891833759613966,24.78207907735958,3.0760247467090363
Norway,NOR,2021-02-08,231721.0,181617.0,50104.0,0,5481195.0,3.3134562809752253,Europe,0.914107233915232,0.0,25.270304042060634,0.28891833759613966,24.78207907735958,3.0760247467090363
Norway,NOR,2021-02-09,240825.0,187285.0,53540.0,0,5481195.0,3.4168643881489347,Europe,0.9767942939450248,0.0,25.270304042060634,0.28891833759613966,24.78207907735958,3.0760247467090363
Oman,OMN,2021-01-17,25446.0,24773.0,673.0,0,5265340.0,0.4704919340441453,Asia,0.012781700706886924,0.0,5.996724091524987,1.5227020210753954,23.2444639828785,1.6257203533003144
Oman,OMN,2021-01-18,26758.0,24773.0,1985.0,3,5265340.0,0.4704919340441453,Asia,0.03769936984126381,0.5697637759384959,5.996724091524987,1.5227020210753954,23.2444639828785,1.6257203533003144
Oman,OMN,2021-01-19,28049.0,24773.0,3276.0,2,5265340.0,0.4704919340441453,Asia,0.062218204332483755,0.3798425172923306,5.996724091524987,1.5227020210753954,23.2444639828785,1.6257203533003144
Oman,OMN,2021-01-20,29548.0,24773.0,4775.0,2,5265340.0,0.4704919340441453,Asia,0.09068740100354393,0.3798425172923306,5.996724091524987,1.5227020210753954,23.2444639828785,1.6257203533003144
Oman,OMN,2021-01-23,30675.0,24773.0,5902.0,0,5265340.0,0.4704919340441453,Asia,0.11209152685296676,0.0,5.996724091524987,1.5227020210753954,23.2444639828785,1.6257203533003144
Oman,OMN,2021-01-24,32765.0,24773.0,7992.0,0,5265340.0,0.4704919340441453,Asia,0.1517850699100153,0.0,5.996724091524987,1.5227020210753954,23.2444639828785,1.6257203533003144
Oman,OMN,2021-01-25,34606.0,24773.0,9833.0,4,5265340.0,0.4704919340441453,Asia,0.18674957362677436,0.7596850345846612,5.996724091524987,1.5227020210753954,23.2444639828785,1.6257203533003144
Oman,OMN,2021-01-26,36206.0,24773.0,11433.0,1,5265340.0,0.4704919340441453,Asia,0.21713697501016077,0.1899212586461653,5.996724091524987,1.5227020210753954,23.2444639828785,1.6257203533003144
Oman,OMN,2021-01-27,37045.0,24773.0,12272.0,2,5265340.0,0.4704919340441453,Asia,0.23307136861057406,0.3798425172923306,5.996724091524987,1.5227020210753954,23.2444639828785,1.6257203533003144
Oman,OMN,2021-02-08,39146.0,26874.0,12272.0,2,5265340.0,0.5103943904857047,Asia,0.23307136861057406,0.3798425172923306,5.996724091524987,1.5227020210753954,23.2444639828785,1.6257203533003144
Oman,OMN,2021-02-09,41192.0,28920.0,12272.0,1,5265340.0,0.54925228000471,Asia,0.23307136861057406,0.1899212586461653,5.996724091524987,1.5227020210753954,23.2444639828785,1.6257203533003144
Oman,OMN,2021-02-10,43233.0,30961.0,12272.0,1,5265340.0,0.5880152088943924,Asia,0.23307136861057406,0.1899212586461653,5.996724091524987,1.5227020210753954,23.2444639828785,1.6257203533003144
Oman,OMN,2021-02-11,45065.0,32793.0,12272.0,1,5265340.0,0.6228087834783699,Asia,0.23307136861057406,0.1899212586461653,5.996724091524987,1.5227020210753954,23.2444639828785,1.6257203533003144
Oman,OMN,2021-02-12,46829.0,34557.0,12272.0,2,5265340.0,0.6563108935035534,Asia,0.23307136861057406,0.3798425172923306,5.996724091524987,1.5227020210753954,23.2444639828785,1.6257203533003144
Oman,OMN,2021-02-13,47198.0,34926.0,12272.0,0,5265340.0,0.6633189879475969,Asia,0.23307136861057406,0.0,5.996724091524987,1.5227020210753954,23.2444639828785,1.6257203533003144
Oman,OMN,2021-02-14,48819.0,36547.0,12272.0,0,5265340.0,0.6941052239741403,Asia,0.23307136861057406,0.0,5.996724091524987,1.5227020210753954,23.2444639828785,1.6257203533003144
Oman,OMN,2021-02-15,50100.0,37828.0,12272.0,3,5265340.0,0.7184341372067141,Asia,0.23307136861057406,0.5697637759384959,5.996724091524987,1.5227020210753954,23.2444639828785,1.6257203533003144
Oman,OMN,2021-02-16,56847.0,37828.0,19019.0,1,5265340.0,0.7184341372067141,Asia,0.36121124181914177,0.1899212586461653,5.996724091524987,1.5227020210753954,23.2444639828785,1.6257203533003144
Oman,OMN,2021-02-17,58255.0,39236.0,19019.0,1,5265340.0,0.7451750504240942,Asia,0.36121124181914177,0.1899212586461653,5.996724091524987,1.5227020210753954,23.2444639828785,1.6257203533003144
Oman,OMN,2021-02-18,59878.0,40859.0,19019.0,5,5265340.0,0.7759992707023669,Asia,0.36121124181914177,0.9496062932308265,5.996724091524987,1.5227020210753954,23.2444639828785,1.6257203533003144
Oman,OMN,2021-02-19,61971.0,42952.0,19019.0,0,5265340.0,0.8157497901370093,Asia,0.36121124181914177,0.0,5.996724091524987,1.5227020210753954,23.2444639828785,1.6257203533003144
Oman,OMN,2021-02-20,62487.0,43468.0,19019.0,0,5265340.0,0.8255497270831514,Asia,0.36121124181914177,0.0,5.996724091524987,1.5227020210753954,23.2444639828785,1.6257203533003144
Oman,OMN,2021-02-21,64538.0,45519.0,19019.0,0,5265340.0,0.8645025772314798,Asia,0.36121124181914177,0.0,5.996724091524987,1.5227020210753954,23.2444639828785,1.6257203533003144
Oman,OMN,2021-02-22,66103.0,47084.0,19019.0,3,5265340.0,0.8942252542096046,Asia,0.36121124181914177,0.5697637759384959,5.996724091524987,1.5227020210753954,23.2444639828785,1.6257203533003144
Oman,OMN,2021-02-23,67660.0,48641.0,19019.0,3,5265340.0,0.9237959941808128,Asia,0.36121124181914177,0.5697637759384959,5.996724091524987,1.5227020210753954,23.2444639828785,1.6257203533003144
Oman,OMN,2021-03-09,94518.0,75499.0,19019.0,3,5265340.0,1.4338865106526832,Asia,0.36121124181914177,0.5697637759384959,5.996724091524987,1.5227020210753954,23.2444639828785,1.6257203533003144
Oman,OMN,2021-03-10,98168.0,79149.0,19019.0,3,5265340.0,1.5032077700585338,Asia,0.36121124181914177,0.5697637759384959,5.996724091524987,1.5227020210753954,23.2444639828785,1.6257203533003144
Oman,OMN,2021-03-15,105003.0,85984.0,19019.0,8,5265340.0,1.6330189503431878,Asia,0.36121124181914177,1.5193700691693224,5.996724091524987,1.5227020210753954,23.2444639828785,1.6257203533003144
Oman,OMN,2021-03-17,109844.0,90825.0,19019.0,5,5265340.0,1.7249598316537964,Asia,0.36121124181914177,0.9496062932308265,5.996724091524987,1.5227020210753954,23.2444639828785,1.6257203533003144
Oman,OMN,2021-03-22,120837.0,101818.0,19019.0,2,5265340.0,1.933740271283526,Asia,0.36121124181914177,0.3798425172923306,5.996724091524987,1.5227020210753954,23.2444639828785,1.6257203533003144
Oman,OMN,2021-03-24,129198.0,110179.0,19019.0,4,5265340.0,2.0925334356375846,Asia,0.36121124181914177,0.7596850345846612,5.996724091524987,1.5227020210753954,23.2444639828785,1.6257203533003144
Oman,OMN,2021-03-29,139897.0,120878.0,19019.0,11,5265340.0,2.295730190263117,Asia,0.36121124181914177,2.0891338451078183,5.996724091524987,1.5227020210753954,23.2444639828785,1.6257203533003144
Oman,OMN,2021-03-31,151512.0,132493.0,19019.0,7,5265340.0,2.5163237321806378,Asia,0.36121124181914177,1.3294488105231572,5.996724091524987,1.5227020210753954,23.2444639828785,1.6257203533003144
Oman,OMN,2021-04-05,171055.0,152036.0,19019.0,31,5265340.0,2.8874868479528386,Asia,0.36121124181914177,5.887559018031125,5.996724091524987,1.5227020210753954,23.2444639828785,1.6257203533003144
Oman,OMN,2021-04-12,188029.0,169010.0,19019.0,29,5265340.0,3.20985919237884,Asia,0.36121124181914177,5.507716500738794,5.996724091524987,1.5227020210753954,23.2444639828785,1.6257203533003144
Oman,OMN,2021-04-14,192808.0,173789.0,19019.0,9,5265340.0,3.3006225618858425,Asia,0.36121124181914177,1.7092913278154875,5.996724091524987,1.5227020210753954,23.2444639828785,1.6257203533003144
Oman,OMN,2021-04-19,217582.0,198563.0,19019.0,57,5265340.0,3.771133488055852,Asia,0.36121124181914177,10.825511742831422,5.996724091524987,1.5227020210753954,23.2444639828785,1.6257203533003144
Oman,OMN,2021-04-21,244821.0,198563.0,46258.0,19,5265340.0,3.771133488055852,Asia,0.8785377582454315,3.6085039142771405,5.996724091524987,1.5227020210753954,23.2444639828785,1.6257203533003144
Pakistan,PAK,2021-05-11,3705244.0,2811726.0,952518.0,78,226658735.0,1.2405107616964333,Asia,0.4202432348349602,0.3441296890675755,7.3371832257911995,0.29590818742810193,23.2444639828785,1.6257203533003144
Pakistan,PAK,2021-05-13,3836291.0,2931064.0,964227.0,104,226658735.0,1.293161721739954,Asia,0.4254091508981553,0.458839585423434,7.3371832257911995,0.29590818742810193,23.2444639828785,1.6257203533003144
Pakistan,PAK,2021-05-20,4747033.0,3647933.0,1156893.0,104,226658735.0,1.6094385243965998,Asia,0.5104118312493009,0.458839585423434,7.3371832257911995,0.29590818742810193,23.2444639828785,1.6257203533003144
Pakistan,PAK,2021-05-21,4956853.0,3825314.0,1193441.0,131,226658735.0,1.687697586417748,Asia,0.526536513141662,0.5779614008699024,7.3371832257911995,0.29590818742810193,23.2444639828785,1.6257203533003144
Pakistan,PAK,2021-05-24,5358808.0,4144175.0,1286429.0,74,226658735.0,1.828376479732846,Asia,0.5675620663814258,0.32648201270513577,7.3371832257911995,0.29590818742810193,23.2444639828785,1.6257203533003144
Pakistan,PAK,2021-05-27,6130509.0,4693390.0,1513144.0,65,226658735.0,2.07068569406778,Asia,0.6675868900441891,0.2867747408896463,7.3371832257911995,0.29590818742810193,23.2444639828785,1.6257203533003144
Pakistan,PAK,2021-06-01,7337187.0,5478069.0,1985005.0,43,226658735.0,2.416879720077852,Asia,0.875768145445619,0.18971252089622753,7.3371832257911995,0.29590818742810193,23.2444639828785,1.6257203533003144
Pakistan,PAK,2021-06-02,7648481.0,5706680.0,2076600.0,71,226658735.0,2.5177410436001946,Asia,0.9161791183560607,0.3132462554333059,7.3371832257911995,0.29590818742810193,23.2444639828785,1.6257203533003144
Pakistan,PAK,2021-06-03,7953574.0,5920955.0,2174169.0,80,226658735.0,2.612277439914239,Asia,0.9592257717312329,0.3529535272487954,7.3371832257911995,0.29590818742810193,23.2444639828785,1.6257203533003144
"occupied Palestinian territory, including east Jerusalem",PSE,2021-03-30,81942.0,73964.0,7978.0,18,5263592.0,1.4052000990958264,Unknown,0.15156949854775978,3.4197179416641714,1.7325884038007622,2.9861639576070327,20.260881057678773,2.048871017881066
"occupied Palestinian territory, including east Jerusalem",PSE,2021-03-31,87066.0,78379.0,8687.0,16,5263592.0,1.4890781808316451,Unknown,0.16503938755131475,3.039749281479264,1.7325884038007622,2.9861639576070327,20.260881057678773,2.048871017881066
"occupied Palestinian territory, including east Jerusalem",PSE,2021-04-01,93217.0,83822.0,9395.0,13,5263592.0,1.5924866517009677,Unknown,0.17849027812186052,2.4697962912019014,1.7325884038007622,2.9861639576070327,20.260881057678773,2.048871017881066
"occupied Palestinian territory, including east Jerusalem",PSE,2021-04-03,100386.0,90204.0,10182.0,16,5263592.0,1.713734651165972,Unknown,0.19344204490013664,3.039749281479264,1.7325884038007622,2.9861639576070327,20.260881057678773,2.048871017881066
"occupied Palestinian territory, including east Jerusalem",PSE,2021-04-04,102755.0,91626.0,11129.0,24,5263592.0,1.740750422905119,Unknown,0.21143356095989202,4.559623922218895,1.7325884038007622,2.9861639576070327,20.260881057678773,2.048871017881066
"occupied Palestinian territory, including east Jerusalem",PSE,2021-04-05,111880.0,100552.0,11328.0,25,5263592.0,1.9103304359456432,Unknown,0.21521424912873185,4.749608252311349,1.7325884038007622,2.9861639576070327,20.260881057678773,2.048871017881066
"occupied Palestinian territory, including east Jerusalem",PSE,2021-04-06,121326.0,109894.0,11432.0,10,5263592.0,2.087813797118014,Unknown,0.21719008616169336,1.89984330092454,1.7325884038007622,2.9861639576070327,20.260881057678773,2.048871017881066
"occupied Palestinian territory, including east Jerusalem",PSE,2021-04-07,132392.0,120772.0,11620.0,21,5263592.0,2.2944787513925853,Unknown,0.22076179156743153,3.9896709319415335,1.7325884038007622,2.9861639576070327,20.260881057678773,2.048871017881066
"occupied Palestinian territory, including east Jerusalem",PSE,2021-04-08,143142.0,131394.0,11748.0,18,5263592.0,2.4962801068167897,Unknown,0.22319359099261493,3.4197179416641714,1.7325884038007622,2.9861639576070327,20.260881057678773,2.048871017881066
"occupied Palestinian territory, including east Jerusalem",PSE,2021-04-09,152503.0,140032.0,12471.0,28,5263592.0,2.6603885711506514,Unknown,0.23692945805829937,5.319561242588711,1.7325884038007622,2.9861639576070327,20.260881057678773,2.048871017881066
"occupied Palestinian territory, including east Jerusalem",PSE,2021-04-10,152952.0,140481.0,12471.0,33,5263592.0,2.6689188675718025,Unknown,0.23692945805829937,6.269482893050981,1.7325884038007622,2.9861639576070327,20.260881057678773,2.048871017881066
"occupied Palestinian territory, including east Jerusalem",PSE,2021-04-11,154099.0,140932.0,13167.0,26,5263592.0,2.677487160858972,Unknown,0.25015236743273417,4.939592582403803,1.7325884038007622,2.9861639576070327,20.260881057678773,2.048871017881066
"occupied Palestinian territory, including east Jerusalem",PSE,2021-04-12,161660.0,146986.0,14674.0,22,5263592.0,2.792503674296944,Unknown,0.278783005977667,4.179655262033988,1.7325884038007622,2.9861639576070327,20.260881057678773,2.048871017881066
"occupied Palestinian territory, including east Jerusalem",PSE,2021-04-13,168682.0,151022.0,17660.0,26,5263592.0,2.8691813499222585,Unknown,0.3355123269432737,4.939592582403803,1.7325884038007622,2.9861639576070327,20.260881057678773,2.048871017881066
"occupied Palestinian territory, including east Jerusalem",PSE,2021-04-14,173851.0,153911.0,19940.0,18,5263592.0,2.924067822885968,Unknown,0.37882875420435325,3.4197179416641714,1.7325884038007622,2.9861639576070327,20.260881057678773,2.048871017881066
"occupied Palestinian territory, including east Jerusalem",PSE,2021-04-15,177865.0,156446.0,21419.0,22,5263592.0,2.9722288505644054,Unknown,0.4069274366250272,4.179655262033988,1.7325884038007622,2.9861639576070327,20.260881057678773,2.048871017881066
"occupied Palestinian territory, including east Jerusalem",PSE,2021-04-16,182867.0,159754.0,23113.0,14,5263592.0,3.0350756669589893,Unknown,0.43911078214268884,2.6597806212943556,1.7325884038007622,2.9861639576070327,20.260881057678773,2.048871017881066
"occupied Palestinian territory, including east Jerusalem",PSE,2021-04-17,182867.0,159754.0,23113.0,19,5263592.0,3.0350756669589893,Unknown,0.43911078214268884,3.6097022717566256,1.7325884038007622,2.9861639576070327,20.260881057678773,2.048871017881066
"occupied Palestinian territory, including east Jerusalem",PSE,2021-04-18,183606.0,159976.0,23630.0,28,5263592.0,3.039293319087042,Unknown,0.44893297200846877,5.319561242588711,1.7325884038007622,2.9861639576070327,20.260881057678773,2.048871017881066
"occupied Palestinian territory, including east Jerusalem",PSE,2021-04-19,192315.0,166849.0,25466.0,34,5263592.0,3.169869549159585,Unknown,0.4838140950134433,6.4594672231434345,1.7325884038007622,2.9861639576070327,20.260881057678773,2.048871017881066
"occupied Palestinian territory, including east Jerusalem",PSE,2021-04-21,202279.0,167549.0,34730.0,31,5263592.0,3.1831684522660573,Unknown,0.6598155784110927,5.889514232866073,1.7325884038007622,2.9861639576070327,20.260881057678773,2.048871017881066
"occupied Palestinian territory, including east Jerusalem",PSE,2021-04-22,206354.0,167711.0,38643.0,18,5263592.0,3.1862461984135546,Unknown,0.7341564467762699,3.4197179416641714,1.7325884038007622,2.9861639576070327,20.260881057678773,2.048871017881066
"occupied Palestinian territory, including east Jerusalem",PSE,2021-04-23,213238.0,169856.0,43382.0,19,5263592.0,3.2269978372183865,Unknown,0.8241900208070838,3.6097022717566256,1.7325884038007622,2.9861639576070327,20.260881057678773,2.048871017881066
"occupied Palestinian territory, including east Jerusalem",PSE,2021-04-24,213493.0,169960.0,43533.0,23,5263592.0,3.228973674251348,Unknown,0.8270587841914799,4.3696395921264415,1.7325884038007622,2.9861639576070327,20.260881057678773,2.048871017881066
Panama,PAN,2021-02-18,30776.0,28549.0,2227.0,13,4404118.0,0.6482342207906328,North America,0.05056631089357733,2.951782854137877,19.99368297182319,1.4995435332719664,25.330161870977133,2.7121448645862953
Panama,PAN,2021-02-19,40830.0,38262.0,2568.0,17,4404118.0,0.868777812038642,North America,0.05830906438020053,3.860023732334147,19.99368297182319,1.4995435332719664,25.330161870977133,2.7121448645862953
Panama,PAN,2021-02-20,45535.0,42867.0,2668.0,22,4404118.0,0.9733390431409876,North America,0.06057966657569121,4.995324830079484,19.99368297182319,1.4995435332719664,25.330161870977133,2.7121448645862953
Panama,PAN,2021-02-21,47848.0,45014.0,2834.0,17,4404118.0,1.0220888722781725,North America,0.06434886622020573,3.860023732334147,19.99368297182319,1.4995435332719664,25.330161870977133,2.7121448645862953
Panama,PAN,2021-02-22,61168.0,57896.0,3272.0,16,4404118.0,1.314587847101281,North America,0.07429410383645488,3.6329635127850795,19.99368297182319,1.4995435332719664,25.330161870977133,2.7121448645862953
Panama,PAN,2021-02-23,64636.0,61104.0,3534.0,15,4404118.0,1.3874287655326218,North America,0.08024308158864045,3.4059032932360123,19.99368297182319,1.4995435332719664,25.330161870977133,2.7121448645862953
Panama,PAN,2021-02-24,79989.0,74711.0,5278.0,14,4404118.0,1.6963896062730384,North America,0.11984238387799781,3.1788430736869446,19.99368297182319,1.4995435332719664,25.330161870977133,2.7121448645862953
Panama,PAN,2021-02-25,89419.0,83733.0,5686.0,16,4404118.0,1.9012433363502068,North America,0.12910644083559977,3.6329635127850795,19.99368297182319,1.4995435332719664,25.330161870977133,2.7121448645862953
Panama,PAN,2021-02-26,106667.0,100819.0,5848.0,17,4404118.0,2.289198427471743,North America,0.13278481639229467,3.860023732334147,19.99368297182319,1.4995435332719664,25.330161870977133,2.7121448645862953
Panama,PAN,2021-02-27,114529.0,108675.0,5854.0,21,4404118.0,2.467576935949491,North America,0.13292105252402409,4.768264610530417,19.99368297182319,1.4995435332719664,25.330161870977133,2.7121448645862953
Panama,PAN,2021-02-28,119176.0,113320.0,5856.0,10,4404118.0,2.573046407930033,North America,0.1329664645679339,2.2706021954906745,19.99368297182319,1.4995435332719664,25.330161870977133,2.7121448645862953
Panama,PAN,2021-03-01,122189.0,116326.0,5863.0,11,4404118.0,2.6413007099264822,North America,0.13312540672161827,2.497662415039742,19.99368297182319,1.4995435332719664,25.330161870977133,2.7121448645862953
Panama,PAN,2021-03-02,132610.0,126732.0,5878.0,14,4404118.0,2.877579574389242,North America,0.13346599705094186,3.1788430736869446,19.99368297182319,1.4995435332719664,25.330161870977133,2.7121448645862953
Panama,PAN,2021-03-03,136343.0,130462.0,5881.0,13,4404118.0,2.962273036281044,North America,0.13353411511680657,2.951782854137877,19.99368297182319,1.4995435332719664,25.330161870977133,2.7121448645862953
Panama,PAN,2021-03-04,150411.0,144529.0,5882.0,13,4404118.0,3.2816786471207178,North America,0.1335568211387615,2.951782854137877,19.99368297182319,1.4995435332719664,25.330161870977133,2.7121448645862953
Panama,PAN,2021-03-05,166931.0,161039.0,5892.0,13,4404118.0,3.656555069596227,North America,0.13378388135831057,2.951782854137877,19.99368297182319,1.4995435332719664,25.330161870977133,2.7121448645862953
Panama,PAN,2021-03-06,194715.0,191140.0,5892.0,11,4404118.0,4.3400290364608765,North America,0.13378388135831057,2.497662415039742,19.99368297182319,1.4995435332719664,25.330161870977133,2.7121448645862953
Panama,PAN,2021-03-07,208415.0,202522.0,5893.0,12,4404118.0,4.598468978351625,North America,0.13380658738026546,2.72472263458881,19.99368297182319,1.4995435332719664,25.330161870977133,2.7121448645862953
Panama,PAN,2021-03-08,211751.0,205850.0,5901.0,3,4404118.0,4.6740346194175535,North America,0.13398823555590472,0.6811806586472025,19.99368297182319,1.4995435332719664,25.330161870977133,2.7121448645862953
Panama,PAN,2021-03-09,214492.0,208590.0,5902.0,13,4404118.0,4.736249119573999,North America,0.13401094157785964,2.951782854137877,19.99368297182319,1.4995435332719664,25.330161870977133,2.7121448645862953
Panama,PAN,2021-03-10,224765.0,218861.0,5904.0,11,4404118.0,4.969462671072846,North America,0.13405635362176946,2.497662415039742,19.99368297182319,1.4995435332719664,25.330161870977133,2.7121448645862953
Panama,PAN,2021-03-11,233365.0,227461.0,5904.0,10,4404118.0,5.164734459885044,North America,0.13405635362176946,2.2706021954906745,19.99368297182319,1.4995435332719664,25.330161870977133,2.7121448645862953
Papua New Guinea,PNG,2021-07-27,83123.0,74771.0,8352.0,0,9177536.0,0.8147175886861137,Oceania,0.09100481872258523,0.0,0.4366192504054344,0.1331754211830084,19.18131929371784,1.0644858758359335
Papua New Guinea,PNG,2021-08-02,100409.0,83122.0,17287.0,0,9177536.0,0.9057115112378747,Oceania,0.18836210503559997,0.0,0.4366192504054344,0.1331754211830084,19.18131929371784,1.0644858758359335
Papua New Guinea,PNG,2021-08-16,113052.0,91962.0,21090.0,0,9177536.0,1.0020336613226033,Oceania,0.2298002426795166,0.0,0.4366192504054344,0.1331754211830084,19.18131929371784,1.0644858758359335
Papua New Guinea,PNG,2021-08-31,127334.0,98373.0,28961.0,0,9177536.0,1.0718890124756797,Oceania,0.31556400323572686,0.0,0.4366192504054344,0.1331754211830084,19.18131929371784,1.0644858758359335
Papua New Guinea,PNG,2021-09-07,134444.0,102739.0,31705.0,2,9177536.0,1.1194616942935447,Oceania,0.3454630959769594,0.2179234164812865,0.4366192504054344,0.1331754211830084,19.18131929371784,1.0644858758359335
Papua New Guinea,PNG,2021-09-14,154710.0,114419.0,40291.0,8,9177536.0,1.246728969518616,Oceania,0.4390176186723757,0.871693665925146,0.4366192504054344,0.1331754211830084,19.18131929371784,1.0644858758359335
Papua New Guinea,PNG,2021-09-28,165070.0,119996.0,45074.0,1,9177536.0,1.3074969142044226,Oceania,0.4911340037238753,0.10896170824064325,0.4366192504054344,0.1331754211830084,19.18131929371784,1.0644858758359335
Papua New Guinea,PNG,2021-10-05,194962.0,133741.0,61221.0,0,9177536.0,1.4572647821811868,Oceania,0.667074474020042,0.0,0.4366192504054344,0.1331754211830084,19.18131929371784,1.0644858758359335
Paraguay,PRY,2021-03-02,1634.0,1633.0,1.0,14,7249150.0,0.022526779001676,South America,1.3794720760365009e-05,1.9312609064511013,5.423363251048772,8.996433353615366,20.998690731896094,6.493491552577863
Paraguay,PRY,2021-03-03,1702.0,1699.0,3.0,17,7249150.0,0.0234372305718601,South America,4.1384162281095024e-05,2.3451025292620513,5.423363251048772,8.996433353615366,20.998690731896094,6.493491552577863
Paraguay,PRY,2021-03-04,1733.0,1730.0,3.0,20,7249150.0,0.0238648669154314,South America,4.1384162281095024e-05,2.7589441520730014,5.423363251048772,8.996433353615366,20.998690731896094,6.493491552577863
Paraguay,PRY,2021-03-05,1783.0,1780.0,3.0,21,7249150.0,0.0245546029534497,South America,4.1384162281095024e-05,2.8968913596766517,5.423363251048772,8.996433353615366,20.998690731896094,6.493491552577863
Paraguay,PRY,2021-03-06,1784.0,1781.0,3.0,17,7249150.0,0.02456839767421,South America,4.1384162281095024e-05,2.3451025292620513,5.423363251048772,8.996433353615366,20.998690731896094,6.493491552577863
Paraguay,PRY,2021-03-08,1884.0,1881.0,3.0,16,7249150.0,0.0259478697502465,South America,4.1384162281095024e-05,2.2071553216584014,5.423363251048772,8.996433353615366,20.998690731896094,6.493491552577863
Paraguay,PRY,2021-03-09,1934.0,1931.0,3.0,24,7249150.0,0.0266376057882648,South America,4.1384162281095024e-05,3.310732982487602,5.423363251048772,8.996433353615366,20.998690731896094,6.493491552577863
Paraguay,PRY,2021-03-10,2895.0,2892.0,3.0,25,7249150.0,0.0398943324389756,South America,4.1384162281095024e-05,3.448680190091252,5.423363251048772,8.996433353615366,20.998690731896094,6.493491552577863
Paraguay,PRY,2021-03-11,4726.0,4723.0,3.0,17,7249150.0,0.0651524661512039,South America,4.1384162281095024e-05,2.3451025292620513,5.423363251048772,8.996433353615366,20.998690731896094,6.493491552577863
Paraguay,PRY,2021-03-12,7864.0,7861.0,3.0,27,7249150.0,0.1084402998972293,South America,4.1384162281095024e-05,3.724574605298552,5.423363251048772,8.996433353615366,20.998690731896094,6.493491552577863
Paraguay,PRY,2021-03-13,9932.0,9929.0,3.0,24,7249150.0,0.1369677824296641,South America,4.1384162281095024e-05,3.310732982487602,5.423363251048772,8.996433353615366,20.998690731896094,6.493491552577863
Paraguay,PRY,2021-03-14,11667.0,11664.0,3.0,25,7249150.0,0.1609016229488974,South America,4.1384162281095024e-05,3.448680190091252,5.423363251048772,8.996433353615366,20.998690731896094,6.493491552577863
Paraguay,PRY,2021-03-15,12103.0,11950.0,153.0,20,7249150.0,0.1648469130863618,South America,0.0021105922763358462,2.7589441520730014,5.423363251048772,8.996433353615366,20.998690731896094,6.493491552577863
Paraguay,PRY,2021-03-16,13129.0,12631.0,498.0,20,7249150.0,0.1742411179241704,South America,0.006869770938661773,2.7589441520730014,5.423363251048772,8.996433353615366,20.998690731896094,6.493491552577863
Paraguay,PRY,2021-03-17,14007.0,13089.0,918.0,41,7249150.0,0.1805591000324176,South America,0.012663553658015077,5.655835511749654,5.423363251048772,8.996433353615366,20.998690731896094,6.493491552577863
Paraguay,PRY,2021-03-18,14545.0,13322.0,1223.0,37,7249150.0,0.1837732699695826,South America,0.016870943489926404,5.104046681335054,5.423363251048772,8.996433353615366,20.998690731896094,6.493491552577863
Paraguay,PRY,2021-03-19,14785.0,13407.0,1378.0,34,7249150.0,0.1849458212342136,South America,0.01900912520778298,4.690205058524103,5.423363251048772,8.996433353615366,20.998690731896094,6.493491552577863
Paraguay,PRY,2021-03-20,14790.0,13412.0,1378.0,32,7249150.0,0.1850147948380155,South America,0.01900912520778298,4.414310643316803,5.423363251048772,8.996433353615366,20.998690731896094,6.493491552577863
Paraguay,PRY,2021-03-21,14793.0,13415.0,1378.0,42,7249150.0,0.1850561790002965,South America,0.01900912520778298,5.793782719353303,5.423363251048772,8.996433353615366,20.998690731896094,6.493491552577863
Paraguay,PRY,2021-03-22,14821.0,13418.0,1403.0,33,7249150.0,0.1850975631625776,South America,0.019353993226792106,4.552257850920452,5.423363251048772,8.996433353615366,20.998690731896094,6.493491552577863
Paraguay,PRY,2021-03-23,19062.0,17553.0,1509.0,35,7249150.0,0.2421387335066869,South America,0.0208162336273908,4.828152266127753,5.423363251048772,8.996433353615366,20.998690731896094,6.493491552577863
Paraguay,PRY,2021-03-24,24815.0,23226.0,1589.0,39,7249150.0,0.3203961843802377,South America,0.02191981128822,5.379941096542353,5.423363251048772,8.996433353615366,20.998690731896094,6.493491552577863
Paraguay,PRY,2021-03-25,30791.0,29167.0,1624.0,49,7249150.0,0.4023506204175662,South America,0.022402626514832776,6.759413172578854,5.423363251048772,8.996433353615366,20.998690731896094,6.493491552577863
Paraguay,PRY,2021-03-26,35917.0,34261.0,1656.0,51,7249150.0,0.4726209279708656,South America,0.022844057579164453,7.035307587786154,5.423363251048772,8.996433353615366,20.998690731896094,6.493491552577863
Paraguay,PRY,2021-03-27,38279.0,36623.0,1656.0,41,7249150.0,0.5052040584068477,South America,0.022844057579164453,5.655835511749654,5.423363251048772,8.996433353615366,20.998690731896094,6.493491552577863
Paraguay,PRY,2021-03-28,39227.0,37571.0,1656.0,48,7249150.0,0.5182814536876738,South America,0.022844057579164453,6.621465964975204,5.423363251048772,8.996433353615366,20.998690731896094,6.493491552577863
Paraguay,PRY,2021-03-29,42575.0,40837.0,1738.0,45,7249150.0,0.5633350116910258,South America,0.023975224681514386,6.207624342164253,5.423363251048772,8.996433353615366,20.998690731896094,6.493491552577863
Paraguay,PRY,2021-03-30,44982.0,43203.0,1779.0,60,7249150.0,0.5959733210100494,South America,0.024540808232689348,8.276832456219006,5.423363251048772,8.996433353615366,20.998690731896094,6.493491552577863
Paraguay,PRY,2021-03-31,46348.0,44527.0,1821.0,50,7249150.0,0.6142375312967727,South America,0.02512018650462468,6.897360380182504,5.423363251048772,8.996433353615366,20.998690731896094,6.493491552577863
Paraguay,PRY,2021-04-01,46419.0,44597.0,1822.0,48,7249150.0,0.6152031617499983,South America,0.025133981225385044,6.621465964975204,5.423363251048772,8.996433353615366,20.998690731896094,6.493491552577863
Paraguay,PRY,2021-04-03,46728.0,44905.0,1823.0,44,7249150.0,0.6194519357441907,South America,0.025147775946145413,6.069677134560604,5.423363251048772,8.996433353615366,20.998690731896094,6.493491552577863
Paraguay,PRY,2021-04-04,46731.0,44908.0,1823.0,44,7249150.0,0.6194933199064717,South America,0.025147775946145413,6.069677134560604,5.423363251048772,8.996433353615366,20.998690731896094,6.493491552577863
Paraguay,PRY,2021-04-05,47292.0,45449.0,1843.0,50,7249150.0,0.6269562638378292,South America,0.02542367036135271,6.897360380182504,5.423363251048772,8.996433353615366,20.998690731896094,6.493491552577863
Paraguay,PRY,2021-04-06,47970.0,46034.0,1936.0,55,7249150.0,0.6350261754826428,South America,0.026706579392066655,7.587096418200755,5.423363251048772,8.996433353615366,20.998690731896094,6.493491552577863
Paraguay,PRY,2021-04-07,49365.0,46576.0,2789.0,64,7249150.0,0.6425029141347606,South America,0.03847347620065801,8.828621286633606,5.423363251048772,8.996433353615366,20.998690731896094,6.493491552577863
Paraguay,PRY,2021-04-08,51527.0,47276.0,4251.0,59,7249150.0,0.6521592186670162,South America,0.05864135795231165,8.138885248615354,5.423363251048772,8.996433353615366,20.998690731896094,6.493491552577863
Paraguay,PRY,2021-04-09,53967.0,47506.0,6461.0,62,7249150.0,0.6553320044419001,South America,0.08912769083271832,8.552726871426305,5.423363251048772,8.996433353615366,20.998690731896094,6.493491552577863
Paraguay,PRY,2021-04-10,56053.0,48493.0,7560.0,60,7249150.0,0.6689473938323803,South America,0.10428808894835946,8.276832456219006,5.423363251048772,8.996433353615366,20.998690731896094,6.493491552577863
Paraguay,PRY,2021-04-11,57754.0,49786.0,7968.0,54,7249150.0,0.6867839677755323,South America,0.10991633501858837,7.449149210597104,5.423363251048772,8.996433353615366,20.998690731896094,6.493491552577863
Paraguay,PRY,2021-04-12,62422.0,52974.0,9448.0,51,7249150.0,0.730761537559576,South America,0.1303325217439286,7.035307587786154,5.423363251048772,8.996433353615366,20.998690731896094,6.493491552577863
Paraguay,PRY,2021-04-13,70770.0,60494.0,10276.0,78,7249150.0,0.8344978376775207,South America,0.14175455053351083,10.759882193084707,5.423363251048772,8.996433353615366,20.998690731896094,6.493491552577863
Paraguay,PRY,2021-04-14,78722.0,67849.0,10873.0,62,7249150.0,0.9359580088700056,South America,0.14998999882744873,8.552726871426305,5.423363251048772,8.996433353615366,20.998690731896094,6.493491552577863
Paraguay,PRY,2021-04-15,85894.0,74599.0,11295.0,89,7249150.0,1.0290723740024692,South America,0.15581137098832276,12.277301476724856,5.423363251048772,8.996433353615366,20.998690731896094,6.493491552577863
Paraguay,PRY,2021-04-16,91464.0,79757.0,11707.0,62,7249150.0,1.100225543684432,South America,0.16149479594159316,8.552726871426305,5.423363251048772,8.996433353615366,20.998690731896094,6.493491552577863
Paraguay,PRY,2021-04-17,92691.0,80943.0,11748.0,70,7249150.0,1.1165860825062248,South America,0.1620603794927681,9.656304532255506,5.423363251048772,8.996433353615366,20.998690731896094,6.493491552577863
Paraguay,PRY,2021-04-18,93056.0,81292.0,11764.0,67,7249150.0,1.1214004400515922,South America,0.16228109502493396,9.242462909444555,5.423363251048772,8.996433353615366,20.998690731896094,6.493491552577863
Paraguay,PRY,2021-04-19,95615.0,83706.0,11909.0,74,7249150.0,1.1547008959671134,South America,0.16428132953518687,10.208093362670107,5.423363251048772,8.996433353615366,20.998690731896094,6.493491552577863
Paraguay,PRY,2021-04-20,97806.0,85804.0,12002.0,62,7249150.0,1.183642220122359,South America,0.16556423856590083,8.552726871426305,5.423363251048772,8.996433353615366,20.998690731896094,6.493491552577863
Paraguay,PRY,2021-04-21,99599.0,87519.0,12080.0,71,7249150.0,1.2073001662263851,South America,0.1666402267852093,9.794251739859156,5.423363251048772,8.996433353615366,20.998690731896094,6.493491552577863
Paraguay,PRY,2021-04-22,101290.0,89140.0,12150.0,86,7249150.0,1.2296614085789368,South America,0.16760585723843485,11.863459853913907,5.423363251048772,8.996433353615366,20.998690731896094,6.493491552577863
Paraguay,PRY,2021-04-23,102677.0,90452.0,12225.0,91,7249150.0,1.2477600822165358,South America,0.16864046129546223,12.553195891932159,5.423363251048772,8.996433353615366,20.998690731896094,6.493491552577863
Paraguay,PRY,2021-04-24,102933.0,90665.0,12268.0,72,7249150.0,1.2506983577384934,South America,0.16923363428815794,9.932198947462805,5.423363251048772,8.996433353615366,20.998690731896094,6.493491552577863
Paraguay,PRY,2021-04-25,103070.0,90788.0,12282.0,82,7249150.0,1.2523951083920184,South America,0.16942676037880303,11.311671023499308,5.423363251048772,8.996433353615366,20.998690731896094,6.493491552577863
Paraguay,PRY,2021-04-26,104139.0,91798.0,12341.0,87,7249150.0,1.266327776359987,South America,0.17024064890366455,12.001407061517558,5.423363251048772,8.996433353615366,20.998690731896094,6.493491552577863
Paraguay,PRY,2021-04-27,109255.0,96876.0,12379.0,98,7249150.0,1.3363773683811206,South America,0.17076484829255845,13.518826345157708,5.423363251048772,8.996433353615366,20.998690731896094,6.493491552577863
Paraguay,PRY,2021-04-28,116585.0,104157.0,12428.0,102,7249150.0,1.436816730237338,South America,0.17144078960981632,14.070615175572309,5.423363251048772,8.996433353615366,20.998690731896094,6.493491552577863
Paraguay,PRY,2021-04-29,126375.0,113900.0,12475.0,92,7249150.0,1.5712186946055744,South America,0.17208914148555346,12.691143099535807,5.423363251048772,8.996433353615366,20.998690731896094,6.493491552577863
Paraguay,PRY,2021-04-30,134680.0,122149.0,12531.0,102,7249150.0,1.6850113461578256,South America,0.1728616458481339,14.070615175572309,5.423363251048772,8.996433353615366,20.998690731896094,6.493491552577863
Paraguay,PRY,2021-05-01,135374.0,122837.0,12537.0,106,7249150.0,1.6945021140409564,South America,0.1729444141726961,14.622404005986908,5.423363251048772,8.996433353615366,20.998690731896094,6.493491552577863
Paraguay,PRY,2021-05-02,135915.0,123367.0,12548.0,83,7249150.0,1.70181331604395,South America,0.17309615610106013,11.449618231102956,5.423363251048772,8.996433353615366,20.998690731896094,6.493491552577863
Paraguay,PRY,2021-05-03,143597.0,130891.0,12706.0,91,7249150.0,1.8056047950449363,South America,0.1752757219811978,12.553195891932159,5.423363251048772,8.996433353615366,20.998690731896094,6.493491552577863
Paraguay,PRY,2021-05-04,151011.0,138000.0,13011.0,96,7249150.0,1.9036714649303712,South America,0.17948311181310914,13.242931929950409,5.423363251048772,8.996433353615366,20.998690731896094,6.493491552577863
Paraguay,PRY,2021-05-05,158538.0,145155.0,13383.0,81,7249150.0,2.002372691970783,South America,0.1846147479359649,11.173723815895656,5.423363251048772,8.996433353615366,20.998690731896094,6.493491552577863
Paraguay,PRY,2021-05-06,164978.0,151266.0,13712.0,69,7249150.0,2.0866722305373733,South America,0.18915321106612498,9.518357324651856,5.423363251048772,8.996433353615366,20.998690731896094,6.493491552577863
Paraguay,PRY,2021-05-07,170832.0,156682.0,14150.0,76,7249150.0,2.1613844381755105,South America,0.19519529875916486,10.483987777877406,5.423363251048772,8.996433353615366,20.998690731896094,6.493491552577863
Paraguay,PRY,2021-05-08,171954.0,157524.0,14430.0,85,7249150.0,2.1729995930557378,South America,0.19905782057206708,11.725512646310257,5.423363251048772,8.996433353615366,20.998690731896094,6.493491552577863
Paraguay,PRY,2021-05-09,172797.0,158125.0,14672.0,91,7249150.0,2.181290220232717,South America,0.2023961429960754,12.553195891932159,5.423363251048772,8.996433353615366,20.998690731896094,6.493491552577863
Paraguay,PRY,2021-05-10,184880.0,167888.0,16992.0,76,7249150.0,2.3159680790161605,South America,0.23439989516012222,10.483987777877406,5.423363251048772,8.996433353615366,20.998690731896094,6.493491552577863
Paraguay,PRY,2021-05-11,199199.0,178491.0,20708.0,80,7249150.0,2.4622335032383105,South America,0.2856610775056386,11.035776608292005,5.423363251048772,8.996433353615366,20.998690731896094,6.493491552577863
Paraguay,PRY,2021-05-12,214439.0,189578.0,24861.0,79,7249150.0,2.6151755723084773,South America,0.34295055282343445,10.897829400688357,5.423363251048772,8.996433353615366,20.998690731896094,6.493491552577863
Paraguay,PRY,2021-05-13,232673.0,202016.0,30657.0,75,7249150.0,2.7867543091258975,South America,0.42290475435051006,10.346040570273756,5.423363251048772,8.996433353615366,20.998690731896094,6.493491552577863
Paraguay,PRY,2021-05-14,242213.0,210050.0,32163.0,74,7249150.0,2.89758109571467,South America,0.44367960381561977,10.208093362670107,5.423363251048772,8.996433353615366,20.998690731896094,6.493491552577863
Paraguay,PRY,2021-05-15,244012.0,211543.0,32469.0,69,7249150.0,2.9181766138098952,South America,0.44790078836829145,9.518357324651856,5.423363251048772,8.996433353615366,20.998690731896094,6.493491552577863
Paraguay,PRY,2021-05-16,246156.0,213284.0,32872.0,55,7249150.0,2.9421932226536907,South America,0.45346006083471857,7.587096418200755,5.423363251048772,8.996433353615366,20.998690731896094,6.493491552577863
Paraguay,PRY,2021-05-17,258364.0,218439.0,39925.0,52,7249150.0,3.013305008173372,South America,0.550754226357573,7.173254795389805,5.423363251048772,8.996433353615366,20.998690731896094,6.493491552577863
Paraguay,PRY,2021-05-18,279316.0,233904.0,45412.0,62,7249150.0,3.2266403647324173,South America,0.6264458591696958,8.552726871426305,5.423363251048772,8.996433353615366,20.998690731896094,6.493491552577863
Paraguay,PRY,2021-05-19,299231.0,248488.0,50743.0,96,7249150.0,3.4278225723015803,South America,0.6999855155432017,13.242931929950409,5.423363251048772,8.996433353615366,20.998690731896094,6.493491552577863
Paraguay,PRY,2021-05-20,318803.0,263215.0,55588.0,110,7249150.0,3.630977424939476,South America,0.7668209376271701,15.17419283640151,5.423363251048772,8.996433353615366,20.998690731896094,6.493491552577863
Paraguay,PRY,2021-05-21,335822.0,275830.0,59992.0,112,7249150.0,3.80499782733148,South America,0.8275728878558175,15.45008725160881,5.423363251048772,8.996433353615366,20.998690731896094,6.493491552577863
Paraguay,PRY,2021-05-22,344560.0,283602.0,60958.0,98,7249150.0,3.912210397081037,South America,0.8408985881103302,13.518826345157708,5.423363251048772,8.996433353615366,20.998690731896094,6.493491552577863
Paraguay,PRY,2021-05-23,344679.0,283654.0,61025.0,103,7249150.0,3.912927722560576,South America,0.8418228344012747,14.208562383175957,5.423363251048772,8.996433353615366,20.998690731896094,6.493491552577863
Paraguay,PRY,2021-05-24,353582.0,287675.0,65907.0,120,7249150.0,3.968396294738004,South America,0.9091686611533766,16.553664912438013,5.423363251048772,8.996433353615366,20.998690731896094,6.493491552577863
Paraguay,PRY,2021-05-25,364261.0,294151.0,70110.0,125,7249150.0,4.057730906382127,South America,0.9671478725091908,17.243400950456262,5.423363251048772,8.996433353615366,20.998690731896094,6.493491552577863
Peru,PER,2021-02-10,20436.0,20435.0,1.0,655,33490915.0,0.0610165473233562,South America,2.985884380883592e-06,19.557542694787525,12.677462198770284,10.628591076418113,20.998690731896094,6.493491552577863
Peru,PER,2021-02-11,54548.0,54547.0,1.0,665,33490915.0,0.1628710353240572,South America,2.985884380883592e-06,19.856131132875888,12.677462198770284,10.628591076418113,20.998690731896094,6.493491552577863
Peru,PER,2021-02-12,86922.0,86921.0,1.0,683,33490915.0,0.2595360562707827,South America,2.985884380883592e-06,20.39359032143493,12.677462198770284,10.628591076418113,20.998690731896094,6.493491552577863
Peru,PER,2021-02-13,105757.0,105756.0,1.0,661,33490915.0,0.3157751885847251,South America,2.985884380883592e-06,19.736695757640543,12.677462198770284,10.628591076418113,20.998690731896094,6.493491552577863
Peru,PER,2021-02-14,111099.0,111098.0,1.0,685,33490915.0,0.3317257829474053,South America,2.985884380883592e-06,20.453308009052606,12.677462198770284,10.628591076418113,20.998690731896094,6.493491552577863
Peru,PER,2021-02-15,122569.0,122566.0,3.0,738,33490915.0,0.3659679050273783,South America,8.957653142650776e-06,22.035826730920906,12.677462198770284,10.628591076418113,20.998690731896094,6.493491552577863
Peru,PER,2021-02-16,130102.0,130098.0,4.0,678,33490915.0,0.3884575861841935,South America,1.1943537523534368e-05,20.244296102390752,12.677462198770284,10.628591076418113,20.998690731896094,6.493491552577863
Peru,PER,2021-02-17,134048.0,134044.0,4.0,688,33490915.0,0.4002398859511601,South America,1.1943537523534368e-05,20.54288454047911,12.677462198770284,10.628591076418113,20.998690731896094,6.493491552577863
Peru,PER,2021-02-18,141444.0,141439.0,5.0,681,33490915.0,0.4223205009477943,South America,1.4929421904417958e-05,20.33387263381726,12.677462198770284,10.628591076418113,20.998690731896094,6.493491552577863
Peru,PER,2021-02-19,171936.0,171931.0,5.0,731,33490915.0,0.5133660874896968,South America,1.4929421904417958e-05,21.826814824259056,12.677462198770284,10.628591076418113,20.998690731896094,6.493491552577863
Peru,PER,2021-02-20,198024.0,198019.0,5.0,713,33490915.0,0.591261839218188,South America,1.4929421904417958e-05,21.28935563570001,12.677462198770284,10.628591076418113,20.998690731896094,6.493491552577863
Peru,PER,2021-02-21,202571.0,202566.0,5.0,683,33490915.0,0.6048386554980656,South America,1.4929421904417958e-05,20.39359032143493,12.677462198770284,10.628591076418113,20.998690731896094,6.493491552577863
Peru,PER,2021-02-22,232961.0,232948.0,13.0,716,33490915.0,0.6955557947580709,South America,3.881649695148669e-05,21.378932167126518,12.677462198770284,10.628591076418113,20.998690731896094,6.493491552577863
Peru,PER,2021-02-23,260325.0,260311.0,14.0,693,33490915.0,0.7772585490721887,South America,4.180238133237029e-05,20.69217875952329,12.677462198770284,10.628591076418113,20.998690731896094,6.493491552577863
Peru,PER,2021-02-24,283231.0,283212.0,19.0,705,33490915.0,0.8456382872788039,South America,5.673180323678824e-05,21.050484885229324,12.677462198770284,10.628591076418113,20.998690731896094,6.493491552577863
Peru,PER,2021-02-25,299060.0,299040.0,20.0,699,33490915.0,0.8928988652594293,South America,5.971768761767183e-05,20.87133182237631,12.677462198770284,10.628591076418113,20.998690731896094,6.493491552577863
Peru,PER,2021-02-26,314946.0,314922.0,24.0,650,33490915.0,0.9403206809966224,South America,7.16612251412062e-05,19.408248475743346,12.677462198770284,10.628591076418113,20.998690731896094,6.493491552577863
Peru,PER,2021-02-27,321886.0,321862.0,24.0,677,33490915.0,0.9610427185999548,South America,7.16612251412062e-05,20.214437258581917,12.677462198770284,10.628591076418113,20.998690731896094,6.493491552577863
Peru,PER,2021-02-28,322881.0,322857.0,24.0,678,33490915.0,0.964013673558934,South America,7.16612251412062e-05,20.244296102390752,12.677462198770284,10.628591076418113,20.998690731896094,6.493491552577863
Peru,PER,2021-03-01,332126.0,332098.0,28.0,680,33490915.0,0.9916062311226792,South America,8.360476266474057e-05,20.304013790008426,12.677462198770284,10.628591076418113,20.998690731896094,6.493491552577863
Peru,PER,2021-03-02,341291.0,339125.0,2166.0,692,33490915.0,1.012588040667148,South America,0.00646742556899386,20.662319915714455,12.677462198770284,10.628591076418113,20.998690731896094,6.493491552577863
Peru,PER,2021-03-03,359754.0,345538.0,14216.0,668,33490915.0,1.0317365172017543,South America,0.04244733235864114,19.945707664302393,12.677462198770284,10.628591076418113,20.998690731896094,6.493491552577863
Peru,PER,2021-03-04,392827.0,349302.0,43525.0,732,33490915.0,1.0429753860114004,South America,0.12996061767795833,21.85667366806789,12.677462198770284,10.628591076418113,20.998690731896094,6.493491552577863
Peru,PER,2021-03-05,429889.0,353962.0,75927.0,686,33490915.0,1.056889607226318,South America,0.2267092433873485,20.48316685286144,12.677462198770284,10.628591076418113,20.998690731896094,6.493491552577863
Peru,PER,2021-03-06,450001.0,356968.0,93033.0,710,33490915.0,1.065865175675254,South America,0.27778578160674317,21.199779104273503,12.677462198770284,10.628591076418113,20.998690731896094,6.493491552577863
Peru,PER,2021-03-07,452596.0,357109.0,95487.0,664,33490915.0,1.0662861853729586,South America,0.28511314187743153,19.82627228906705,12.677462198770284,10.628591076418113,20.998690731896094,6.493491552577863
Peru,PER,2021-03-08,483515.0,375379.0,108136.0,666,33490915.0,1.1208382930117018,South America,0.3228815934112281,19.885989976684723,12.677462198770284,10.628591076418113,20.998690731896094,6.493491552577863
Peru,PER,2021-03-09,510737.0,394987.0,115750.0,631,33490915.0,1.1793855139520673,South America,0.34561611708727574,18.840930443375466,12.677462198770284,10.628591076418113,20.998690731896094,6.493491552577863
Peru,PER,2021-03-10,528674.0,407847.0,120827.0,591,33490915.0,1.2177839870902305,South America,0.36077545208902173,17.646576691022027,12.677462198770284,10.628591076418113,20.998690731896094,6.493491552577863
Peru,PER,2021-03-11,542977.0,416286.0,126691.0,666,33490915.0,1.242981865380507,South America,0.3782846780985231,19.885989976684723,12.677462198770284,10.628591076418113,20.998690731896094,6.493491552577863
Peru,PER,2021-03-12,569547.0,425046.0,144501.0,682,33490915.0,1.2691382125570472,South America,0.43146327892205993,20.363731477626096,12.677462198770284,10.628591076418113,20.998690731896094,6.493491552577863
Peru,PER,2021-03-13,604888.0,431188.0,173700.0,623,33490915.0,1.287477514424434,South America,0.5186481169594799,18.602059692904778,12.677462198770284,10.628591076418113,20.998690731896094,6.493491552577863
Peru,PER,2021-03-14,608273.0,431870.0,176403.0,663,33490915.0,1.2895138875721968,South America,0.5267189624410082,19.796413445258214,12.677462198770284,10.628591076418113,20.998690731896094,6.493491552577863
Peru,PER,2021-03-15,655886.0,449882.0,206004.0,623,33490915.0,1.343295637040672,South America,0.6151041259995434,18.602059692904778,12.677462198770284,10.628591076418113,20.998690731896094,6.493491552577863
Peru,PER,2021-03-16,703171.0,472463.0,230708.0,646,33490915.0,1.4107198922454045,South America,0.6888674137448917,19.288813100508005,12.677462198770284,10.628591076418113,20.998690731896094,6.493491552577863
Peru,PER,2021-03-17,749809.0,494808.0,255001.0,640,33490915.0,1.4774394787362484,South America,0.7614035030096968,19.109660037654987,12.677462198770284,10.628591076418113,20.998690731896094,6.493491552577863
Peru,PER,2021-03-18,792541.0,520965.0,271576.0,674,33490915.0,1.5555412564870204,South America,0.8108945366228424,20.124860727155408,12.677462198770284,10.628591076418113,20.998690731896094,6.493491552577863
Peru,PER,2021-03-19,834187.0,546593.0,287594.0,675,33490915.0,1.632063501400305,South America,0.8587224326358358,20.154719570964247,12.677462198770284,10.628591076418113,20.998690731896094,6.493491552577863
Peru,PER,2021-03-20,858694.0,564674.0,294020.0,667,33490915.0,1.6860512768910614,South America,0.8779097256673937,19.915848820493558,12.677462198770284,10.628591076418113,20.998690731896094,6.493491552577863
Peru,PER,2021-03-21,860403.0,565352.0,295051.0,702,33490915.0,1.6880757065013006,South America,0.8809881724640846,20.960908353802814,12.677462198770284,10.628591076418113,20.998690731896094,6.493491552577863
Peru,PER,2021-03-22,877714.0,574027.0,303687.0,664,33490915.0,1.7139782535054655,South America,0.9067742699773954,19.82627228906705,12.677462198770284,10.628591076418113,20.998690731896094,6.493491552577863
Peru,PER,2021-03-23,902469.0,589575.0,312894.0,620,33490915.0,1.7604027838594438,South America,0.9342653074721905,18.51248316147827,12.677462198770284,10.628591076418113,20.998690731896094,6.493491552577863
Peru,PER,2021-03-24,924409.0,604217.0,320192.0,659,33490915.0,1.8041221029643413,South America,0.9560562916838791,19.67697807002287,12.677462198770284,10.628591076418113,20.998690731896094,6.493491552577863
Peru,PER,2021-03-25,942118.0,617144.0,324974.0,677,33490915.0,1.8427206303560233,South America,0.9703347907932643,20.214437258581917,12.677462198770284,10.628591076418113,20.998690731896094,6.493491552577863
Peru,PER,2021-03-26,963316.0,633701.0,329615.0,712,33490915.0,1.892157918050313,South America,0.9841922802049451,21.259496791891173,12.677462198770284,10.628591076418113,20.998690731896094,6.493491552577863
Peru,PER,2021-03-27,977573.0,644948.0,332625.0,710,33490915.0,1.9257401596821109,South America,0.9931797921914047,21.199779104273503,12.677462198770284,10.628591076418113,20.998690731896094,6.493491552577863
Peru,PER,2021-03-28,979843.0,647018.0,332825.0,682,33490915.0,1.93192094035054,South America,0.9937769690675814,20.363731477626096,12.677462198770284,10.628591076418113,20.998690731896094,6.493491552577863
Philippines,PHL,2021-03-30,738913.0,737569.0,1344.0,16,111547375.0,0.6612159183485941,Asia,0.0012048692315708908,0.1434368132822489,2.6894437895711025,1.0101855315178638,23.2444639828785,1.6257203533003144
Philippines,PHL,2021-04-05,855457.0,826607.0,28850.0,2,111547375.0,0.7410367119799995,Asia,0.02586345039495551,0.01792960166028111,2.6894437895711025,1.0101855315178638,23.2444639828785,1.6257203533003144
Philippines,PHL,2021-04-06,922898.0,872213.0,50685.0,10,111547375.0,0.7819215826459386,Asia,0.04543809300756741,0.08964800830140557,2.6894437895711025,1.0101855315178638,23.2444639828785,1.6257203533003144
Philippines,PHL,2021-04-11,1139644.0,1007356.0,132288.0,224,111547375.0,0.903074590504707,Asia,0.11859355722176339,2.008115385951485,2.6894437895711025,1.0101855315178638,23.2444639828785,1.6257203533003144
Philippines,PHL,2021-04-12,1202297.0,1053256.0,149041.0,201,111547375.0,0.9442230263150522,Asia,0.1336122880524979,1.801924966858252,2.6894437895711025,1.0101855315178638,23.2444639828785,1.6257203533003144
Philippines,PHL,2021-04-13,1255716.0,1093651.0,162065.0,204,111547375.0,0.980436339268405,Asia,0.14528804465367293,1.8288193693486736,2.6894437895711025,1.0101855315178638,23.2444639828785,1.6257203533003144
Philippines,PHL,2021-04-17,1456793.0,1264811.0,191982.0,144,111547375.0,1.1338778702770909,Asia,0.17210803929720445,1.29093131954024,2.6894437895711025,1.0101855315178638,23.2444639828785,1.6257203533003144
Philippines,PHL,2021-04-18,1477757.0,1279223.0,198534.0,72,111547375.0,1.1467979412334894,Asia,0.17798177680111255,0.64546565977012,2.6894437895711025,1.0101855315178638,23.2444639828785,1.6257203533003144
Philippines,PHL,2021-04-20,1562563.0,1353107.0,209456.0,88,111547375.0,1.2130334756869,Asia,0.18777313226779205,0.788902473052369,2.6894437895711025,1.0101855315178638,23.2444639828785,1.6257203533003144
Philippines,PHL,2021-04-21,1612420.0,1397628.0,214792.0,93,111547375.0,1.2529456654627686,Asia,0.19255674999075503,0.8337264772030718,2.6894437895711025,1.0101855315178638,23.2444639828785,1.6257203533003144
Philippines,PHL,2021-04-24,1753465.0,1522696.0,230769.0,159,111547375.0,1.3650666364851705,Asia,0.2068798122770706,1.4254033319923485,2.6894437895711025,1.0101855315178638,23.2444639828785,1.6257203533003144
Philippines,PHL,2021-04-26,1767940.0,1529948.0,237992.0,109,111547375.0,1.3715679100471885,Asia,0.21335508791668115,0.9771632904853206,2.6894437895711025,1.0101855315178638,23.2444639828785,1.6257203533003144
Philippines,PHL,2021-04-27,1809801.0,1562815.0,246986.0,70,111547375.0,1.4010325209356114,Asia,0.22141802978330954,0.6275360581098389,2.6894437895711025,1.0101855315178638,23.2444639828785,1.6257203533003144
Philippines,PHL,2021-04-29,1880975.0,1614420.0,266555.0,115,111547375.0,1.4472953756195517,Asia,0.23896124852781161,1.0309520954661642,2.6894437895711025,1.0101855315178638,23.2444639828785,1.6257203533003144
Philippines,PHL,2021-04-30,1919851.0,1639806.0,280045.0,114,111547375.0,1.4700534190069467,Asia,0.2510547648476712,1.0219872946360236,2.6894437895711025,1.0101855315178638,23.2444639828785,1.6257203533003144
Philippines,PHL,2021-05-01,1941196.0,1656643.0,284553.0,89,111547375.0,1.485147454164654,Asia,0.2550960970618986,0.7978672738825096,2.6894437895711025,1.0101855315178638,23.2444639828785,1.6257203533003144
Philippines,PHL,2021-05-03,1999214.0,1689829.0,309385.0,77,111547375.0,1.5148980421995588,Asia,0.2773574904833036,0.6902896639208229,2.6894437895711025,1.0101855315178638,23.2444639828785,1.6257203533003144
Philippines,PHL,2021-05-04,2065235.0,1744649.0,320586.0,94,111547375.0,1.5640430803503893,Asia,0.28739896389314407,0.8426912780332124,2.6894437895711025,1.0101855315178638,23.2444639828785,1.6257203533003144
Philippines,PHL,2021-05-05,2129185.0,1786480.0,342705.0,97,111547375.0,1.6015437387029503,Asia,0.30722820684933194,0.869585680523634,2.6894437895711025,1.0101855315178638,23.2444639828785,1.6257203533003144
Philippines,PHL,2021-05-07,2314377.0,1892934.0,421443.0,191,111547375.0,1.6969776294601284,Asia,0.3778152556256927,1.7122769585568465,2.6894437895711025,1.0101855315178638,23.2444639828785,1.6257203533003144
Philippines,PHL,2021-05-08,2395494.0,1951698.0,443796.0,108,111547375.0,1.7496583850583665,Asia,0.3978542749213059,0.9681984896551802,2.6894437895711025,1.0101855315178638,23.2444639828785,1.6257203533003144
Philippines,PHL,2021-05-09,2408781.0,1957511.0,451270.0,170,111547375.0,1.7548696237809271,Asia,0.40455456706175286,1.5240161411238946,2.6894437895711025,1.0101855315178638,23.2444639828785,1.6257203533003144
Philippines,PHL,2021-05-11,2542066.0,2024953.0,517113.0,90,111547375.0,1.8153300335395612,Asia,0.46358150516764735,0.8068320747126502,2.6894437895711025,1.0101855315178638,23.2444639828785,1.6257203533003144
Philippines,PHL,2021-05-14,2790287.0,2154233.0,636054.0,107,111547375.0,1.931226978671618,Asia,0.5702097427214222,0.9592336888250396,2.6894437895711025,1.0101855315178638,23.2444639828785,1.6257203533003144
Philippines,PHL,2021-05-15,2921196.0,2245397.0,675799.0,137,111547375.0,2.0129536889595117,Asia,0.6058403436208158,1.2281777137292562,2.6894437895711025,1.0101855315178638,23.2444639828785,1.6257203533003144
Philippines,PHL,2021-05-16,3001875.0,2282273.0,719602.0,93,111547375.0,2.046012288500738,Asia,0.6451088606970805,0.8337264772030718,2.6894437895711025,1.0101855315178638,23.2444639828785,1.6257203533003144
Philippines,PHL,2021-05-18,3299470.0,2512942.0,786528.0,71,111547375.0,2.252802452769507,Asia,0.7051066867328792,0.6365008589399795,2.6894437895711025,1.0101855315178638,23.2444639828785,1.6257203533003144
Philippines,PHL,2021-05-21,3956292.0,3030579.0,925713.0,134,111547375.0,2.716853713500654,Asia,0.8298832670871905,1.2012833112388346,2.6894437895711025,1.0101855315178638,23.2444639828785,1.6257203533003144
Philippines,PHL,2021-05-22,4097425.0,3147486.0,949939.0,122,111547375.0,2.821658510565578,Asia,0.851601393578289,1.093705701277148,2.6894437895711025,1.0101855315178638,23.2444639828785,1.6257203533003144
Philippines,PHL,2021-05-24,4305575.0,3318646.0,986929.0,5,111547375.0,2.975100041574264,Asia,0.884762191848979,0.044824004150702784,2.6894437895711025,1.0101855315178638,23.2444639828785,1.6257203533003144
Philippines,PHL,2021-05-25,4495375.0,3466314.0,1029061.0,32,111547375.0,3.1074814624727836,Asia,0.9225326907065271,0.2868736265644978,2.6894437895711025,1.0101855315178638,23.2444639828785,1.6257203533003144
Poland,POL,2021-01-17,469466.0,468795.0,671.0,142,37778202.0,1.2409140064421276,Europe,0.001776156525395253,3.758781320508583,25.24913768826382,3.8913629518994557,24.78207907735958,3.0760247467090363
Poland,POL,2021-01-18,495164.0,491696.0,3468.0,52,37778202.0,1.3015336198371747,Europe,0.009179896915157582,1.3764551314538473,25.24913768826382,3.8913629518994557,24.78207907735958,3.0760247467090363
Poland,POL,2021-01-19,541229.0,530055.0,11174.0,291,37778202.0,1.4030710090437868,Europe,0.029577903151664017,7.7028546779436455,25.24913768826382,3.8913629518994557,24.78207907735958,3.0760247467090363
Poland,POL,2021-01-20,591785.0,566793.0,24992.0,443,37778202.0,1.500317564081001,Europe,0.06615455124095107,11.7263389083472,25.24913768826382,3.8913629518994557,24.78207907735958,3.0760247467090363
Poland,POL,2021-01-21,644999.0,605313.0,39686.0,420,37778202.0,1.6022811249725435,Europe,0.10504999682091805,11.117522215588767,25.24913768826382,3.8913629518994557,24.78207907735958,3.0760247467090363
Poland,POL,2021-01-22,684277.0,638798.0,45479.0,347,37778202.0,1.6909168943508746,Europe,0.12038423639113369,9.18519097335548,25.24913768826382,3.8913629518994557,24.78207907735958,3.0760247467090363
Poland,POL,2021-01-23,701164.0,654184.0,46980.0,345,37778202.0,1.7316440840673148,Europe,0.1243574270686572,9.132250391376486,25.24913768826382,3.8913629518994557,24.78207907735958,3.0760247467090363
Poland,POL,2021-01-24,707474.0,659753.0,47721.0,110,37778202.0,1.746385389119366,Europe,0.12631887563097896,2.911732008844677,25.24913768826382,3.8913629518994557,24.78207907735958,3.0760247467090363
Poland,POL,2021-01-25,776987.0,701222.0,75765.0,38,37778202.0,1.8561550388237111,Europe,0.20055215968192452,1.0058710576008885,25.24913768826382,3.8913629518994557,24.78207907735958,3.0760247467090363
Poland,POL,2021-01-26,905457.0,782413.0,123044.0,264,37778202.0,2.0710699783965367,Europe,0.32570104845116765,6.988156821227225,25.24913768826382,3.8913629518994557,24.78207907735958,3.0760247467090363
Poland,POL,2021-01-27,1008253.0,858474.0,149779.0,389,37778202.0,2.2724056586917505,Europe,0.3964693714115881,10.296943194914359,25.24913768826382,3.8913629518994557,24.78207907735958,3.0760247467090363
Poland,POL,2021-01-28,1097036.0,917908.0,179128.0,389,37778202.0,2.429729186158727,Europe,0.4741570284366631,10.296943194914359,25.24913768826382,3.8913629518994557,24.78207907735958,3.0760247467090363
Poland,POL,2021-01-29,1141081.0,945600.0,195481.0,337,37778202.0,2.5030307159668426,Europe,0.5174438952917876,8.92048806346051,25.24913768826382,3.8913629518994557,24.78207907735958,3.0760247467090363
Poland,POL,2021-01-30,1156931.0,958453.0,198478.0,302,37778202.0,2.537052980975643,Europe,0.5253770415013398,7.994027878828113,25.24913768826382,3.8913629518994557,24.78207907735958,3.0760247467090363
Poland,POL,2021-01-31,1176904.0,976367.0,200537.0,98,37778202.0,2.5844718602542285,Europe,0.5308272744160774,2.594088516970712,25.24913768826382,3.8913629518994557,24.78207907735958,3.0760247467090363
Poland,POL,2021-02-01,1231716.0,998587.0,233129.0,42,37778202.0,2.6432888468328906,Europe,0.6170992468090462,1.1117522215588767,25.24913768826382,3.8913629518994557,24.78207907735958,3.0760247467090363
Poland,POL,2021-02-02,1342435.0,1053245.0,289190.0,254,37778202.0,2.787970163323284,Europe,0.7654943451252656,6.723453911332255,25.24913768826382,3.8913629518994557,24.78207907735958,3.0760247467090363
Poland,POL,2021-02-03,1461578.0,1117146.0,344432.0,421,37778202.0,2.9571179697752688,Europe,0.9117215266094454,11.143992506578265,25.24913768826382,3.8913629518994557,24.78207907735958,3.0760247467090363
Portugal,PRT,2021-01-11,85144.0,85030.0,130.0,102,10157714.0,0.8370977958229577,Europe,0.001279815517546566,10.041629445365365,27.894271563472156,3.569022718418241,24.78207907735958,3.0760247467090363
Portugal,PRT,2021-01-12,96026.0,95912.0,130.0,122,10157714.0,0.9442281993763558,Europe,0.001279815517546566,12.010576395437006,27.894271563472156,3.569022718418241,24.78207907735958,3.0760247467090363
Portugal,PRT,2021-01-13,109825.0,109711.0,130.0,155,10157714.0,1.0800756941965484,Europe,0.001279815517546566,15.259338863055211,27.894271563472156,3.569022718418241,24.78207907735958,3.0760247467090363
Portugal,PRT,2021-01-14,120975.0,120861.0,130.0,156,10157714.0,1.1898444866630424,Europe,0.001279815517546566,15.357786210558793,27.894271563472156,3.569022718418241,24.78207907735958,3.0760247467090363
Portugal,PRT,2021-01-15,128461.0,128347.0,130.0,148,10157714.0,1.2635421710042238,Europe,0.001279815517546566,14.570207430530138,27.894271563472156,3.569022718418241,24.78207907735958,3.0760247467090363
Portugal,PRT,2021-01-16,129996.0,129882.0,130.0,159,10157714.0,1.2786538388460238,Europe,0.001279815517546566,15.65312825306954,27.894271563472156,3.569022718418241,24.78207907735958,3.0760247467090363
Portugal,PRT,2021-01-17,131164.0,129889.0,1291.0,166,10157714.0,1.2787227519892763,Europe,0.012709552562712438,16.342259685594613,27.894271563472156,3.569022718418241,24.78207907735958,3.0760247467090363
Portugal,PRT,2021-01-18,136537.0,135206.0,1402.0,152,10157714.0,1.331067206656931,Europe,0.013802318120002198,14.963996820544466,27.894271563472156,3.569022718418241,24.78207907735958,3.0760247467090363
Portugal,PRT,2021-01-19,160267.0,151318.0,9020.0,167,10157714.0,1.4896855729547025,Europe,0.08879950744823097,16.440707033098196,27.894271563472156,3.569022718418241,24.78207907735958,3.0760247467090363
Portugal,PRT,2021-01-20,189200.0,171076.0,18195.0,218,10157714.0,1.6841978421522796,Europe,0.17912494878276747,21.461521755780876,27.894271563472156,3.569022718418241,24.78207907735958,3.0760247467090363
Portugal,PRT,2021-01-21,222304.0,199206.0,23169.0,219,10157714.0,1.9611302306798557,Europe,0.22809265943104914,21.55996910328446,27.894271563472156,3.569022718418241,24.78207907735958,3.0760247467090363
Portugal,PRT,2021-01-22,248563.0,223061.0,25573.0,221,10157714.0,2.19597637814965,Europe,0.2517594017709103,21.756863798291622,27.894271563472156,3.569022718418241,24.78207907735958,3.0760247467090363
Portugal,PRT,2021-01-23,263357.0,233815.0,29613.0,234,10157714.0,2.3018466556550026,Europe,0.2915321301623574,23.036679315838192,27.894271563472156,3.569022718418241,24.78207907735958,3.0760247467090363
Portugal,PRT,2021-01-24,267532.0,237473.0,30130.0,274,10157714.0,2.337858695371813,Europe,0.2966218580282926,26.97457321598147,27.894271563472156,3.569022718418241,24.78207907735958,3.0760247467090363
Portugal,PRT,2021-01-30,342066.0,277099.0,65038.0,278,10157714.0,2.727966154589507,Europe,0.6402818586937966,27.368362605995795,27.894271563472156,3.569022718418241,24.78207907735958,3.0760247467090363
Portugal,PRT,2021-01-31,348604.0,280713.0,67962.0,293,10157714.0,2.7635450259773013,Europe,0.669067863103844,28.84507281854953,27.894271563472156,3.569022718418241,24.78207907735958,3.0760247467090363
Portugal,PRT,2021-02-01,380025.0,299900.0,80463.0,303,10157714.0,2.9524359516324243,Europe,0.7921368922180718,29.82954629358535,27.894271563472156,3.569022718418241,24.78207907735958,3.0760247467090363
Portugal,PRT,2021-02-02,383578.0,301510.0,82406.0,275,10157714.0,2.968285974580501,Europe,0.8112652118380179,27.073020563485052,27.894271563472156,3.569022718418241,24.78207907735958,3.0760247467090363
Portugal,PRT,2021-02-03,392404.0,305179.0,87563.0,260,10157714.0,3.004406306379565,Europe,0.8620345089456151,25.596310350931322,27.894271563472156,3.569022718418241,24.78207907735958,3.0760247467090363
Portugal,PRT,2021-02-04,405670.0,309322.0,96686.0,240,10157714.0,3.0451930424502995,Europe,0.951848024073133,23.627363400859682,27.894271563472156,3.569022718418241,24.78207907735958,3.0760247467090363
Romania,ROU,2021-01-17,204185.0,203310.0,875.0,57,19089919.0,1.0650123764275794,Europe,0.004583571046058394,2.985869138575182,14.954373867692132,3.9996097794153957,24.78207907735958,3.0760247467090363
Romania,ROU,2021-01-18,235239.0,233289.0,1950.0,50,19089919.0,1.2220533780159046,Europe,0.010214815474072991,2.6191834548905106,14.954373867692132,3.9996097794153957,24.78207907735958,3.0760247467090363
Romania,ROU,2021-01-19,270046.0,267425.0,2621.0,98,19089919.0,1.4008702708481895,Europe,0.013729759670536057,5.133599571585401,14.954373867692132,3.9996097794153957,24.78207907735958,3.0760247467090363
Romania,ROU,2021-01-20,308384.0,302571.0,5813.0,116,19089919.0,1.5849779142593532,Europe,0.030450626846557076,6.076505615345984,14.954373867692132,3.9996097794153957,24.78207907735958,3.0760247467090363
Romania,ROU,2021-01-21,348096.0,338253.0,9843.0,69,19089919.0,1.7718933223341595,Europe,0.05156124549297459,3.614473167748905,14.954373867692132,3.9996097794153957,24.78207907735958,3.0760247467090363
Romania,ROU,2021-01-22,385936.0,374682.0,11254.0,74,19089919.0,1.9627217904905725,Europe,0.05895258120267561,3.876391513237956,14.954373867692132,3.9996097794153957,24.78207907735958,3.0760247467090363
Romania,ROU,2021-01-23,418885.0,406007.0,12878.0,94,19089919.0,2.126813633939463,Europe,0.06745968906416,4.924064895194159,14.954373867692132,3.9996097794153957,24.78207907735958,3.0760247467090363
Romania,ROU,2021-01-24,446285.0,433130.0,13155.0,54,19089919.0,2.2688938596334536,Europe,0.06891071669816934,2.8287181312817515,14.954373867692132,3.9996097794153957,24.78207907735958,3.0760247467090363
Romania,ROU,2021-01-25,484631.0,459568.0,25063.0,65,19089919.0,2.407385803994244,Europe,0.13128918985984173,3.4049384913576635,14.954373867692132,3.9996097794153957,24.78207907735958,3.0760247467090363
Romania,ROU,2021-01-26,528378.0,487712.0,40666.0,97,19089919.0,2.5548144023031214,Europe,0.21302342875315503,5.081215902487591,14.954373867692132,3.9996097794153957,24.78207907735958,3.0760247467090363
Romania,ROU,2021-01-27,570704.0,513430.0,57274.0,77,19089919.0,2.6895347224888697,Europe,0.30002222639079823,4.033542520531387,14.954373867692132,3.9996097794153957,24.78207907735958,3.0760247467090363
Romania,ROU,2021-01-28,609396.0,534347.0,75049.0,90,19089919.0,2.7991056431407593,Europe,0.39313419821215584,4.714530218802919,14.954373867692132,3.9996097794153957,24.78207907735958,3.0760247467090363
Romania,ROU,2021-01-29,647000.0,554925.0,92075.0,91,19089919.0,2.9069007574102335,Europe,0.4823226332180875,4.766913887900729,14.954373867692132,3.9996097794153957,24.78207907735958,3.0760247467090363
Romania,ROU,2021-01-30,672396.0,571092.0,101304.0,68,19089919.0,2.991589435240663,Europe,0.5306675214284565,3.5620894986510945,14.954373867692132,3.9996097794153957,24.78207907735958,3.0760247467090363
Romania,ROU,2021-01-31,691415.0,585219.0,106196.0,71,19089919.0,3.0655918445751396,Europe,0.5562936123511053,3.719240505944525,14.954373867692132,3.9996097794153957,24.78207907735958,3.0760247467090363
Romania,ROU,2021-02-01,721184.0,598136.0,123048.0,67,19089919.0,3.1332558299487805,Europe,0.6445705715147351,3.509705829553284,14.954373867692132,3.9996097794153957,24.78207907735958,3.0760247467090363
Romania,ROU,2021-02-02,748732.0,610384.0,138348.0,111,19089919.0,3.1974153478597787,Europe,0.7247175852343847,5.814587269856934,14.954373867692132,3.9996097794153957,24.78207907735958,3.0760247467090363
Romania,ROU,2021-02-03,772202.0,620177.0,152025.0,87,19089919.0,3.2487146750072644,Europe,0.7963627294594597,4.557379211509488,14.954373867692132,3.9996097794153957,24.78207907735958,3.0760247467090363
Romania,ROU,2021-02-04,794795.0,629280.0,165515.0,75,19089919.0,3.2963995289870014,Europe,0.8670282990724056,3.928775182335766,14.954373867692132,3.9996097794153957,24.78207907735958,3.0760247467090363
Romania,ROU,2021-02-05,821552.0,638887.0,182665.0,73,19089919.0,3.3467245198892672,Europe,0.9568662915751502,3.8240078441401453,14.954373867692132,3.9996097794153957,24.78207907735958,3.0760247467090363
Russian Federation,RUS,2021-03-02,5249831.0,4158334.0,1091497.0,441,145905052.0,2.850027427425885,Europe,0.7480871875498869,3.022513572730847,14.342818371831727,4.175273851292666,24.78207907735958,3.0760247467090363
Russian Federation,RUS,2021-03-03,5489342.0,4287423.0,1201919.0,452,145905052.0,2.9385020883307043,Europe,0.823767911751267,3.097905067742274,14.342818371831727,4.175273851292666,24.78207907735958,3.0760247467090363
Russian Federation,RUS,2021-03-04,6010744.0,4701175.0,1309569.0,475,145905052.0,3.222078286912231,Europe,0.8975487702783589,3.255541830038894,14.342818371831727,4.175273851292666,24.78207907735958,3.0760247467090363
Russian Federation,RUS,2021-03-05,6301854.0,4908178.0,1393676.0,462,145905052.0,3.3639534291108713,Europe,0.9551937927413233,3.166442790479935,14.342818371831727,4.175273851292666,24.78207907735958,3.0760247467090363
Rwanda,RWA,2021-05-08,400096.0,350400.0,49696.0,0,13386094.0,2.617641860276792,Africa,0.3712509414620875,0.0,7.690332274245625,0.4108741504429895,6.7162313205294755,1.7302538308583773
Saint Kitts and Nevis,KNA,2021-05-04,13070.0,12943.0,127.0,0,53544.0,24.172643059913344,North America,0.23718810697743914,0.0,31.59630397430151,0.46690572239653366,25.330161870977133,2.7121448645862953
Samoa,WSM,2021-06-21,45178.0,43983.0,1195.0,0,200647.0,21.920586901374055,Oceania,0.5955733203088011,0.0,17.656350456273955,0.0,19.18131929371784,1.0644858758359335
San Marino,SMR,2021-03-18,7328.0,7299.0,29.0,0,34017.0,21.456918599523767,Europe,0.08525149190110827,0.0,32.295943531502225,4.572876960212705,24.78207907735958,3.0760247467090363
San Marino,SMR,2021-03-19,7923.0,7888.0,35.0,1,34017.0,23.18840579710145,Europe,0.10288973160478584,29.397066172795956,32.295943531502225,4.572876960212705,24.78207907735958,3.0760247467090363
San Marino,SMR,2021-03-22,8553.0,8293.0,260.0,0,34017.0,24.37898697709969,Europe,0.7643237204926948,0.0,32.295943531502225,4.572876960212705,24.78207907735958,3.0760247467090363
Sao Tome and Principe,STP,2021-05-26,14509.0,12374.0,2135.0,0,224862.0,5.502930686376533,Africa,0.9494712312440519,0.0,6.7651083307703574,1.4043701189361053,6.7162313205294755,1.7302538308583773
Senegal,SEN,2021-05-21,506388.0,437792.0,68596.0,0,17350213.0,2.5232658527016354,Africa,0.39536114052317395,0.0,2.056185954934057,0.3169989901564897,6.7162313205294755,1.7302538308583773
Senegal,SEN,2021-05-24,511286.0,442133.0,69153.0,1,17350213.0,2.5482857184519867,Africa,0.39857147575075885,0.05763618002845267,2.056185954934057,0.3169989901564897,6.7162313205294755,1.7302538308583773
Senegal,SEN,2021-05-26,513332.0,444007.0,69325.0,2,17350213.0,2.559086738589319,Africa,0.3995628180472482,0.11527236005690535,2.056185954934057,0.3169989901564897,6.7162313205294755,1.7302538308583773
Senegal,SEN,2021-05-31,522575.0,452735.0,69840.0,0,17350213.0,2.609391596518152,Africa,0.40253108131871346,0.0,2.056185954934057,0.3169989901564897,6.7162313205294755,1.7302538308583773
Senegal,SEN,2021-06-08,537467.0,466578.0,70889.0,3,17350213.0,2.689177360531539,Africa,0.4085771166036982,0.17290854008535803,2.056185954934057,0.3169989901564897,6.7162313205294755,1.7302538308583773
Senegal,SEN,2021-06-10,545915.0,474136.0,71779.0,0,17350213.0,2.7327387853970437,Africa,0.4137067366262305,0.0,2.056185954934057,0.3169989901564897,6.7162313205294755,1.7302538308583773
Senegal,SEN,2021-06-14,625448.0,477957.0,147491.0,3,17350213.0,2.7547615697859156,Africa,0.8500817828576513,0.17290854008535803,2.056185954934057,0.3169989901564897,6.7162313205294755,1.7302538308583773
Senegal,SEN,2021-06-28,664826.0,515344.0,149482.0,1,17350213.0,2.970245956058292,Africa,0.8615571463013163,0.05763618002845267,2.056185954934057,0.3169989901564897,6.7162313205294755,1.7302538308583773
Serbia,SRB,2021-02-10,640299.0,592634.0,47665.0,15,8684226.0,6.824258143443066,Europe,0.5488687189854341,1.7272696495922608,21.59971181214821,2.473011466559078,24.78207907735958,3.0760247467090363
Seychelles,SYC,2021-02-03,37092.0,37087.0,5.0,1,99033.0,37.44913311724375,Africa,0.005048822109801784,10.097644219603566,40.55301558523755,4.191474959080725,6.7162313205294755,1.7302538308583773
Sierra Leone,SLE,2021-04-10,37680.0,37558.0,122.0,0,8197254.0,0.4581778239395778,Africa,0.0014883032781465599,0.0,0.2790048575060046,0.019261906101983087,6.7162313205294755,1.7302538308583773
Sierra Leone,SLE,2021-04-14,42419.0,41543.0,876.0,0,8197254.0,0.5067916646232995,Africa,0.010686505505380216,0.0,0.2790048575060046,0.019261906101983087,6.7162313205294755,1.7302538308583773
Sierra Leone,SLE,2021-04-15,44347.0,42566.0,1781.0,0,8197254.0,0.5192714535867743,Africa,0.02172678801950019,0.0,0.2790048575060046,0.019261906101983087,6.7162313205294755,1.7302538308583773
Sierra Leone,SLE,2021-04-25,57364.0,52076.0,5288.0,0,8197254.0,0.6352859140390185,Africa,0.06450940766261483,0.0,0.2790048575060046,0.019261906101983087,6.7162313205294755,1.7302538308583773
Sierra Leone,SLE,2021-04-27,59316.0,53717.0,5599.0,0,8197254.0,0.6553048130508095,Africa,0.06830336110116875,0.0,0.2790048575060046,0.019261906101983087,6.7162313205294755,1.7302538308583773
Sierra Leone,SLE,2021-04-29,59786.0,54084.0,5702.0,0,8197254.0,0.6597819220924471,Africa,0.06955987944255479,0.0,0.2790048575060046,0.019261906101983087,6.7162313205294755,1.7302538308583773
Sierra Leone,SLE,2021-05-01,61107.0,55083.0,6024.0,0,8197254.0,0.6719689300831717,Africa,0.07348802416028588,0.0,0.2790048575060046,0.019261906101983087,6.7162313205294755,1.7302538308583773
Sierra Leone,SLE,2021-05-08,64966.0,58250.0,6716.0,0,8197254.0,0.7106038192789926,Africa,0.08192987554124832,0.0,0.2790048575060046,0.019261906101983087,6.7162313205294755,1.7302538308583773
Sierra Leone,SLE,2021-05-31,79762.0,68882.0,10880.0,0,8197254.0,0.8403057902073061,Africa,0.13272737431339812,0.0,0.2790048575060046,0.019261906101983087,6.7162313205294755,1.7302538308583773
Sierra Leone,SLE,2021-06-08,83474.0,71821.0,11653.0,0,8197254.0,0.8761592601620006,Africa,0.1421573614773923,0.0,0.2790048575060046,0.019261906101983087,6.7162313205294755,1.7302538308583773
Sierra Leone,SLE,2021-06-10,88523.0,75667.0,12856.0,3,8197254.0,0.923077411045211,Africa,0.15683300773649322,0.36597621593767865,0.2790048575060046,0.019261906101983087,6.7162313205294755,1.7302538308583773
Sierra Leone,SLE,2021-06-14,91789.0,77958.0,13831.0,0,8197254.0,0.9510257947356516,Africa,0.16872723475446777,0.0,0.2790048575060046,0.019261906101983087,6.7162313205294755,1.7302538308583773
Sierra Leone,SLE,2021-06-20,97315.0,82145.0,15170.0,0,8197254.0,1.0021038752733538,Africa,0.18506197319248616,0.0,0.2790048575060046,0.019261906101983087,6.7162313205294755,1.7302538308583773
Sierra Leone,SLE,2021-08-27,193557.0,159793.0,33764.0,0,8197254.0,1.9493479157776497,Africa,0.41189403183065937,0.0,0.2790048575060046,0.019261906101983087,6.7162313205294755,1.7302538308583773
Sierra Leone,SLE,2021-09-13,221110.0,181065.0,40045.0,0,8197254.0,2.2088494512918593,Africa,0.48851725224081133,0.0,0.2790048575060046,0.019261906101983087,6.7162313205294755,1.7302538308583773
Sierra Leone,SLE,2021-09-27,232375.0,189641.0,42734.0,0,8197254.0,2.313469852221244,Africa,0.5213209203960253,0.0,0.2790048575060046,0.019261906101983087,6.7162313205294755,1.7302538308583773
Sierra Leone,SLE,2021-09-29,236465.0,192558.0,43907.0,0,8197254.0,2.3490549396175844,Africa,0.5356305904391886,0.0,0.2790048575060046,0.019261906101983087,6.7162313205294755,1.7302538308583773
Sierra Leone,SLE,2021-10-12,359091.0,292239.0,66852.0,0,8197254.0,3.5650841123137087,Africa,0.8155413995955232,0.0,0.2790048575060046,0.019261906101983087,6.7162313205294755,1.7302538308583773
Singapore,SGP,2021-01-27,113050.0,113000.0,50.0,0,5913123.0,1.9110037115750849,Asia,0.0008455768635287986,0.0,53.98586458410722,0.4068341513204597,23.2444639828785,1.6257203533003144
Singapore,SGP,2021-01-31,155050.0,155000.0,50.0,0,5913123.0,2.6212882769392754,Asia,0.0008455768635287986,0.0,53.98586458410722,0.4068341513204597,23.2444639828785,1.6257203533003144
Singapore,SGP,2021-02-02,181000.0,175000.0,6000.0,0,5913123.0,2.959519022350795,Asia,0.10146922362345584,0.0,53.98586458410722,0.4068341513204597,23.2444639828785,1.6257203533003144
Singapore,SGP,2021-02-10,256000.0,250000.0,6000.0,0,5913123.0,4.227884317643992,Asia,0.10146922362345584,0.0,53.98586458410722,0.4068341513204597,23.2444639828785,1.6257203533003144
Slovakia,SVK,2021-01-18,72523.0,71941.0,582.0,52,5460846.0,1.3173966085108424,Europe,0.010657689303086006,9.522334085231483,21.137100433634263,6.1436717662558005,24.78207907735958,3.0760247467090363
Slovakia,SVK,2021-01-19,80867.0,79701.0,1166.0,111,5460846.0,1.4594991325519893,Europe,0.021352002968038287,20.32652083578259,21.137100433634263,6.1436717662558005,24.78207907735958,3.0760247467090363
Slovakia,SVK,2021-01-20,88755.0,86715.0,2040.0,100,5460846.0,1.5879407696170154,Europe,0.03735684910360043,18.31218093313747,21.137100433634263,6.1436717662558005,24.78207907735958,3.0760247467090363
Slovakia,SVK,2021-01-21,95126.0,92435.0,2691.0,64,5460846.0,1.6926864445545615,Europe,0.04927807889107293,11.719795797207977,21.137100433634263,6.1436717662558005,24.78207907735958,3.0760247467090363
Slovakia,SVK,2021-01-22,101943.0,99119.0,2824.0,93,5460846.0,1.8150850619116523,Europe,0.05171359895518021,17.030328267817843,21.137100433634263,6.1436717662558005,24.78207907735958,3.0760247467090363
Slovakia,SVK,2021-01-23,102219.0,99395.0,2824.0,71,5460846.0,1.8201392238491985,Europe,0.05171359895518021,13.001648462527601,21.137100433634263,6.1436717662558005,24.78207907735958,3.0760247467090363
Slovakia,SVK,2021-01-24,102219.0,99395.0,2824.0,103,5460846.0,1.8201392238491985,Europe,0.05171359895518021,18.86154636113159,21.137100433634263,6.1436717662558005,24.78207907735958,3.0760247467090363
Slovakia,SVK,2021-01-25,111292.0,106175.0,5117.0,0,5460846.0,1.9442958105758703,Europe,0.09370342983486442,0.0,21.137100433634263,6.1436717662558005,24.78207907735958,3.0760247467090363
Slovakia,SVK,2021-01-26,118537.0,113059.0,5478.0,192,5460846.0,2.0703568641195886,Europe,0.10031412715172704,35.15938739162393,21.137100433634263,6.1436717662558005,24.78207907735958,3.0760247467090363
Slovakia,SVK,2021-01-27,125498.0,119851.0,5647.0,101,5460846.0,2.194733197017458,Europe,0.10340888572942727,18.49530274246884,21.137100433634263,6.1436717662558005,24.78207907735958,3.0760247467090363
Slovakia,SVK,2021-01-28,135491.0,128201.0,7290.0,50,5460846.0,2.3476399078091563,Europe,0.13349579900257214,9.156090466568735,21.137100433634263,6.1436717662558005,24.78207907735958,3.0760247467090363
Slovakia,SVK,2021-01-29,147539.0,137781.0,9758.0,84,5460846.0,2.5230706011486133,Europe,0.1786902615455554,15.38223198383547,21.137100433634263,6.1436717662558005,24.78207907735958,3.0760247467090363
Slovakia,SVK,2021-01-30,149051.0,139290.0,9761.0,70,5460846.0,2.5507036821767177,Europe,0.1787451980883548,12.818526653196226,21.137100433634263,6.1436717662558005,24.78207907735958,3.0760247467090363
Slovakia,SVK,2021-01-31,149111.0,139350.0,9761.0,77,5460846.0,2.5518024130327057,Europe,0.1787451980883548,14.100379318515849,21.137100433634263,6.1436717662558005,24.78207907735958,3.0760247467090363
Slovakia,SVK,2021-02-01,161121.0,148451.0,12670.0,69,5460846.0,2.71846157170519,Europe,0.2320153324228517,12.635404843864851,21.137100433634263,6.1436717662558005,24.78207907735958,3.0760247467090363
Slovakia,SVK,2021-02-02,173330.0,157215.0,16115.0,73,5460846.0,2.8789495254032067,Europe,0.29510079573751025,13.36789208119035,21.137100433634263,6.1436717662558005,24.78207907735958,3.0760247467090363
Slovakia,SVK,2021-02-03,185117.0,166670.0,18447.0,105,5460846.0,3.0520911961260215,Europe,0.33780480167358684,19.227789979794338,21.137100433634263,6.1436717662558005,24.78207907735958,3.0760247467090363
Slovakia,SVK,2021-02-04,199480.0,175437.0,24043.0,87,5460846.0,3.2126340863668377,Europe,0.4402797661754241,15.931597411829594,21.137100433634263,6.1436717662558005,24.78207907735958,3.0760247467090363
Slovakia,SVK,2021-02-05,214509.0,183801.0,30708.0,74,5460846.0,3.3657971676916,Europe,0.5623304520947854,13.551013890521725,21.137100433634263,6.1436717662558005,24.78207907735958,3.0760247467090363
Slovakia,SVK,2021-02-06,217293.0,185889.0,31404.0,85,5460846.0,3.4040330014799904,Europe,0.575075730024249,15.565353793166846,21.137100433634263,6.1436717662558005,24.78207907735958,3.0760247467090363
Slovakia,SVK,2021-02-07,217473.0,186069.0,31404.0,64,5460846.0,3.4073291940479553,Europe,0.575075730024249,11.719795797207977,21.137100433634263,6.1436717662558005,24.78207907735958,3.0760247467090363
Slovakia,SVK,2021-02-08,229123.0,193467.0,35656.0,72,5460846.0,3.542802708591306,Europe,0.6529391233519495,13.184770271858977,21.137100433634263,6.1436717662558005,24.78207907735958,3.0760247467090363
Slovakia,SVK,2021-02-09,243983.0,200787.0,43196.0,111,5460846.0,3.676847873021873,Europe,0.791012967587806,20.32652083578259,21.137100433634263,6.1436717662558005,24.78207907735958,3.0760247467090363
Slovakia,SVK,2021-02-10,256923.0,207221.0,49702.0,120,5460846.0,3.794668445145679,Europe,0.9101520167387984,21.97461711976496,21.137100433634263,6.1436717662558005,24.78207907735958,3.0760247467090363
Slovenia,SVN,2021-01-06,21526.0,21525.0,1.0,30,2078724.0,1.0354910031346154,Europe,4.810643452425623e-05,14.431930357276867,23.639276333953173,3.1753530501676295,24.78207907735958,3.0760247467090363
Slovenia,SVN,2021-01-07,27029.0,27028.0,1.0,37,2078724.0,1.3002207123215972,Europe,4.810643452425623e-05,17.799380773974804,23.639276333953173,3.1753530501676295,24.78207907735958,3.0760247467090363
Slovenia,SVN,2021-01-08,30295.0,30293.0,2.0,24,2078724.0,1.4572882210432938,Europe,9.621286904851245e-05,11.545544285821496,23.639276333953173,3.1753530501676295,24.78207907735958,3.0760247467090363
Slovenia,SVN,2021-01-09,30549.0,30547.0,2.0,29,2078724.0,1.469507255412455,Europe,9.621286904851245e-05,13.950866012034306,23.639276333953173,3.1753530501676295,24.78207907735958,3.0760247467090363
Slovenia,SVN,2021-01-10,30550.0,30548.0,2.0,28,2078724.0,1.4695553618469792,Europe,9.621286904851245e-05,13.469801666791742,23.639276333953173,3.1753530501676295,24.78207907735958,3.0760247467090363
Slovenia,SVN,2021-01-11,31034.0,31032.0,2.0,33,2078724.0,1.4928388761567193,Europe,9.621286904851245e-05,15.875123393004554,23.639276333953173,3.1753530501676295,24.78207907735958,3.0760247467090363
Slovenia,SVN,2021-01-12,32917.0,32915.0,2.0,20,2078724.0,1.5834232923658935,Europe,9.621286904851245e-05,9.621286904851246,23.639276333953173,3.1753530501676295,24.78207907735958,3.0760247467090363
Slovenia,SVN,2021-01-13,37660.0,37652.0,8.0,29,2078724.0,1.8113034727072952,Europe,0.0003848514761940498,13.950866012034306,23.639276333953173,3.1753530501676295,24.78207907735958,3.0760247467090363
Slovenia,SVN,2021-01-14,44405.0,44396.0,9.0,23,2078724.0,2.1357332671388796,Europe,0.00043295791071830603,11.064479940578932,23.639276333953173,3.1753530501676295,24.78207907735958,3.0760247467090363
Slovenia,SVN,2021-01-15,49342.0,49185.0,157.0,19,2078724.0,2.3661149820755423,Europe,0.007552710220308227,9.140222559608683,23.639276333953173,3.1753530501676295,24.78207907735958,3.0760247467090363
Slovenia,SVN,2021-01-16,49666.0,49509.0,157.0,25,2078724.0,2.3817014668614016,Europe,0.007552710220308227,12.026608631064057,23.639276333953173,3.1753530501676295,24.78207907735958,3.0760247467090363
Slovenia,SVN,2021-01-17,49671.0,49513.0,158.0,30,2078724.0,2.3818938925994986,Europe,0.007600816654832483,14.431930357276867,23.639276333953173,3.1753530501676295,24.78207907735958,3.0760247467090363
Slovenia,SVN,2021-01-18,49899.0,49575.0,324.0,34,2078724.0,2.3848764915400023,Europe,0.015586484785859016,16.356187738247115,23.639276333953173,3.1753530501676295,24.78207907735958,3.0760247467090363
Slovenia,SVN,2021-01-19,52089.0,50119.0,1970.0,31,2078724.0,2.411046391921198,Europe,0.09476967601278477,14.91299470251943,23.639276333953173,3.1753530501676295,24.78207907735958,3.0760247467090363
Slovenia,SVN,2021-01-20,57087.0,51310.0,5777.0,28,2078724.0,2.4683411554395867,Europe,0.27791087224662825,13.469801666791742,23.639276333953173,3.1753530501676295,24.78207907735958,3.0760247467090363
Slovenia,SVN,2021-01-21,61868.0,52599.0,9269.0,25,2078724.0,2.530350349541353,Europe,0.44589854160533093,12.026608631064057,23.639276333953173,3.1753530501676295,24.78207907735958,3.0760247467090363
Slovenia,SVN,2021-01-22,64054.0,53787.0,10267.0,29,2078724.0,2.5875007937561696,Europe,0.4939087632605387,13.950866012034306,23.639276333953173,3.1753530501676295,24.78207907735958,3.0760247467090363
Slovenia,SVN,2021-01-23,64775.0,54018.0,10757.0,24,2078724.0,2.598613380131273,Europe,0.5174809161774242,11.545544285821496,23.639276333953173,3.1753530501676295,24.78207907735958,3.0760247467090363
Slovenia,SVN,2021-01-24,64926.0,54035.0,10891.0,27,2078724.0,2.599431189518185,Europe,0.5239271784036745,12.98873732154918,23.639276333953173,3.1753530501676295,24.78207907735958,3.0760247467090363
Slovenia,SVN,2021-01-25,64934.0,54038.0,10896.0,30,2078724.0,2.599575508821758,Europe,0.5241677105762959,14.431930357276867,23.639276333953173,3.1753530501676295,24.78207907735958,3.0760247467090363
Slovenia,SVN,2021-01-26,66769.0,54119.0,12650.0,24,2078724.0,2.603472130018223,Europe,0.6085463967318413,11.545544285821496,23.639276333953173,3.1753530501676295,24.78207907735958,3.0760247467090363
Slovenia,SVN,2021-01-27,71894.0,54385.0,17509.0,23,2078724.0,2.6162684416016746,Europe,0.8422955620852022,11.064479940578932,23.639276333953173,3.1753530501676295,24.78207907735958,3.0760247467090363
Solomon Islands,SLB,2021-06-21,21469.0,18042.0,3427.0,0,709849.0,2.541667312343893,Oceania,0.48277873181479436,0.0,2.1096794475358083,0.0,19.18131929371784,1.0644858758359335
Solomon Islands,SLB,2021-06-29,21742.0,18050.0,3692.0,0,709849.0,2.5427943125932417,Oceania,0.5201106150744735,0.0,2.1096794475358083,0.0,19.18131929371784,1.0644858758359335
Solomon Islands,SLB,2021-07-13,25628.0,19641.0,5987.0,0,709849.0,2.7669264871824852,Oceania,0.8434188116064121,0.0,2.1096794475358083,0.0,19.18131929371784,1.0644858758359335
Somalia,SOM,2021-05-27,129461.0,128519.0,942.0,0,16518272.0,0.7780414319367062,Africa,0.005702775689854242,0.0,0.5997313645429506,0.09569070913049031,6.7162313205294755,1.7302538308583773
Somalia,SOM,2021-05-31,134133.0,129419.0,4714.0,1,16518272.0,0.7834899437422995,Africa,0.028538094057296067,0.06053902006214693,0.5997313645429506,0.09569070913049031,6.7162313205294755,1.7302538308583773
Somalia,SOM,2021-06-02,137618.0,129419.0,8199.0,0,16518272.0,0.7834899437422995,Africa,0.04963594254895427,0.0,0.5997313645429506,0.09569070913049031,6.7162313205294755,1.7302538308583773
Somalia,SOM,2021-06-08,142018.0,129419.0,12599.0,0,16518272.0,0.7834899437422995,Africa,0.07627311137629893,0.0,0.5997313645429506,0.09569070913049031,6.7162313205294755,1.7302538308583773
Somalia,SOM,2021-06-09,143379.0,129733.0,13646.0,0,16518272.0,0.7853908689722509,Africa,0.08261154677680571,0.0,0.5997313645429506,0.09569070913049031,6.7162313205294755,1.7302538308583773
Somalia,SOM,2021-06-12,154986.0,135107.0,19879.0,0,16518272.0,0.8179245383536485,Africa,0.1203455179815419,0.0,0.5997313645429506,0.09569070913049031,6.7162313205294755,1.7302538308583773
Somalia,SOM,2021-06-14,156548.0,135107.0,21441.0,0,16518272.0,0.8179245383536485,Africa,0.12980171291524925,0.0,0.5997313645429506,0.09569070913049031,6.7162313205294755,1.7302538308583773
Somalia,SOM,2021-06-17,158709.0,135107.0,23602.0,0,16518272.0,0.8179245383536485,Africa,0.14288419515067918,0.0,0.5997313645429506,0.09569070913049031,6.7162313205294755,1.7302538308583773
Somalia,SOM,2021-06-18,159923.0,135107.0,24816.0,0,16518272.0,0.8179245383536485,Africa,0.15023363218622385,0.0,0.5997313645429506,0.09569070913049031,6.7162313205294755,1.7302538308583773
Somalia,SOM,2021-06-20,163978.0,135107.0,28871.0,0,16518272.0,0.8179245383536485,Africa,0.17478220482142443,0.0,0.5997313645429506,0.09569070913049031,6.7162313205294755,1.7302538308583773
Somalia,SOM,2021-06-22,178264.0,135107.0,43157.0,0,16518272.0,0.8179245383536485,Africa,0.26126824888220757,0.0,0.5997313645429506,0.09569070913049031,6.7162313205294755,1.7302538308583773
Somalia,SOM,2021-06-23,190399.0,135760.0,54639.0,0,16518272.0,0.8218777363637069,Africa,0.33077915171756467,0.0,0.5997313645429506,0.09569070913049031,6.7162313205294755,1.7302538308583773
Somalia,SOM,2021-06-28,204176.0,137981.0,66195.0,0,16518272.0,0.8353234527195096,Africa,0.40073804330138163,0.0,0.5997313645429506,0.09569070913049031,6.7162313205294755,1.7302538308583773
Somalia,SOM,2021-06-29,208415.0,138603.0,69812.0,0,16518272.0,0.8390889797673752,Africa,0.4226350068578602,0.0,0.5997313645429506,0.09569070913049031,6.7162313205294755,1.7302538308583773
Somalia,SOM,2021-07-06,234363.0,149336.0,85027.0,0,16518272.0,0.9040655100000776,Africa,0.5147451258824167,0.0,0.5997313645429506,0.09569070913049031,6.7162313205294755,1.7302538308583773
Somalia,SOM,2021-07-08,235882.0,149996.0,85886.0,0,16518272.0,0.9080610853241792,Africa,0.5199454277057551,0.0,0.5997313645429506,0.09569070913049031,6.7162313205294755,1.7302538308583773
Somalia,SOM,2021-07-11,249790.0,162655.0,87135.0,0,16518272.0,0.984697430820851,Africa,0.5275067513115174,0.0,0.5997313645429506,0.09569070913049031,6.7162313205294755,1.7302538308583773
Somalia,SOM,2021-08-21,282522.0,188765.0,93757.0,0,16518272.0,1.1427648122031169,Africa,0.5675956903966711,0.0,0.5997313645429506,0.09569070913049031,6.7162313205294755,1.7302538308583773
Somalia,SOM,2021-08-30,291053.0,194876.0,96177.0,10,16518272.0,1.1797602073630946,Africa,0.5822461332517106,0.6053902006214693,0.5997313645429506,0.09569070913049031,6.7162313205294755,1.7302538308583773
Somalia,SOM,2021-09-01,295107.0,197682.0,97425.0,8,16518272.0,1.196747456392533,Africa,0.5898014029554666,0.48431216049717546,0.5997313645429506,0.09569070913049031,6.7162313205294755,1.7302538308583773
Somalia,SOM,2021-09-06,310005.0,207256.0,102749.0,0,16518272.0,1.2547075142000326,Africa,0.6220323772365536,0.0,0.5997313645429506,0.09569070913049031,6.7162313205294755,1.7302538308583773
Somalia,SOM,2021-09-11,339599.0,223498.0,116200.0,0,16518272.0,1.3530349905849717,Africa,0.7034634131221474,0.0,0.5997313645429506,0.09569070913049031,6.7162313205294755,1.7302538308583773
Somalia,SOM,2021-09-15,351305.0,231089.0,120216.0,9,16518272.0,1.3989901607141473,Africa,0.7277758835791056,0.5448511805593225,0.5997313645429506,0.09569070913049031,6.7162313205294755,1.7302538308583773
Somalia,SOM,2021-09-20,390141.0,241945.0,148196.0,9,16518272.0,1.464711320893614,Africa,0.8971640617129928,0.5448511805593225,0.5997313645429506,0.09569070913049031,6.7162313205294755,1.7302538308583773
South Africa,ZAF,2021-02-18,2260.0,2260.0,2260.0,165,60291913.0,0.0037484297438032,Africa,0.0037484297438032856,2.7366854324227528,5.050570634947023,2.539258858705452,6.7162313205294755,1.7302538308583773
South Africa,ZAF,2021-02-19,6524.0,6524.0,6524.0,230,60291913.0,0.0108206883400763,Africa,0.010820688340076387,3.814773633074141,5.050570634947023,2.539258858705452,6.7162313205294755,1.7302538308583773
South Africa,ZAF,2021-02-20,10414.0,10414.0,10414.0,151,60291913.0,0.017272631571667,Africa,0.017272631571667,2.504481819974762,5.050570634947023,2.539258858705452,6.7162313205294755,1.7302538308583773
South Africa,ZAF,2021-02-21,15388.0,15388.0,15388.0,81,60291913.0,0.0255224942024977,Africa,0.02552249420249777,1.343463757734806,5.050570634947023,2.539258858705452,6.7162313205294755,1.7302538308583773
South Africa,ZAF,2021-02-22,23059.0,23059.0,23059.0,113,60291913.0,0.0382455935674159,Africa,0.038245593567415914,1.874214871901643,5.050570634947023,2.539258858705452,6.7162313205294755,1.7302538308583773
South Africa,ZAF,2021-02-23,32315.0,32315.0,32315.0,97,60291913.0,0.0535975695446916,Africa,0.05359756954469167,1.6088393148182245,5.050570634947023,2.539258858705452,6.7162313205294755,1.7302538308583773
South Africa,ZAF,2021-02-24,41809.0,41809.0,41809.0,263,60291913.0,0.069344291663129,Africa,0.06934429166312901,4.362110719558691,5.050570634947023,2.539258858705452,6.7162313205294755,1.7302538308583773
South Africa,ZAF,2021-02-25,52647.0,52647.0,52647.0,110,60291913.0,0.087320168461067,Africa,0.08732016846106708,1.824456954948502,5.050570634947023,2.539258858705452,6.7162313205294755,1.7302538308583773
South Africa,ZAF,2021-02-26,63648.0,63648.0,63648.0,144,60291913.0,0.1055663966077838,Africa,0.10556639660778387,2.388380013750766,5.050570634947023,2.539258858705452,6.7162313205294755,1.7302538308583773
South Africa,ZAF,2021-02-27,67303.0,67303.0,67303.0,117,60291913.0,0.1116285694899082,Africa,0.11162856948990821,1.9405587611724977,5.050570634947023,2.539258858705452,6.7162313205294755,1.7302538308583773
South Africa,ZAF,2021-02-28,70527.0,70527.0,70527.0,157,60291913.0,0.1169758869651391,Africa,0.1169758869651391,2.6039976538810437,5.050570634947023,2.539258858705452,6.7162313205294755,1.7302538308583773
South Africa,ZAF,2021-03-01,73047.0,73047.0,73047.0,52,60291913.0,0.1211555519892029,Africa,0.12115555198920294,0.86247056052111,5.050570634947023,2.539258858705452,6.7162313205294755,1.7302538308583773
South Africa,ZAF,2021-03-02,76037.0,76037.0,76037.0,84,60291913.0,0.1261147577121993,Africa,0.12611475771219932,1.3932216746879469,5.050570634947023,2.539258858705452,6.7162313205294755,1.7302538308583773
South Africa,ZAF,2021-03-03,83570.0,83570.0,83570.0,194,60291913.0,0.138608970659133,Africa,0.138608970659133,3.217678629636449,5.050570634947023,2.539258858705452,6.7162313205294755,1.7302538308583773
South Africa,ZAF,2021-03-04,92029.0,92029.0,92029.0,95,60291913.0,0.152639044642687,Africa,0.152639044642687,1.5756673701827972,5.050570634947023,2.539258858705452,6.7162313205294755,1.7302538308583773
South Africa,ZAF,2021-03-05,100180.0,100180.0,100180.0,96,60291913.0,0.1661582706788553,Africa,0.16615827067885539,1.5922533425005108,5.050570634947023,2.539258858705452,6.7162313205294755,1.7302538308583773
South Africa,ZAF,2021-03-06,101573.0,101573.0,101573.0,104,60291913.0,0.1684686966227129,Africa,0.1684686966227129,1.72494112104222,5.050570634947023,2.539258858705452,6.7162313205294755,1.7302538308583773
South Africa,ZAF,2021-03-07,101573.0,101573.0,101573.0,81,60291913.0,0.1684686966227129,Africa,0.1684686966227129,1.343463757734806,5.050570634947023,2.539258858705452,6.7162313205294755,1.7302538308583773
South Africa,ZAF,2021-03-08,101841.0,101841.0,101841.0,31,60291913.0,0.1689132006808276,Africa,0.16891320068082763,0.5141651418491233,5.050570634947023,2.539258858705452,6.7162313205294755,1.7302538308583773
South Africa,ZAF,2021-03-09,107054.0,107054.0,107054.0,125,60291913.0,0.1775594680500517,Africa,0.17755946805005177,2.073246539714207,5.050570634947023,2.539258858705452,6.7162313205294755,1.7302538308583773
South Africa,ZAF,2021-03-10,128887.0,128887.0,128887.0,103,60291913.0,0.213771621411316,Africa,0.213771621411316,1.7083551487245063,5.050570634947023,2.539258858705452,6.7162313205294755,1.7302538308583773
South Africa,ZAF,2021-03-11,138014.0,138014.0,138014.0,109,60291913.0,0.2289096383456932,Africa,0.22890963834569325,1.8078709826307882,5.050570634947023,2.539258858705452,6.7162313205294755,1.7302538308583773
South Africa,ZAF,2021-03-12,145215.0,145215.0,145215.0,95,60291913.0,0.2408531970116788,Africa,0.24085319701167884,1.5756673701827972,5.050570634947023,2.539258858705452,6.7162313205294755,1.7302538308583773
South Africa,ZAF,2021-03-13,145544.0,145544.0,145544.0,69,60291913.0,0.2413988755009316,Africa,0.24139887550093161,1.1444320899222422,5.050570634947023,2.539258858705452,6.7162313205294755,1.7302538308583773
South Africa,ZAF,2021-03-15,147753.0,147753.0,147753.0,65,60291913.0,0.2450627167859145,Africa,0.24506271678591454,1.0780882006513874,5.050570634947023,2.539258858705452,6.7162313205294755,1.7302538308583773
South Africa,ZAF,2021-03-16,157286.0,157286.0,157286.0,95,60291913.0,0.260874124196391,Africa,0.260874124196391,1.5756673701827972,5.050570634947023,2.539258858705452,6.7162313205294755,1.7302538308583773
South Africa,ZAF,2021-03-17,168413.0,168413.0,168413.0,139,60291913.0,0.2793293355943109,Africa,0.27932933559431095,2.305450152162198,5.050570634947023,2.539258858705452,6.7162313205294755,1.7302538308583773
South Africa,ZAF,2021-03-18,177275.0,177275.0,177275.0,74,60291913.0,0.2940278242622688,Africa,0.2940278242622688,1.2273619515108105,5.050570634947023,2.539258858705452,6.7162313205294755,1.7302538308583773
South Africa,ZAF,2021-03-19,182983.0,182983.0,182983.0,90,60291913.0,0.3034950972612197,Africa,0.30349509726121976,1.4927375085942287,5.050570634947023,2.539258858705452,6.7162313205294755,1.7302538308583773
South Africa,ZAF,2021-03-23,194257.0,194257.0,194257.0,85,60291913.0,0.3221941224522101,Africa,0.32219412245221013,1.4098076470056606,5.050570634947023,2.539258858705452,6.7162313205294755,1.7302538308583773
South Africa,ZAF,2021-03-24,207808.0,207808.0,207808.0,55,60291913.0,0.3446697735399439,Africa,0.34466977353994394,0.912228477474251,5.050570634947023,2.539258858705452,6.7162313205294755,1.7302538308583773
South Africa,ZAF,2021-03-25,220129.0,220129.0,220129.0,121,60291913.0,0.3651053500325989,Africa,0.3651053500325989,2.0069026504433523,5.050570634947023,2.539258858705452,6.7162313205294755,1.7302538308583773
South Africa,ZAF,2021-03-26,231002.0,231002.0,231002.0,163,60291913.0,0.383139277733649,Africa,0.383139277733649,2.7035134877873257,5.050570634947023,2.539258858705452,6.7162313205294755,1.7302538308583773
South Africa,ZAF,2021-03-27,231605.0,231605.0,231605.0,67,60291913.0,0.3841394118644071,Africa,0.3841394118644071,1.111260145286815,5.050570634947023,2.539258858705452,6.7162313205294755,1.7302538308583773
South Africa,ZAF,2021-03-29,239665.0,239665.0,239665.0,15,60291913.0,0.3975077055524843,Africa,0.3975077055524843,0.24878958476570484,5.050570634947023,2.539258858705452,6.7162313205294755,1.7302538308583773
South Africa,ZAF,2021-03-30,251707.0,251707.0,251707.0,47,60291913.0,0.417480533417475,Africa,0.41748053341747504,0.7795406989325417,5.050570634947023,2.539258858705452,6.7162313205294755,1.7302538308583773
South Africa,ZAF,2021-03-31,263878.0,263878.0,263878.0,78,60291913.0,0.4376673203253643,Africa,0.4376673203253643,1.293705840781665,5.050570634947023,2.539258858705452,6.7162313205294755,1.7302538308583773
South Africa,ZAF,2021-04-01,269102.0,269102.0,269102.0,58,60291913.0,0.446331832264138,Africa,0.446331832264138,0.9619863944273919,5.050570634947023,2.539258858705452,6.7162313205294755,1.7302538308583773
South Africa,ZAF,2021-04-06,272438.0,272438.0,272438.0,8,60291913.0,0.4518649126293272,Africa,0.4518649126293272,0.13268777854170924,5.050570634947023,2.539258858705452,6.7162313205294755,1.7302538308583773
South Africa,ZAF,2021-04-07,278909.0,278909.0,278909.0,37,60291913.0,0.4625976953161198,Africa,0.4625976953161198,0.6136809757554053,5.050570634947023,2.539258858705452,6.7162313205294755,1.7302538308583773
South Africa,ZAF,2021-04-08,283629.0,283629.0,283629.0,79,60291913.0,0.4704262742500806,Africa,0.47042627425008066,1.3102918130993786,5.050570634947023,2.539258858705452,6.7162313205294755,1.7302538308583773
South Africa,ZAF,2021-04-09,288368.0,288368.0,288368.0,62,60291913.0,0.4782863665314451,Africa,0.47828636653144513,1.0283302836982466,5.050570634947023,2.539258858705452,6.7162313205294755,1.7302538308583773
South Africa,ZAF,2021-04-10,288406.0,288406.0,288406.0,53,60291913.0,0.4783493932262523,Africa,0.47834939322625236,0.8790565328388237,5.050570634947023,2.539258858705452,6.7162313205294755,1.7302538308583773
South Africa,ZAF,2021-04-12,289787.0,289787.0,289787.0,66,60291913.0,0.4806399160033286,Africa,0.4806399160033286,1.0946741729691012,5.050570634947023,2.539258858705452,6.7162313205294755,1.7302538308583773
South Africa,ZAF,2021-04-13,292623.0,292623.0,292623.0,34,60291913.0,0.4853436977526323,Africa,0.4853436977526323,0.5639230588022642,5.050570634947023,2.539258858705452,6.7162313205294755,1.7302538308583773
South Africa,ZAF,2021-04-28,298153.0,298153.0,298153.0,51,60291913.0,0.4945157404443279,Africa,0.4945157404443279,0.8458845882033964,5.050570634947023,2.539258858705452,6.7162313205294755,1.7302538308583773
South Africa,ZAF,2021-04-29,307591.0,307591.0,307591.0,48,60291913.0,0.5101695811177861,Africa,0.5101695811177861,0.7961266712502554,5.050570634947023,2.539258858705452,6.7162313205294755,1.7302538308583773
South Africa,ZAF,2021-04-30,317656.0,317656.0,317656.0,46,60291913.0,0.5268633622555648,Africa,0.5268633622555648,0.7629547266148281,5.050570634947023,2.539258858705452,6.7162313205294755,1.7302538308583773
South Africa,ZAF,2021-05-01,318670.0,318670.0,318670.0,19,60291913.0,0.5285451798485811,Africa,0.5285451798485811,0.3151334740365594,5.050570634947023,2.539258858705452,6.7162313205294755,1.7302538308583773
South Africa,ZAF,2021-05-03,329098.0,329098.0,329098.0,11,60291913.0,0.5458410317814928,Africa,0.5458410317814928,0.1824456954948502,5.050570634947023,2.539258858705452,6.7162313205294755,1.7302538308583773
South Africa,ZAF,2021-05-04,353181.0,353181.0,353181.0,35,60291913.0,0.5857850289142427,Africa,0.5857850289142427,0.5805090311199779,5.050570634947023,2.539258858705452,6.7162313205294755,1.7302538308583773
South Africa,ZAF,2021-05-05,366101.0,366101.0,366101.0,59,60291913.0,0.6072141051487286,Africa,0.6072141051487286,0.9785723667451056,5.050570634947023,2.539258858705452,6.7162313205294755,1.7302538308583773
South Africa,ZAF,2021-05-07,381171.0,381171.0,381171.0,63,60291913.0,0.6322091654315232,Africa,0.6322091654315232,1.0449162560159602,5.050570634947023,2.539258858705452,6.7162313205294755,1.7302538308583773
South Africa,ZAF,2021-05-08,382480.0,382480.0,382480.0,67,60291913.0,0.6343802692079119,Africa,0.6343802692079119,1.111260145286815,5.050570634947023,2.539258858705452,6.7162313205294755,1.7302538308583773
South Africa,ZAF,2021-05-10,395230.0,395230.0,395230.0,11,60291913.0,0.6555273839129967,Africa,0.6555273839129967,0.1824456954948502,5.050570634947023,2.539258858705452,6.7162313205294755,1.7302538308583773
South Africa,ZAF,2021-05-11,414372.0,414372.0,414372.0,90,60291913.0,0.6872762521235642,Africa,0.6872762521235642,1.4927375085942287,5.050570634947023,2.539258858705452,6.7162313205294755,1.7302538308583773
South Africa,ZAF,2021-05-12,430730.0,430730.0,430730.0,71,60291913.0,0.7144075856408802,Africa,0.7144075856408802,1.1776040345576695,5.050570634947023,2.539258858705452,6.7162313205294755,1.7302538308583773
South Africa,ZAF,2021-05-13,455169.0,455169.0,455169.0,72,60291913.0,0.7549420433881406,Africa,0.7549420433881406,1.194190006875383,5.050570634947023,2.539258858705452,6.7162313205294755,1.7302538308583773
South Africa,ZAF,2021-05-14,474318.0,474318.0,474318.0,44,60291913.0,0.7867025217793305,Africa,0.7867025217793305,0.7297827819794008,5.050570634947023,2.539258858705452,6.7162313205294755,1.7302538308583773
South Africa,ZAF,2021-05-15,478452.0,478452.0,478452.0,112,60291913.0,0.7935591627354733,Africa,0.7935591627354733,1.8576288995839292,5.050570634947023,2.539258858705452,6.7162313205294755,1.7302538308583773
South Africa,ZAF,2021-05-16,478733.0,478733.0,478733.0,59,60291913.0,0.794025228557601,Africa,0.794025228557601,0.9785723667451056,5.050570634947023,2.539258858705452,6.7162313205294755,1.7302538308583773
South Africa,ZAF,2021-05-17,478733.0,478733.0,478733.0,27,60291913.0,0.794025228557601,Africa,0.794025228557601,0.4478212525782687,5.050570634947023,2.539258858705452,6.7162313205294755,1.7302538308583773
South Africa,ZAF,2021-05-18,519139.0,519139.0,479768.0,50,60291913.0,0.861042508304555,Africa,0.7957418766924844,0.8292986158856828,5.050570634947023,2.539258858705452,6.7162313205294755,1.7302538308583773
Republic of Korea,KOR,2021-02-26,28715.0,25350.0,3376.0,4,51320253.0,0.0493957034857174,Unknown,0.006578299604251756,0.07794193843900185,17.080648308428888,0.09678592561304036,20.260881057678773,2.048871017881066
Republic of Korea,KOR,2021-02-27,30224.0,26830.0,3406.0,10,51320253.0,0.0522795552079604,Unknown,0.006636756058081008,0.1948548460975046,17.080648308428888,0.09678592561304036,20.260881057678773,2.048871017881066
Republic of Korea,KOR,2021-02-28,31135.0,27718.0,3429.0,8,51320253.0,0.0540098662413063,Unknown,0.006681572672683434,0.1558838768780037,17.080648308428888,0.09678592561304036,20.260881057678773,2.048871017881066
Republic of Korea,KOR,2021-03-01,32747.0,29307.0,3455.0,2,51320253.0,0.0571061097457956,Unknown,0.006732234932668784,0.038970969219500926,17.080648308428888,0.09678592561304036,20.260881057678773,2.048871017881066
Republic of Korea,KOR,2021-03-02,99342.0,95843.0,3515.0,1,51320253.0,0.1867547301452313,Unknown,0.006849147840327288,0.019485484609750463,17.080648308428888,0.09678592561304036,20.260881057678773,2.048871017881066
Republic of Korea,KOR,2021-03-03,168919.0,165344.0,3593.0,6,51320253.0,0.322180796731458,Unknown,0.007001134620283341,0.11691290765850278,17.080648308428888,0.09678592561304036,20.260881057678773,2.048871017881066
Republic of Korea,KOR,2021-03-04,239594.0,235767.0,3847.0,7,51320253.0,0.4594034249987037,Unknown,0.007496065929371003,0.13639839226825323,17.080648308428888,0.09678592561304036,20.260881057678773,2.048871017881066
Republic of Korea,KOR,2021-03-05,310419.0,306466.0,3973.0,8,51320253.0,0.5971638526411785,Unknown,0.007741583035453859,0.1558838768780037,17.080648308428888,0.09678592561304036,20.260881057678773,2.048871017881066
Republic of Korea,KOR,2021-03-06,328509.0,324538.0,3994.0,5,51320253.0,0.6323780204279196,Unknown,0.007782502553134335,0.0974274230487523,17.080648308428888,0.09678592561304036,20.260881057678773,2.048871017881066
Republic of Korea,KOR,2021-03-07,330634.0,326653.0,4008.0,2,51320253.0,0.6364992004228818,Unknown,0.007809782231587985,0.038970969219500926,17.080648308428888,0.09678592561304036,20.260881057678773,2.048871017881066
Republic of Korea,KOR,2021-03-08,398339.0,394317.0,4053.0,8,51320253.0,0.7683457834862973,Unknown,0.007897466912331862,0.1558838768780037,17.080648308428888,0.09678592561304036,20.260881057678773,2.048871017881066
Republic of Korea,KOR,2021-03-09,462104.0,457961.0,4178.0,3,51320253.0,0.8923592017365931,Unknown,0.008141035469953744,0.05845645382925139,17.080648308428888,0.09678592561304036,20.260881057678773,2.048871017881066
Republic of Korea,KOR,2021-03-10,516503.0,512328.0,4432.0,3,51320253.0,0.9982959359144234,Unknown,0.008635966779041404,0.05845645382925139,17.080648308428888,0.09678592561304036,20.260881057678773,2.048871017881066
Republic of Korea,KOR,2021-03-11,561377.0,557054.0,4749.0,4,51320253.0,1.0854467143799933,Unknown,0.009253656641170494,0.07794193843900185,17.080648308428888,0.09678592561304036,20.260881057678773,2.048871017881066
Republic of Korea,KOR,2021-03-12,599853.0,595480.0,4957.0,10,51320253.0,1.1603216375414207,Unknown,0.009658954721053303,0.1948548460975046,17.080648308428888,0.09678592561304036,20.260881057678773,2.048871017881066
Republic of Korea,KOR,2021-03-13,603815.0,599412.0,5007.0,5,51320253.0,1.1679833300899745,Unknown,0.009756382144102056,0.0974274230487523,17.080648308428888,0.09678592561304036,20.260881057678773,2.048871017881066
Republic of Korea,KOR,2021-03-14,605077.0,600663.0,5028.0,2,51320253.0,1.1704209642146544,Unknown,0.009797301661782533,0.038970969219500926,17.080648308428888,0.09678592561304036,20.260881057678773,2.048871017881066
Republic of Korea,KOR,2021-03-15,618512.0,614062.0,5865.0,6,51320253.0,1.1965295650432588,Unknown,0.011428236723618646,0.11691290765850278,17.080648308428888,0.09678592561304036,20.260881057678773,2.048871017881066
Republic of Korea,KOR,2021-03-16,638119.0,633613.0,6501.0,3,51320253.0,1.234625636003782,Unknown,0.012667513544798776,0.05845645382925139,17.080648308428888,0.09678592561304036,20.260881057678773,2.048871017881066
Republic of Korea,KOR,2021-03-17,658652.0,654096.0,7068.0,8,51320253.0,1.274537754129934,Unknown,0.013772340522171626,0.1558838768780037,17.080648308428888,0.09678592561304036,20.260881057678773,2.048871017881066
Republic of Korea,KOR,2021-03-18,678537.0,673837.0,7473.0,2,51320253.0,1.3130040492980424,Unknown,0.014561502648866522,0.038970969219500926,17.080648308428888,0.09678592561304036,20.260881057678773,2.048871017881066
Republic of Korea,KOR,2021-03-19,696023.0,691256.0,7977.0,2,51320253.0,1.3469458149397666,Unknown,0.015543571073197945,0.038970969219500926,17.080648308428888,0.09678592561304036,20.260881057678773,2.048871017881066
Republic of Korea,KOR,2021-03-20,697723.0,692608.0,8331.0,3,51320253.0,1.3495802524590048,Unknown,0.01623335722838311,0.05845645382925139,17.080648308428888,0.09678592561304036,20.260881057678773,2.048871017881066
Republic of Korea,KOR,2021-03-21,698136.0,692720.0,8640.0,3,51320253.0,1.349798489886634,Unknown,0.0168354587028244,0.05845645382925139,17.080648308428888,0.09678592561304036,20.260881057678773,2.048871017881066
Republic of Korea,KOR,2021-03-22,702383.0,696640.0,9044.0,1,51320253.0,1.3574367998536565,Unknown,0.017622672281058318,0.019485484609750463,17.080648308428888,0.09678592561304036,20.260881057678773,2.048871017881066
Republic of Korea,KOR,2021-03-23,725160.0,718721.0,9892.0,7,51320253.0,1.4004626984204462,Unknown,0.019275041375965158,0.13639839226825323,17.080648308428888,0.09678592561304036,20.260881057678773,2.048871017881066
Republic of Korea,KOR,2021-03-24,757163.0,749472.0,11147.0,3,51320253.0,1.4603825121438898,Unknown,0.02172046969448884,0.05845645382925139,17.080648308428888,0.09678592561304036,20.260881057678773,2.048871017881066
Republic of Korea,KOR,2021-03-25,793260.0,784361.0,12585.0,2,51320253.0,1.5283654193988483,Unknown,0.024522482381370957,0.038970969219500926,17.080648308428888,0.09678592561304036,20.260881057678773,2.048871017881066
Republic of Korea,KOR,2021-03-26,819881.0,809529.0,14204.0,7,51320253.0,1.577406487064668,Unknown,0.027677182339689556,0.13639839226825323,17.080648308428888,0.09678592561304036,20.260881057678773,2.048871017881066
Republic of Korea,KOR,2021-03-27,821366.0,810974.0,14248.0,5,51320253.0,1.580222139590777,Unknown,0.02776291847197246,0.0974274230487523,17.080648308428888,0.09678592561304036,20.260881057678773,2.048871017881066
Republic of Korea,KOR,2021-03-28,821536.0,811121.0,14275.0,1,51320253.0,1.5805085762145406,Unknown,0.027815529280418784,0.019485484609750463,17.080648308428888,0.09678592561304036,20.260881057678773,2.048871017881066
Republic of Korea,KOR,2021-03-29,850650.0,839246.0,15271.0,4,51320253.0,1.6353115016794637,Unknown,0.02975628354754993,0.07794193843900185,17.080648308428888,0.09678592561304036,20.260881057678773,2.048871017881066
Republic of Korea,KOR,2021-03-30,883080.0,869457.0,17494.0,3,51320253.0,1.694179099233981,Unknown,0.03408790677629746,0.05845645382925139,17.080648308428888,0.09678592561304036,20.260881057678773,2.048871017881066
Republic of Korea,KOR,2021-03-31,912337.0,893837.0,22385.0,2,51320253.0,1.7416847107125524,Unknown,0.04361825729892641,0.038970969219500926,17.080648308428888,0.09678592561304036,20.260881057678773,2.048871017881066
Republic of Korea,KOR,2021-04-01,957585.0,931736.0,29757.0,4,51320253.0,1.8155327488350457,Unknown,0.057982956553234447,0.07794193843900185,17.080648308428888,0.09678592561304036,20.260881057678773,2.048871017881066
Republic of Korea,KOR,2021-04-02,1004495.0,971981.0,36901.0,2,51320253.0,1.8939520816469864,Unknown,0.07190338675844017,0.038970969219500926,17.080648308428888,0.09678592561304036,20.260881057678773,2.048871017881066
Republic of Korea,KOR,2021-04-03,1013889.0,980776.0,37518.0,3,51320253.0,1.9110895653612616,Unknown,0.07310564115886178,0.05845645382925139,17.080648308428888,0.09678592561304036,20.260881057678773,2.048871017881066
Republic of Korea,KOR,2021-04-04,1014710.0,981502.0,37622.0,4,51320253.0,1.91250421154393,Unknown,0.0733082901988032,0.07794193843900185,17.080648308428888,0.09678592561304036,20.260881057678773,2.048871017881066
Republic of Korea,KOR,2021-04-05,1053139.0,1019542.0,38898.0,4,51320253.0,1.9866269949994209,Unknown,0.07579463803500736,0.07794193843900185,17.080648308428888,0.09678592561304036,20.260881057678773,2.048871017881066
Republic of Korea,KOR,2021-04-06,1099076.0,1059442.0,45590.0,4,51320253.0,2.064374078592325,Unknown,0.08883432433585235,0.07794193843900185,17.080648308428888,0.09678592561304036,20.260881057678773,2.048871017881066
Republic of Korea,KOR,2021-04-07,1147507.0,1098502.0,55990.0,4,51320253.0,2.14048438147801,Unknown,0.10909922832999285,0.07794193843900185,17.080648308428888,0.09678592561304036,20.260881057678773,2.048871017881066
Republic of Korea,KOR,2021-04-08,1195811.0,1136937.0,66817.0,2,51320253.0,2.215376841575586,Unknown,0.13019616251696967,0.038970969219500926,17.080648308428888,0.09678592561304036,20.260881057678773,2.048871017881066
Republic of Korea,KOR,2021-04-09,1238499.0,1172101.0,75528.0,6,51320253.0,2.283895599657313,Unknown,0.1471699681605233,0.11691290765850278,17.080648308428888,0.09678592561304036,20.260881057678773,2.048871017881066
Republic of Korea,KOR,2021-04-10,1249126.0,1181574.0,77100.0,1,51320253.0,2.3023541992281293,Unknown,0.15023308634117605,0.019485484609750463,17.080648308428888,0.09678592561304036,20.260881057678773,2.048871017881066
Republic of Korea,KOR,2021-04-11,1249632.0,1182010.0,77183.0,3,51320253.0,2.3032037663571145,Unknown,0.150394815863437,0.05845645382925139,17.080648308428888,0.09678592561304036,20.260881057678773,2.048871017881066
Republic of Korea,KOR,2021-04-12,1289758.0,1221979.0,78703.0,2,51320253.0,2.381085299793826,Unknown,0.15335660952411906,0.038970969219500926,17.080648308428888,0.09678592561304036,20.260881057678773,2.048871017881066
Republic of Korea,KOR,2021-04-13,1335405.0,1267494.0,79687.0,5,51320253.0,2.4697734829951052,Unknown,0.1552739812097185,0.0974274230487523,17.080648308428888,0.09678592561304036,20.260881057678773,2.048871017881066
Republic of Korea,KOR,2021-04-14,1382414.0,1314329.0,79864.0,7,51320253.0,2.5610337501648717,Unknown,0.15561887428731108,0.13639839226825323,17.080648308428888,0.09678592561304036,20.260881057678773,2.048871017881066
Republic of Korea,KOR,2021-04-15,1476697.0,1408453.0,80028.0,6,51320253.0,2.744438925505687,Unknown,0.155938436234911,0.11691290765850278,17.080648308428888,0.09678592561304036,20.260881057678773,2.048871017881066
Republic of Korea,KOR,2021-04-16,1580970.0,1512348.0,80420.0,2,51320253.0,2.946883367858689,Unknown,0.1567022672316132,0.038970969219500926,17.080648308428888,0.09678592561304036,20.260881057678773,2.048871017881066
Republic of Korea,KOR,2021-04-17,1610810.0,1542062.0,80550.0,4,51320253.0,3.0047825368281016,Unknown,0.15695557853153996,0.07794193843900185,17.080648308428888,0.09678592561304036,20.260881057678773,2.048871017881066
Republic of Korea,KOR,2021-04-18,1615904.0,1547092.0,80616.0,3,51320253.0,3.014583735586806,Unknown,0.15708418272996433,0.05845645382925139,17.080648308428888,0.09678592561304036,20.260881057678773,2.048871017881066
Republic of Korea,KOR,2021-04-19,1739403.0,1670441.0,80767.0,4,51320253.0,3.2549352396996176,Unknown,0.15737841354757157,0.07794193843900185,17.080648308428888,0.09678592561304036,20.260881057678773,2.048871017881066
Republic of Korea,KOR,2021-04-20,1871329.0,1802194.0,80941.0,1,51320253.0,3.5116623450784625,Unknown,0.15771746097978123,0.019485484609750463,17.080648308428888,0.09678592561304036,20.260881057678773,2.048871017881066
Republic of Korea,KOR,2021-04-21,2004773.0,1935351.0,81240.0,4,51320253.0,3.771125212496517,Unknown,0.15830007696961276,0.07794193843900185,17.080648308428888,0.09678592561304036,20.260881057678773,2.048871017881066
Republic of Korea,KOR,2021-04-22,2155934.0,2067655.0,100098.0,2,51320253.0,4.028925968077359,Unknown,0.1950458038466802,0.038970969219500926,17.080648308428888,0.09678592561304036,20.260881057678773,2.048871017881066
Republic of Korea,KOR,2021-04-23,2336410.0,2228293.0,119945.0,3,51320253.0,4.341936895751468,Unknown,0.23371864515165192,0.05845645382925139,17.080648308428888,0.09678592561304036,20.260881057678773,2.048871017881066
Republic of Korea,KOR,2021-04-24,2407672.0,2293630.0,125871.0,1,51320253.0,4.469249206546196,Unknown,0.24526574333139003,0.019485484609750463,17.080648308428888,0.09678592561304036,20.260881057678773,2.048871017881066
Republic of Korea,KOR,2021-04-25,2414591.0,2300087.0,126334.0,1,51320253.0,4.4818309839587105,Unknown,0.24616792126882148,0.019485484609750463,17.080648308428888,0.09678592561304036,20.260881057678773,2.048871017881066
Republic of Korea,KOR,2021-04-26,2579480.0,2443180.0,148141.0,4,51320253.0,4.760654628885014,Unknown,0.2886599175573043,0.07794193843900185,17.080648308428888,0.09678592561304036,20.260881057678773,2.048871017881066
Republic of Korea,KOR,2021-04-27,2778766.0,2620456.0,170162.0,3,51320253.0,5.1060855058528265,Unknown,0.33156890321643584,0.05845645382925139,17.080648308428888,0.09678592561304036,20.260881057678773,2.048871017881066
Republic of Korea,KOR,2021-04-28,3031853.0,2852849.0,190867.0,1,51320253.0,5.5589145283442,Unknown,0.37191359910092414,0.019485484609750463,17.080648308428888,0.09678592561304036,20.260881057678773,2.048871017881066
Republic of Korea,KOR,2021-04-29,3324750.0,3115446.0,221179.0,4,51320253.0,6.070597508550864,Unknown,0.43097800004999975,0.07794193843900185,17.080648308428888,0.09678592561304036,20.260881057678773,2.048871017881066
Republic of Korea,KOR,2021-04-30,3633139.0,3393786.0,252152.0,3,51320253.0,6.612956487178659,Unknown,0.4913303915317799,0.05845645382925139,17.080648308428888,0.09678592561304036,20.260881057678773,2.048871017881066
Republic of Korea,KOR,2021-05-01,3681482.0,3434230.0,260141.0,3,51320253.0,6.691763581134333,Unknown,0.5068973451865095,0.05845645382925139,17.080648308428888,0.09678592561304036,20.260881057678773,2.048871017881066
Republic of Korea,KOR,2021-05-02,3683600.0,3435930.0,260564.0,2,51320253.0,6.695076113517991,Unknown,0.5077215811855019,0.038970969219500926,17.080648308428888,0.09678592561304036,20.260881057678773,2.048871017881066
Republic of Korea,KOR,2021-05-03,3801393.0,3522938.0,291980.0,1,51320253.0,6.864615418010507,Unknown,0.568937179635494,0.019485484609750463,17.080648308428888,0.09678592561304036,20.260881057678773,2.048871017881066
Republic of Korea,KOR,2021-05-04,3908462.0,3598530.0,324002.0,6,51320253.0,7.011910093272533,Unknown,0.6313335984528369,0.11691290765850278,17.080648308428888,0.09678592561304036,20.260881057678773,2.048871017881066
Republic of Korea,KOR,2021-05-05,3939919.0,3604452.0,349638.0,7,51320253.0,7.023449397258427,Unknown,0.6812865867983933,0.13639839226825323,17.080648308428888,0.09678592561304036,20.260881057678773,2.048871017881066
Republic of Korea,KOR,2021-05-06,4071960.0,3662690.0,423866.0,4,51320253.0,7.1369289625286925,Unknown,0.8259234419596491,0.07794193843900185,17.080648308428888,0.09678592561304036,20.260881057678773,2.048871017881066
Republic of Korea,KOR,2021-05-07,4197739.0,3711348.0,501407.0,9,51320253.0,7.231741433542815,Unknown,0.977015838172115,0.17536936148775414,17.080648308428888,0.09678592561304036,20.260881057678773,2.048871017881066
South Sudan,SSD,2021-06-14,18863.0,17350.0,1513.0,0,11446130.0,0.1515796168661373,Africa,0.013218441516914451,0.0,0.1569838796813283,0.013794595801559591,6.7162313205294755,1.7302538308583773
South Sudan,SSD,2021-06-20,29410.0,27338.0,2072.0,0,11446130.0,0.2388405513479228,Africa,0.018102188250526598,0.0,0.1569838796813283,0.013794595801559591,6.7162313205294755,1.7302538308583773
South Sudan,SSD,2021-06-24,32959.0,30849.0,2110.0,0,11446130.0,0.2695146743921308,Africa,0.01843417818948413,0.0,0.1569838796813283,0.013794595801559591,6.7162313205294755,1.7302538308583773
South Sudan,SSD,2021-06-28,44920.0,42166.0,2754.0,0,11446130.0,0.368386520160089,Africa,0.024060533997080236,0.0,0.1569838796813283,0.013794595801559591,6.7162313205294755,1.7302538308583773
South Sudan,SSD,2021-07-05,48461.0,45074.0,3387.0,0,11446130.0,0.3937924870676814,Africa,0.029590787453925474,0.0,0.1569838796813283,0.013794595801559591,6.7162313205294755,1.7302538308583773
South Sudan,SSD,2021-07-13,55915.0,51571.0,4344.0,0,11446130.0,0.4505540300520788,Africa,0.037951691969250745,0.0,0.1569838796813283,0.013794595801559591,6.7162313205294755,1.7302538308583773
South Sudan,SSD,2021-07-19,56989.0,52226.0,4763.0,0,11446130.0,0.4562764882104257,Africa,0.04161231787512461,0.0,0.1569838796813283,0.013794595801559591,6.7162313205294755,1.7302538308583773
South Sudan,SSD,2021-08-30,57150.0,52387.0,4763.0,0,11446130.0,0.4576830771623247,Africa,0.04161231787512461,0.0,0.1569838796813283,0.013794595801559591,6.7162313205294755,1.7302538308583773
South Sudan,SSD,2021-09-06,59865.0,53147.0,6718.0,0,11446130.0,0.4643228759414754,Africa,0.05869232657675563,0.0,0.1569838796813283,0.013794595801559591,6.7162313205294755,1.7302538308583773
South Sudan,SSD,2021-09-08,67109.0,55182.0,11927.0,0,11446130.0,0.4821018108303854,Africa,0.10420115794596077,0.0,0.1569838796813283,0.013794595801559591,6.7162313205294755,1.7302538308583773
South Sudan,SSD,2021-09-19,96041.0,69157.0,26884.0,0,11446130.0,0.6041954791706892,Africa,0.2348741452351144,0.0,0.1569838796813283,0.013794595801559591,6.7162313205294755,1.7302538308583773
South Sudan,SSD,2021-09-22,100621.0,72173.0,28448.0,0,11446130.0,0.6305449964311082,Africa,0.24853815219641923,0.0,0.1569838796813283,0.013794595801559591,6.7162313205294755,1.7302538308583773
South Sudan,SSD,2021-09-23,103751.0,74198.0,29553.0,0,11446130.0,0.6482365655466084,Africa,0.25819207015821066,0.0,0.1569838796813283,0.013794595801559591,6.7162313205294755,1.7302538308583773
South Sudan,SSD,2021-10-01,108602.0,77546.0,31053.0,2,11446130.0,0.6774866264842353,Africa,0.2712969361696923,0.1747315468197548,0.1569838796813283,0.013794595801559591,6.7162313205294755,1.7302538308583773
South Sudan,SSD,2021-10-08,113013.0,81061.0,31952.0,0,11446130.0,0.7081956958378072,Africa,0.2791511191992403,0.0,0.1569838796813283,0.013794595801559591,6.7162313205294755,1.7302538308583773
South Sudan,SSD,2021-10-11,115650.0,82889.0,32761.0,0,11446130.0,0.7241661592171328,Africa,0.28621901026809937,0.0,0.1569838796813283,0.013794595801559591,6.7162313205294755,1.7302538308583773
South Sudan,SSD,2021-10-17,120467.0,84658.0,35809.0,0,11446130.0,0.7396211645333401,Africa,0.31284809800342994,0.0,0.1569838796813283,0.013794595801559591,6.7162313205294755,1.7302538308583773
South Sudan,SSD,2021-10-20,122889.0,84658.0,38231.0,1,11446130.0,0.7396211645333401,Africa,0.33400808832330225,0.0873657734098774,0.1569838796813283,0.013794595801559591,6.7162313205294755,1.7302538308583773
South Sudan,SSD,2021-10-25,127200.0,84839.0,42361.0,0,11446130.0,0.7412024850320589,Africa,0.3700901527415817,0.0,0.1569838796813283,0.013794595801559591,6.7162313205294755,1.7302538308583773
Spain,ESP,2021-01-18,897942.0,895627.0,2315.0,364,46740360.0,1.91617480053641,Europe,0.004952892960174034,7.787702105845996,33.69781253289448,2.256401106024857,24.78207907735958,3.0760247467090363
Spain,ESP,2021-01-19,966097.0,956756.0,9341.0,366,46740360.0,2.0469589879068115,Europe,0.019984869607337214,7.83049167785614,33.69781253289448,2.256401106024857,24.78207907735958,3.0760247467090363
Spain,ESP,2021-01-20,1025937.0,1010295.0,15642.0,412,46740360.0,2.161504532699363,Europe,0.03346572426913271,8.814651834089425,33.69781253289448,2.256401106024857,24.78207907735958,3.0760247467090363
Spain,ESP,2021-01-21,1103301.0,1054245.0,49056.0,489,46740360.0,2.255534617191652,Europe,0.10495426222647836,10.462050356479924,33.69781253289448,2.256401106024857,24.78207907735958,3.0760247467090363
Spain,ESP,2021-01-22,1165825.0,1097369.0,68456.0,459,46740360.0,2.347797492359922,Europe,0.1464601470763169,9.820206776327781,33.69781253289448,2.256401106024857,24.78207907735958,3.0760247467090363
Spain,ESP,2021-01-24,1237593.0,1148895.0,88698.0,568,46740360.0,2.458036266729653,Europe,0.18976747290778248,12.152238450880567,33.69781253289448,2.256401106024857,24.78207907735958,3.0760247467090363
Spain,ESP,2021-01-25,1291216.0,1167519.0,123697.0,451,46740360.0,2.497881916185498,Europe,0.2646470844469319,9.64904848828721,33.69781253289448,2.256401106024857,24.78207907735958,3.0760247467090363
Spain,ESP,2021-01-26,1356461.0,1183395.0,173066.0,519,46740360.0,2.5318482784471494,Europe,0.37027100347536906,11.103893936632067,33.69781253289448,2.256401106024857,24.78207907735958,3.0760247467090363
Spain,ESP,2021-01-27,1395618.0,1202859.0,192759.0,530,46740360.0,2.5734910899274204,Europe,0.4124037555551562,11.339236582687853,33.69781253289448,2.256401106024857,24.78207907735958,3.0760247467090363
Spain,ESP,2021-01-28,1474189.0,1222323.0,251866.0,550,46740360.0,2.6151339014076913,Europe,0.5388619171953318,11.767132302789282,33.69781253289448,2.256401106024857,24.78207907735958,3.0760247467090363
Spain,ESP,2021-01-31,1609261.0,1251369.0,357892.0,532,46740360.0,2.6772771968380216,Europe,0.7657022752927021,11.382026154697996,33.69781253289448,2.256401106024857,24.78207907735958,3.0760247467090363
Spain,ESP,2021-02-01,1673054.0,1254535.0,418519.0,516,46740360.0,2.6840507860872274,Europe,0.8954124444056485,11.039709578616852,33.69781253289448,2.256401106024857,24.78207907735958,3.0760247467090363
Sri Lanka,LKA,2021-04-29,933591.0,927711.0,5880.0,0,21526075.0,4.309708109815654,Asia,0.027315708971561232,0.0,23.178189248316603,3.1667020888232833,23.2444639828785,1.6257203533003144
Sri Lanka,LKA,2021-04-30,953461.0,928107.0,25354.0,6,21526075.0,4.311547739195372,Asia,0.1177827355892795,0.27873172419960446,23.178189248316603,3.1667020888232833,23.2444639828785,1.6257203533003144
Sri Lanka,LKA,2021-05-01,991299.0,928107.0,63192.0,20,21526075.0,4.311547739195372,Asia,0.2935602519270234,0.9291057473320148,23.178189248316603,3.1667020888232833,23.2444639828785,1.6257203533003144
Sri Lanka,LKA,2021-05-02,1016195.0,928107.0,88088.0,0,21526075.0,4.311547739195372,Asia,0.4092153353549126,0.0,23.178189248316603,3.1667020888232833,23.2444639828785,1.6257203533003144
Sri Lanka,LKA,2021-05-03,1024978.0,928107.0,96871.0,9,21526075.0,4.311547739195372,Asia,0.45001701424899804,0.4180975862994067,23.178189248316603,3.1667020888232833,23.2444639828785,1.6257203533003144
Sri Lanka,LKA,2021-05-04,1048113.0,928107.0,120006.0,13,21526075.0,4.311547739195372,Asia,0.5574913215716288,0.6039187357658097,23.178189248316603,3.1667020888232833,23.2444639828785,1.6257203533003144
Sri Lanka,LKA,2021-05-05,1069828.0,928107.0,141721.0,11,21526075.0,4.311547739195372,Asia,0.6583689780882024,0.5110081610326082,23.178189248316603,3.1667020888232833,23.2444639828785,1.6257203533003144
Sri Lanka,LKA,2021-05-06,1088093.0,928107.0,159986.0,25,21526075.0,4.311547739195372,Asia,0.7432195604632986,1.1613821841650185,23.178189248316603,3.1667020888232833,23.2444639828785,1.6257203533003144
Sri Lanka,LKA,2021-05-07,1105342.0,928107.0,177235.0,19,21526075.0,4.311547739195372,Asia,0.8233502856419482,0.882650459965414,23.178189248316603,3.1667020888232833,23.2444639828785,1.6257203533003144
Sri Lanka,LKA,2021-05-09,1125740.0,928400.0,197340.0,15,21526075.0,4.312908879115213,Asia,0.916748640892499,0.6968293104990111,23.178189248316603,3.1667020888232833,23.2444639828785,1.6257203533003144
Sri Lanka,LKA,2021-05-10,1130257.0,931276.0,198981.0,26,21526075.0,4.3262694197618465,Asia,0.9243719535493581,1.2078374715316194,23.178189248316603,3.1667020888232833,23.2444639828785,1.6257203533003144
Sri Lanka,LKA,2021-05-11,1162770.0,948817.0,213953.0,23,21526075.0,4.407756639331601,Asia,0.9939248097946327,1.068471609431817,23.178189248316603,3.1667020888232833,23.2444639828785,1.6257203533003144
Sudan,SDN,2021-05-30,358236.0,320305.0,37931.0,5,45269601.0,0.7075498633177704,Africa,0.08378911932535035,0.11044939406468371,0.42443883972109503,0.086660293804598,6.7162313205294755,1.7302538308583773
Sudan,SDN,2021-06-02,402114.0,360721.0,41393.0,31,45269601.0,0.7968283175281355,Africa,0.09143663537038907,0.684786243201039,0.42443883972109503,0.086660293804598,6.7162313205294755,1.7302538308583773
Sudan,SDN,2021-06-07,465197.0,404397.0,60800.0,7,45269601.0,0.893308072231518,Africa,0.13430646318265538,0.15462915169055721,0.42443883972109503,0.086660293804598,6.7162313205294755,1.7302538308583773
Sudan,SDN,2021-06-08,483520.0,417209.0,66311.0,7,45269601.0,0.9216096249666526,Africa,0.14648019539646484,0.15462915169055721,0.42443883972109503,0.086660293804598,6.7162313205294755,1.7302538308583773
Sudan,SDN,2021-06-14,539843.0,453690.0,86153.0,1,45269601.0,1.002195711864127,Africa,0.19031093293709392,0.022089878812936743,0.42443883972109503,0.086660293804598,6.7162313205294755,1.7302538308583773
Sudan,SDN,2021-06-20,629692.0,520928.0,108764.0,0,45269601.0,1.1507236390265512,Africa,0.2402583579210252,0.0,0.42443883972109503,0.086660293804598,6.7162313205294755,1.7302538308583773
Sudan,SDN,2021-06-28,671423.0,550291.0,121132.0,0,45269601.0,1.2155861501849774,Africa,0.26757912003686535,0.0,0.42443883972109503,0.086660293804598,6.7162313205294755,1.7302538308583773
Sudan,SDN,2021-06-29,677957.0,554095.0,123862.0,0,45269601.0,1.2239891400854184,Africa,0.2736096569527971,0.0,0.42443883972109503,0.086660293804598,6.7162313205294755,1.7302538308583773
Sudan,SDN,2021-07-18,810560.0,627833.0,182727.0,0,45269601.0,1.3868754884762513,Africa,0.40364172858514924,0.0,0.42443883972109503,0.086660293804598,6.7162313205294755,1.7302538308583773
Sudan,SDN,2021-08-22,1129054.0,645926.0,241564.0,0,45269601.0,1.426842706212498,Africa,0.5336119485568251,0.0,0.42443883972109503,0.086660293804598,6.7162313205294755,1.7302538308583773
Sudan,SDN,2021-09-08,1255213.0,646192.0,339947.0,0,45269601.0,1.427430296988922,Africa,0.7509388032821407,0.0,0.42443883972109503,0.086660293804598,6.7162313205294755,1.7302538308583773
Suriname,SUR,2021-05-04,41287.0,41205.0,82.0,1,593543.0,6.9422097472297715,South America,0.013815342780556758,1.6847979000678972,15.399615575919146,7.967690069071097,20.998690731896094,6.493491552577863
Suriname,SUR,2021-05-07,43888.0,43636.0,252.0,0,593543.0,7.351784116736276,South America,0.042456907081711015,0.0,15.399615575919146,7.967690069071097,20.998690731896094,6.493491552577863
Suriname,SUR,2021-05-08,45420.0,44918.0,502.0,1,593543.0,7.5677752075249805,South America,0.08457685458340845,1.6847979000678972,15.399615575919146,7.967690069071097,20.998690731896094,6.493491552577863
Suriname,SUR,2021-05-11,48185.0,47453.0,732.0,1,593543.0,7.994871475192193,South America,0.12332720628497008,1.6847979000678972,15.399615575919146,7.967690069071097,20.998690731896094,6.493491552577863
Suriname,SUR,2021-05-13,49902.0,48904.0,998.0,2,593543.0,8.239335650492045,South America,0.16814283042677616,3.3695958001357944,15.399615575919146,7.967690069071097,20.998690731896094,6.493491552577863
Suriname,SUR,2021-05-15,51573.0,49961.0,1612.0,1,593543.0,8.417418788529222,South America,0.27158942149094506,1.6847979000678972,15.399615575919146,7.967690069071097,20.998690731896094,6.493491552577863
Suriname,SUR,2021-05-17,54162.0,52109.0,2053.0,1,593543.0,8.779313377463806,South America,0.34588900888393936,1.6847979000678972,15.399615575919146,7.967690069071097,20.998690731896094,6.493491552577863
Suriname,SUR,2021-05-19,57362.0,54837.0,2525.0,2,593543.0,9.238926244602329,South America,0.42541146976714406,3.3695958001357944,15.399615575919146,7.967690069071097,20.998690731896094,6.493491552577863
Suriname,SUR,2021-05-20,64793.0,60319.0,4474.0,8,593543.0,10.16253245341955,South America,0.7537785804903773,13.478383200543178,15.399615575919146,7.967690069071097,20.998690731896094,6.493491552577863
Suriname,SUR,2021-05-21,68301.0,62862.0,5439.0,1,593543.0,10.590976559406815,South America,0.9163615778469294,1.6847979000678972,15.399615575919146,7.967690069071097,20.998690731896094,6.493491552577863
Sweden,SWE,2021-01-03,16529.0,16524.0,5.0,87,10180964.0,0.1623029017684376,Europe,4.91112629413089e-05,8.545359751787748,28.64105428063506,1.6844118268380837,24.78207907735958,3.0760247467090363
Sweden,SWE,2021-01-10,52933.0,52923.0,10.0,99,10180964.0,0.5198230737285782,Europe,9.82225258826178e-05,9.72403006237916,28.64105428063506,1.6844118268380837,24.78207907735958,3.0760247467090363
Sweden,SWE,2021-01-17,132233.0,132186.0,47.0,90,10180964.0,1.2983642806319715,Europe,0.0004616458716483036,8.840027329435602,28.64105428063506,1.6844118268380837,24.78207907735958,3.0760247467090363
Sweden,SWE,2021-01-24,244987.0,237400.0,7587.0,59,10180964.0,2.331802764453346,Europe,0.07452143038714212,5.79512902707445,28.64105428063506,1.6844118268380837,24.78207907735958,3.0760247467090363
Sweden,SWE,2021-01-31,327898.0,302112.0,25786.0,58,10180964.0,2.9674203739449427,Europe,0.2532766052409183,5.696906501191832,28.64105428063506,1.6844118268380837,24.78207907735958,3.0760247467090363
Sweden,SWE,2021-02-07,416481.0,345456.0,71025.0,36,10180964.0,3.393156090130561,Europe,0.6976254900812929,3.5360109317742405,28.64105428063506,1.6844118268380837,24.78207907735958,3.0760247467090363
Switzerland,CHE,2020-12-28,2755.0,2699.0,2.0,92,8736912.0,0.0308919215393264,Europe,2.289138313399517e-05,10.530036241637777,26.53717600946179,1.3693140275351745,24.78207907735958,3.0760247467090363
Switzerland,CHE,2020-12-29,4449.0,4361.0,5.0,83,8736912.0,0.0499146609236764,Europe,5.722845783498792e-05,9.499924000607994,26.53717600946179,1.3693140275351745,24.78207907735958,3.0760247467090363
Switzerland,CHE,2020-12-30,6120.0,6020.0,6.0,78,8736912.0,0.0689030632333254,Europe,6.867414940198551e-05,8.927639422258116,26.53717600946179,1.3693140275351745,24.78207907735958,3.0760247467090363
Switzerland,CHE,2020-12-31,6373.0,6272.0,7.0,92,8736912.0,0.0717873775082088,Europe,8.011984096898309e-05,10.530036241637777,26.53717600946179,1.3693140275351745,24.78207907735958,3.0760247467090363
Switzerland,CHE,2021-01-01,6380.0,6278.0,8.0,82,8736912.0,0.0718560516576108,Europe,9.156553253598068e-05,9.38546708493802,26.53717600946179,1.3693140275351745,24.78207907735958,3.0760247467090363
Switzerland,CHE,2021-01-02,6383.0,6281.0,8.0,76,8736912.0,0.0718903887323118,Europe,9.156553253598068e-05,8.698725590918164,26.53717600946179,1.3693140275351745,24.78207907735958,3.0760247467090363
Switzerland,CHE,2021-01-03,6384.0,6282.0,8.0,70,8736912.0,0.0719018344238788,Europe,9.156553253598068e-05,8.01198409689831,26.53717600946179,1.3693140275351745,24.78207907735958,3.0760247467090363
Switzerland,CHE,2021-01-04,10047.0,9899.0,9.0,67,8736912.0,0.1133009008217091,Europe,0.00010301122410297826,7.668613349888382,26.53717600946179,1.3693140275351745,24.78207907735958,3.0760247467090363
Switzerland,CHE,2021-01-05,17178.0,16992.0,10.0,51,8736912.0,0.1944851911064229,Europe,0.00011445691566997584,5.837302699168768,26.53717600946179,1.3693140275351745,24.78207907735958,3.0760247467090363
Switzerland,CHE,2021-01-06,23023.0,22663.0,14.0,64,8736912.0,0.2593937079828662,Europe,0.00016023968193796617,7.325242602878454,26.53717600946179,1.3693140275351745,24.78207907735958,3.0760247467090363
Switzerland,CHE,2021-01-07,30243.0,29745.0,20.0,63,8736912.0,0.3404520956603431,Europe,0.00022891383133995168,7.210785687208478,26.53717600946179,1.3693140275351745,24.78207907735958,3.0760247467090363
Switzerland,CHE,2021-01-08,38284.0,37630.0,31.0,65,8736912.0,0.4307013736661191,Europe,0.00035481643857692514,7.439699518548429,26.53717600946179,1.3693140275351745,24.78207907735958,3.0760247467090363
Switzerland,CHE,2021-01-09,40408.0,39750.0,34.0,49,8736912.0,0.454966239788154,Europe,0.0003891535132779179,5.6083888678288165,26.53717600946179,1.3693140275351745,24.78207907735958,3.0760247467090363
Switzerland,CHE,2021-01-10,40441.0,39782.0,35.0,69,8736912.0,0.4553325019182979,Europe,0.00040059920484491546,7.897527181228333,26.53717600946179,1.3693140275351745,24.78207907735958,3.0760247467090363
Switzerland,CHE,2021-01-11,47854.0,47079.0,44.0,58,8736912.0,0.5388517132826792,Europe,0.0005036104289478937,6.638501108858598,26.53717600946179,1.3693140275351745,24.78207907735958,3.0760247467090363
Switzerland,CHE,2021-01-12,58251.0,57351.0,50.0,59,8736912.0,0.6564218570588785,Europe,0.0005722845783498792,6.752958024528574,26.53717600946179,1.3693140275351745,24.78207907735958,3.0760247467090363
Switzerland,CHE,2021-01-13,69342.0,68182.0,177.0,55,8736912.0,0.7803901424210293,Europe,0.0020258874073585727,6.295130361848671,26.53717600946179,1.3693140275351745,24.78207907735958,3.0760247467090363
Switzerland,CHE,2021-01-14,79964.0,78608.0,243.0,59,8736912.0,0.899722922698546,Europe,0.002781303050780413,6.752958024528574,26.53717600946179,1.3693140275351745,24.78207907735958,3.0760247467090363
Switzerland,CHE,2021-01-15,90756.0,89151.0,296.0,49,8736912.0,1.0203948488894017,Europe,0.0033879247038312854,5.6083888678288165,26.53717600946179,1.3693140275351745,24.78207907735958,3.0760247467090363
Switzerland,CHE,2021-01-16,95116.0,93487.0,301.0,65,8736912.0,1.070023367523903,Europe,0.003445153161666273,7.439699518548429,26.53717600946179,1.3693140275351745,24.78207907735958,3.0760247467090363
Switzerland,CHE,2021-01-17,95780.0,94148.0,305.0,51,8736912.0,1.0775889696496888,Europe,0.0034909359279342634,5.837302699168768,26.53717600946179,1.3693140275351745,24.78207907735958,3.0760247467090363
Switzerland,CHE,2021-01-18,108017.0,105519.0,1058.0,37,8736912.0,1.207737928458018,Europe,0.012109541677883445,4.234905879789107,26.53717600946179,1.3693140275351745,24.78207907735958,3.0760247467090363
Switzerland,CHE,2021-01-19,125332.0,121944.0,1761.0,38,8736912.0,1.3957334124459535,Europe,0.020155862849482745,4.349362795459082,26.53717600946179,1.3693140275351745,24.78207907735958,3.0760247467090363
Switzerland,CHE,2021-01-20,145844.0,141378.0,2672.0,62,8736912.0,1.6181689823589844,Europe,0.030582887867017548,7.096328771538502,26.53717600946179,1.3693140275351745,24.78207907735958,3.0760247467090363
Switzerland,CHE,2021-01-21,169122.0,163839.0,3243.0,46,8736912.0,1.8752506606453172,Europe,0.037118377751773166,5.265018120818889,26.53717600946179,1.3693140275351745,24.78207907735958,3.0760247467090363
Switzerland,CHE,2021-01-22,188986.0,182946.0,3731.0,47,8736912.0,2.09394348941594,Europe,0.042703875236467986,5.379475036488865,26.53717600946179,1.3693140275351745,24.78207907735958,3.0760247467090363
Switzerland,CHE,2021-01-23,194829.0,188663.0,3827.0,44,8736912.0,2.1593785081044654,Europe,0.04380266162689976,5.036104289478938,26.53717600946179,1.3693140275351745,24.78207907735958,3.0760247467090363
Switzerland,CHE,2021-01-24,196012.0,189832.0,3839.0,46,8736912.0,2.1727585215462852,Europe,0.043940009925703724,5.265018120818889,26.53717600946179,1.3693140275351745,24.78207907735958,3.0760247467090363
Switzerland,CHE,2021-01-25,213343.0,205553.0,5288.0,49,8736912.0,2.3526962386710544,Europe,0.060524817006283226,5.6083888678288165,26.53717600946179,1.3693140275351745,24.78207907735958,3.0760247467090363
Switzerland,CHE,2021-01-26,238441.0,227790.0,7846.0,32,8736912.0,2.60721408204638,Europe,0.08980289603466304,3.662621301439227,26.53717600946179,1.3693140275351745,24.78207907735958,3.0760247467090363
Switzerland,CHE,2021-01-27,262825.0,249979.0,9826.0,41,8736912.0,2.8611825322264894,Europe,0.11246536533731825,4.69273354246901,26.53717600946179,1.3693140275351745,24.78207907735958,3.0760247467090363
Switzerland,CHE,2021-01-28,289760.0,273925.0,12533.0,34,8736912.0,3.1352610624898136,Europe,0.14344885240918073,3.8915351327791785,26.53717600946179,1.3693140275351745,24.78207907735958,3.0760247467090363
Switzerland,CHE,2021-01-29,307408.0,288763.0,15170.0,42,8736912.0,3.305092233960923,Europe,0.17363114107135336,4.807190458138986,26.53717600946179,1.3693140275351745,24.78207907735958,3.0760247467090363
Switzerland,CHE,2021-01-30,307408.0,288763.0,15170.0,36,8736912.0,3.305092233960923,Europe,0.17363114107135336,4.120448964119131,26.53717600946179,1.3693140275351745,24.78207907735958,3.0760247467090363
Switzerland,CHE,2021-01-31,307408.0,288763.0,15170.0,30,8736912.0,3.305092233960923,Europe,0.17363114107135336,3.433707470099275,26.53717600946179,1.3693140275351745,24.78207907735958,3.0760247467090363
Switzerland,CHE,2021-02-01,323571.0,300587.0,19386.0,27,8736912.0,3.440426091049103,Europe,0.22188617671781516,3.0903367230893477,26.53717600946179,1.3693140275351745,24.78207907735958,3.0760247467090363
Switzerland,CHE,2021-02-02,343188.0,314247.0,25095.0,31,8736912.0,3.5967742378542904,Europe,0.28722962987380435,3.548164385769251,26.53717600946179,1.3693140275351745,24.78207907735958,3.0760247467090363
Switzerland,CHE,2021-02-03,362530.0,327996.0,30425.0,24,8736912.0,3.754141051208939,Europe,0.34823516592590154,2.7469659760794203,26.53717600946179,1.3693140275351745,24.78207907735958,3.0760247467090363
Switzerland,CHE,2021-02-04,383195.0,341393.0,37485.0,19,8736912.0,3.9074789811320065,Europe,0.42904174838890446,2.174681397729541,26.53717600946179,1.3693140275351745,24.78207907735958,3.0760247467090363
Switzerland,CHE,2021-02-05,402770.0,353775.0,44513.0,24,8736912.0,4.04919953411457,Europe,0.5094820687217635,2.7469659760794203,26.53717600946179,1.3693140275351745,24.78207907735958,3.0760247467090363
Switzerland,CHE,2021-02-06,406121.0,355590.0,46042.0,22,8736912.0,4.069973464308671,Europe,0.5269825311277028,2.518052144739469,26.53717600946179,1.3693140275351745,24.78207907735958,3.0760247467090363
Switzerland,CHE,2021-02-07,407317.0,356512.0,46315.0,26,8736912.0,4.080526391933443,Europe,0.5301072049254931,2.9758798074193717,26.53717600946179,1.3693140275351745,24.78207907735958,3.0760247467090363
Switzerland,CHE,2021-02-08,425878.0,366340.0,54835.0,19,8736912.0,4.193014648653895,Europe,0.6276244970763125,2.174681397729541,26.53717600946179,1.3693140275351745,24.78207907735958,3.0760247467090363
Switzerland,CHE,2021-02-09,451410.0,380622.0,65869.0,20,8736912.0,4.3564820156137545,Europe,0.7539162578265639,2.289138313399517,26.53717600946179,1.3693140275351745,24.78207907735958,3.0760247467090363
Switzerland,CHE,2021-02-10,478379.0,397076.0,76039.0,16,8736912.0,4.5448094246571324,Europe,0.8703189410629293,1.8313106507196135,26.53717600946179,1.3693140275351745,24.78207907735958,3.0760247467090363
Switzerland,CHE,2021-02-11,506070.0,413174.0,87263.0,23,8736912.0,4.7290621675026605,Europe,0.9987853832109101,2.6325090604094443,26.53717600946179,1.3693140275351745,24.78207907735958,3.0760247467090363
Syrian Arab Republic,SYR,2021-06-21,108276.0,102319.0,5957.0,4,18489759.0,0.553382010008892,Asia,0.03221783474841397,0.2163359727944534,1.0764436320307544,0.37858795239029347,23.2444639828785,1.6257203533003144
Syrian Arab Republic,SYR,2021-07-09,131221.0,121909.0,9312.0,2,18489759.0,0.6593325526849756,Asia,0.05036301446654875,0.1081679863972267,1.0764436320307544,0.37858795239029347,23.2444639828785,1.6257203533003144
Tajikistan,TJK,2021-05-30,91775.0,79376.0,12399.0,0,9821104.0,0.8082187094241137,Asia,0.12624853580615786,0.0,5.638390057931893,0.027769512747983602,23.2444639828785,1.6257203533003144
Tajikistan,TJK,2021-06-06,97290.0,83743.0,13547.0,0,9821104.0,0.85268417888661,Asia,0.13793764937220906,0.0,5.638390057931893,0.027769512747983602,23.2444639828785,1.6257203533003144
Tajikistan,TJK,2021-06-13,102711.0,89121.0,13590.0,0,9821104.0,0.9074438067247836,Asia,0.13837548202320227,0.0,5.638390057931893,0.027769512747983602,23.2444639828785,1.6257203533003144
Tajikistan,TJK,2021-06-20,132075.0,116341.0,15734.0,0,9821104.0,1.1846020569581588,Asia,0.16020602164481712,0.0,5.638390057931893,0.027769512747983602,23.2444639828785,1.6257203533003144
Tajikistan,TJK,2021-06-27,223648.0,205619.0,18029.0,0,9821104.0,2.0936444619668015,Asia,0.18357406662224532,0.0,5.638390057931893,0.027769512747983602,23.2444639828785,1.6257203533003144
Tajikistan,TJK,2021-07-02,298578.0,280000.0,18578.0,0,9821104.0,2.851003308792983,Asia,0.18916406953841441,0.0,5.638390057931893,0.027769512747983602,23.2444639828785,1.6257203533003144
Tajikistan,TJK,2021-07-04,322907.0,304039.0,18868.0,0,9821104.0,3.0957721250075347,Asia,0.19211689439395002,0.0,5.638390057931893,0.027769512747983602,23.2444639828785,1.6257203533003144
Tajikistan,TJK,2021-07-06,347405.0,328405.0,19000.0,2,9821104.0,3.3438705058005698,Asia,0.19346093881095242,0.20364309348521306,5.638390057931893,0.027769512747983602,23.2444639828785,1.6257203533003144
Tajikistan,TJK,2021-07-07,358885.0,339749.0,19136.0,0,9821104.0,3.4593768684253825,Asia,0.19484571184665186,0.0,5.638390057931893,0.027769512747983602,23.2444639828785,1.6257203533003144
Tajikistan,TJK,2021-07-09,380940.0,361000.0,19940.0,0,9821104.0,3.675757837408096,Asia,0.20303216420475742,0.0,5.638390057931893,0.027769512747983602,23.2444639828785,1.6257203533003144
Tajikistan,TJK,2021-07-11,397694.0,377744.0,19950.0,2,9821104.0,3.8462478352739167,Asia,0.20313398575150005,0.20364309348521306,5.638390057931893,0.027769512747983602,23.2444639828785,1.6257203533003144
Tajikistan,TJK,2021-07-16,442022.0,421832.0,20190.0,1,9821104.0,4.29515867055272,Asia,0.20557770287332258,0.10182154674260653,5.638390057931893,0.027769512747983602,23.2444639828785,1.6257203533003144
Tajikistan,TJK,2021-07-18,452362.0,431058.0,21034.0,0,9821104.0,4.3890992295774485,Asia,0.2141714414183986,0.0,5.638390057931893,0.027769512747983602,23.2444639828785,1.6257203533003144
Tajikistan,TJK,2021-07-21,469356.0,447114.0,22242.0,2,9821104.0,4.552583905027378,Asia,0.22647148426490543,0.20364309348521306,5.638390057931893,0.027769512747983602,23.2444639828785,1.6257203533003144
Tajikistan,TJK,2021-07-25,492066.0,462542.0,29524.0,0,9821104.0,4.709674187341871,Asia,0.3006179346028715,0.0,5.638390057931893,0.027769512747983602,23.2444639828785,1.6257203533003144
Tajikistan,TJK,2021-07-28,564922.0,524472.0,40450.0,1,9821104.0,5.340255026318833,Asia,0.41186815657384346,0.10182154674260653,5.638390057931893,0.027769512747983602,23.2444639828785,1.6257203533003144
Tajikistan,TJK,2021-08-01,806815.0,750514.0,56301.0,0,9821104.0,7.64184963319806,Asia,0.5732654903155491,0.0,5.638390057931893,0.027769512747983602,23.2444639828785,1.6257203533003144
Tajikistan,TJK,2021-08-04,1094058.0,1013808.0,80250.0,0,9821104.0,10.322749866002844,Asia,0.8171179126094174,0.0,5.638390057931893,0.027769512747983602,23.2444639828785,1.6257203533003144
United Republic of Tanzania,TZA,2021-08-08,105745.0,105745.0,105745.0,0,62099887.0,0.1702821133957941,Africa,0.1702821133957941,0.0,0.6004996434212513,0.0,6.7162313205294755,1.7302538308583773
United Republic of Tanzania,TZA,2021-08-16,218621.0,218621.0,218621.0,0,62099887.0,0.3520473394742248,Africa,0.3520473394742248,0.0,0.6004996434212513,0.0,6.7162313205294755,1.7302538308583773
United Republic of Tanzania,TZA,2021-08-28,304603.0,304603.0,304603.0,0,62099887.0,0.4905049183100768,Africa,0.4905049183100768,0.0,0.6004996434212513,0.0,6.7162313205294755,1.7302538308583773
United Republic of Tanzania,TZA,2021-09-11,350000.0,350000.0,350000.0,0,62099887.0,0.5636081109133096,Africa,0.5636081109133096,0.0,0.6004996434212513,0.0,6.7162313205294755,1.7302538308583773
Thailand,THA,2021-03-24,102050.0,96188.0,5862.0,0,70002154.0,0.1374072003555776,Asia,0.008374028033480228,0.0,8.628381302151615,1.2524411053056121,23.2444639828785,1.6257203533003144
Thailand,THA,2021-03-30,180477.0,151413.0,29064.0,0,70002154.0,0.2162976299272162,Asia,0.041518722409598995,0.0,8.628381302151615,1.2524411053056121,23.2444639828785,1.6257203533003144
Thailand,THA,2021-04-01,204642.0,167235.0,37407.0,0,70002154.0,0.2388997915692708,Asia,0.05343692709798615,0.0,8.628381302151615,1.2524411053056121,23.2444639828785,1.6257203533003144
Thailand,THA,2021-04-02,231882.0,189666.0,42216.0,0,70002154.0,0.2709430912654487,Asia,0.06030671570477675,0.0,8.628381302151615,1.2524411053056121,23.2444639828785,1.6257203533003144
Thailand,THA,2021-04-03,244254.0,201864.0,42390.0,1,70002154.0,0.2883682693535401,Asia,0.06055527948468557,0.014285274707404004,8.628381302151615,1.2524411053056121,23.2444639828785,1.6257203533003144
Thailand,THA,2021-04-04,257484.0,213948.0,43536.0,0,70002154.0,0.3056305953099671,Asia,0.06219237196615407,0.0,8.628381302151615,1.2524411053056121,23.2444639828785,1.6257203533003144
Thailand,THA,2021-04-05,294881.0,247850.0,47031.0,0,70002154.0,0.3540605336230082,Asia,0.06718507547639177,0.0,8.628381302151615,1.2524411053056121,23.2444639828785,1.6257203533003144
Thailand,THA,2021-04-06,323989.0,274354.0,49635.0,0,70002154.0,0.3919222257075118,Asia,0.07090496101019977,0.0,8.628381302151615,1.2524411053056121,23.2444639828785,1.6257203533003144
Thailand,THA,2021-04-07,391752.0,336808.0,54944.0,0,70002154.0,0.4811394803651327,Asia,0.07848901335236055,0.0,8.628381302151615,1.2524411053056121,23.2444639828785,1.6257203533003144
Thailand,THA,2021-04-08,466374.0,405911.0,60463.0,0,70002154.0,0.5798550141757066,Asia,0.08637305646337683,0.0,8.628381302151615,1.2524411053056121,23.2444639828785,1.6257203533003144
Thailand,THA,2021-04-09,537380.0,470301.0,67079.0,1,70002154.0,0.671837898016681,Asia,0.09582419420979531,0.014285274707404004,8.628381302151615,1.2524411053056121,23.2444639828785,1.6257203533003144
Thailand,THA,2021-04-10,555396.0,485957.0,69439.0,1,70002154.0,0.6942029240985927,Asia,0.09919551904074267,0.014285274707404004,8.628381302151615,1.2524411053056121,23.2444639828785,1.6257203533003144
Thailand,THA,2021-04-11,570052.0,498791.0,71261.0,0,70002154.0,0.712536645658075,Asia,0.10179829609243167,0.0,8.628381302151615,1.2524411053056121,23.2444639828785,1.6257203533003144
Thailand,THA,2021-04-12,578532.0,505215.0,73317.0,0,70002154.0,0.7217135061301114,Asia,0.10473534857227394,0.0,8.628381302151615,1.2524411053056121,23.2444639828785,1.6257203533003144
Thailand,THA,2021-04-13,579305.0,505744.0,73561.0,0,70002154.0,0.7224691971621331,Asia,0.10508390927513458,0.0,8.628381302151615,1.2524411053056121,23.2444639828785,1.6257203533003144
Thailand,THA,2021-04-15,586032.0,510456.0,75576.0,0,70002154.0,0.7292004186042619,Asia,0.1079623921286765,0.0,8.628381302151615,1.2524411053056121,23.2444639828785,1.6257203533003144
Thailand,THA,2021-04-16,605259.0,523830.0,81429.0,0,70002154.0,0.7483055449979439,Asia,0.11632356341492008,0.0,8.628381302151615,1.2524411053056121,23.2444639828785,1.6257203533003144
Thailand,THA,2021-04-17,608521.0,526706.0,81815.0,2,70002154.0,0.7524139900037933,Asia,0.11687497501862586,0.028570549414808008,8.628381302151615,1.2524411053056121,23.2444639828785,1.6257203533003144
Thailand,THA,2021-04-18,618583.0,535925.0,82658.0,2,70002154.0,0.7655835847565491,Asia,0.11807922367646001,0.028570549414808008,8.628381302151615,1.2524411053056121,23.2444639828785,1.6257203533003144
Thailand,THA,2021-04-19,666210.0,571825.0,94385.0,3,70002154.0,0.8168677209561295,Asia,0.13483156532583268,0.04285582412221201,8.628381302151615,1.2524411053056121,23.2444639828785,1.6257203533003144
Thailand,THA,2021-04-20,712610.0,604947.0,107663.0,4,70002154.0,0.864183407841993,Asia,0.15379955308232374,0.057141098829616016,8.628381302151615,1.2524411053056121,23.2444639828785,1.6257203533003144
Thailand,THA,2021-04-21,864840.0,746617.0,118223.0,2,70002154.0,1.0665628946217856,Asia,0.16888480317334237,0.028570549414808008,8.628381302151615,1.2524411053056121,23.2444639828785,1.6257203533003144
Thailand,THA,2021-04-22,964825.0,834082.0,130743.0,7,70002154.0,1.1915090498500946,Asia,0.18676996710701216,0.09999692295182802,8.628381302151615,1.2524411053056121,23.2444639828785,1.6257203533003144
Thailand,THA,2021-04-23,1095445.0,934449.0,160996.0,4,70002154.0,1.3348860665058964,Asia,0.22998720867932151,0.057141098829616016,8.628381302151615,1.2524411053056121,23.2444639828785,1.6257203533003144
Thailand,THA,2021-04-24,1124153.0,949124.0,175029.0,8,70002154.0,1.3558497071390117,Asia,0.25003373467622153,0.11428219765923203,8.628381302151615,1.2524411053056121,23.2444639828785,1.6257203533003144
Thailand,THA,2021-04-25,1149666.0,972204.0,177462.0,11,70002154.0,1.3888201211637003,Asia,0.25350934201253295,0.15713802178144404,8.628381302151615,1.2524411053056121,23.2444639828785,1.6257203533003144
Thailand,THA,2021-04-26,1227032.0,1012388.0,214644.0,8,70002154.0,1.4462240690479324,Asia,0.30662485042960247,0.11428219765923203,8.628381302151615,1.2524411053056121,23.2444639828785,1.6257203533003144
Thailand,THA,2021-04-27,1279713.0,1038960.0,240753.0,15,70002154.0,1.4841829010004464,Asia,0.34392227416316357,0.21427912061106005,8.628381302151615,1.2524411053056121,23.2444639828785,1.6257203533003144
Thailand,THA,2021-04-28,1344646.0,1059721.0,284925.0,15,70002154.0,1.5138405598204878,Asia,0.4070231896007086,0.21427912061106005,8.628381302151615,1.2524411053056121,23.2444639828785,1.6257203533003144
Thailand,THA,2021-04-29,1411614.0,1075756.0,335858.0,10,70002154.0,1.5367469978138102,Asia,0.47978237926792944,0.14285274707404005,8.628381302151615,1.2524411053056121,23.2444639828785,1.6257203533003144
Thailand,THA,2021-04-30,1477078.0,1095230.0,381848.0,15,70002154.0,1.5645661417790089,Asia,0.5454803576472804,0.21427912061106005,8.628381302151615,1.2524411053056121,23.2444639828785,1.6257203533003144
Thailand,THA,2021-05-01,1484565.0,1097862.0,386703.0,21,70002154.0,1.5683260260819971,Asia,0.5524158585177251,0.2999907688554841,8.628381302151615,1.2524411053056121,23.2444639828785,1.6257203533003144
Thailand,THA,2021-05-02,1486907.0,1099460.0,387447.0,21,70002154.0,1.5706088129802405,Asia,0.5534786829559559,0.2999907688554841,8.628381302151615,1.2524411053056121,23.2444639828785,1.6257203533003144
Thailand,THA,2021-05-03,1498617.0,1106071.0,392546.0,31,70002154.0,1.5800528080893057,Asia,0.5607627445292612,0.4428435159295241,8.628381302151615,1.2524411053056121,23.2444639828785,1.6257203533003144
Thailand,THA,2021-05-04,1573075.0,1150564.0,422511.0,27,70002154.0,1.6436122808449578,Asia,0.6035685701899973,0.3857024170999081,8.628381302151615,1.2524411053056121,23.2444639828785,1.6257203533003144
Thailand,THA,2021-05-05,1601833.0,1167719.0,434114.0,15,70002154.0,1.6681186696055097,Asia,0.6201437744329982,0.21427912061106005,8.628381302151615,1.2524411053056121,23.2444639828785,1.6257203533003144
Thailand,THA,2021-05-06,1651782.0,1201258.0,450524.0,18,70002154.0,1.716030052446672,Asia,0.6435859102278482,0.25713494473327203,8.628381302151615,1.2524411053056121,23.2444639828785,1.6257203533003144
Thailand,THA,2021-05-07,1730488.0,1262703.0,467785.0,27,70002154.0,1.8038059228863157,Asia,0.6682437229002982,0.3857024170999081,8.628381302151615,1.2524411053056121,23.2444639828785,1.6257203533003144
Thailand,THA,2021-05-08,1743720.0,1273666.0,470054.0,19,70002154.0,1.8194668695480427,Asia,0.6714850517314082,0.27142021944067607,8.628381302151615,1.2524411053056121,23.2444639828785,1.6257203533003144
Thailand,THA,2021-05-09,1809894.0,1296440.0,513454.0,17,70002154.0,1.8520001541666848,Asia,0.7334831439615416,0.24284967002586808,8.628381302151615,1.2524411053056121,23.2444639828785,1.6257203533003144
Thailand,THA,2021-05-10,1898454.0,1365992.0,532462.0,22,70002154.0,1.951357096811621,Asia,0.7606365941253751,0.3142760435628881,8.628381302151615,1.2524411053056121,23.2444639828785,1.6257203533003144
Thailand,THA,2021-05-11,1935565.0,1372013.0,563552.0,31,70002154.0,1.9599582607129489,Asia,0.8050495131906942,0.4428435159295241,8.628381302151615,1.2524411053056121,23.2444639828785,1.6257203533003144
Thailand,THA,2021-05-12,2040363.0,1395130.0,645233.0,34,70002154.0,1.9929815302540548,Asia,0.9217330655282407,0.48569934005173615,8.628381302151615,1.2524411053056121,23.2444639828785,1.6257203533003144
Togo,TGO,2021-05-31,311938.0,270784.0,41154.0,0,8546489.0,3.1683653954272915,Africa,0.48153107082920243,0.0,2.836737011732732,0.06825414896495313,6.7162313205294755,1.7302538308583773
Togo,TGO,2021-06-08,318666.0,270784.0,47882.0,0,8546489.0,3.1683653954272915,Africa,0.5602534561268375,0.0,2.836737011732732,0.06825414896495313,6.7162313205294755,1.7302538308583773
Togo,TGO,2021-06-10,347246.0,270784.0,76462.0,1,8546489.0,3.1683653954272915,Africa,0.8946597836842709,0.11700711251134822,2.836737011732732,0.06825414896495313,6.7162313205294755,1.7302538308583773
Trinidad and Tobago,TTO,2021-05-04,51479.0,51283.0,196.0,3,1404745.0,3.6506981694186487,North America,0.013952710278377925,2.1356189201598865,17.376406313148394,5.961936152113017,25.330161870977133,2.7121448645862953
Trinidad and Tobago,TTO,2021-05-05,55547.0,55259.0,288.0,5,1404745.0,3.933738863637173,North America,0.02050194163353491,3.5593648669331444,17.376406313148394,5.961936152113017,25.330161870977133,2.7121448645862953
Trinidad and Tobago,TTO,2021-05-06,58224.0,57744.0,480.0,6,1404745.0,4.1106392975237505,North America,0.03416990272255819,4.271237840319773,17.376406313148394,5.961936152113017,25.330161870977133,2.7121448645862953
Trinidad and Tobago,TTO,2021-05-07,59586.0,58981.0,605.0,4,1404745.0,4.198697984331676,North America,0.043068314889891046,2.847491893546515,17.376406313148394,5.961936152113017,25.330161870977133,2.7121448645862953
Trinidad and Tobago,TTO,2021-05-08,60732.0,59786.0,946.0,2,1404745.0,4.2560037586893,North America,0.06734318328237508,1.4237459467732576,17.376406313148394,5.961936152113017,25.330161870977133,2.7121448645862953
Trinidad and Tobago,TTO,2021-05-09,61120.0,60174.0,946.0,5,1404745.0,4.2836244300567,North America,0.06734318328237508,3.5593648669331444,17.376406313148394,5.961936152113017,25.330161870977133,2.7121448645862953
Trinidad and Tobago,TTO,2021-05-10,61345.0,60245.0,1100.0,7,1404745.0,4.288678728167746,North America,0.07830602707252918,4.983110813706403,17.376406313148394,5.961936152113017,25.330161870977133,2.7121448645862953
Trinidad and Tobago,TTO,2021-05-11,61666.0,60487.0,1179.0,8,1404745.0,4.305906054123702,North America,0.08392982356228354,5.69498378709303,17.376406313148394,5.961936152113017,25.330161870977133,2.7121448645862953
Trinidad and Tobago,TTO,2021-05-12,61764.0,60585.0,1179.0,4,1404745.0,4.312882409262891,North America,0.08392982356228354,2.847491893546515,17.376406313148394,5.961936152113017,25.330161870977133,2.7121448645862953
Trinidad and Tobago,TTO,2021-05-13,61824.0,60645.0,1179.0,9,1404745.0,4.31715364710321,North America,0.08392982356228354,6.40685676047966,17.376406313148394,5.961936152113017,25.330161870977133,2.7121448645862953
Trinidad and Tobago,TTO,2021-05-14,61848.0,60669.0,1179.0,11,1404745.0,4.318862142239339,North America,0.08392982356228354,7.830602707252917,17.376406313148394,5.961936152113017,25.330161870977133,2.7121448645862953
Trinidad and Tobago,TTO,2021-05-15,61850.0,60671.0,1179.0,21,1404745.0,4.319004516834016,North America,0.08392982356228354,14.949332441119205,17.376406313148394,5.961936152113017,25.330161870977133,2.7121448645862953
Trinidad and Tobago,TTO,2021-05-16,61850.0,60671.0,1179.0,9,1404745.0,4.319004516834016,North America,0.08392982356228354,6.40685676047966,17.376406313148394,5.961936152113017,25.330161870977133,2.7121448645862953
Trinidad and Tobago,TTO,2021-05-17,61850.0,60671.0,1179.0,11,1404745.0,4.319004516834016,North America,0.08392982356228354,7.830602707252917,17.376406313148394,5.961936152113017,25.330161870977133,2.7121448645862953
Trinidad and Tobago,TTO,2021-05-18,62985.0,61806.0,1179.0,9,1404745.0,4.399802099313399,North America,0.08392982356228354,6.40685676047966,17.376406313148394,5.961936152113017,25.330161870977133,2.7121448645862953
Trinidad and Tobago,TTO,2021-05-19,62985.0,61806.0,1179.0,9,1404745.0,4.399802099313399,North America,0.08392982356228354,6.40685676047966,17.376406313148394,5.961936152113017,25.330161870977133,2.7121448645862953
Trinidad and Tobago,TTO,2021-05-20,62985.0,61806.0,1179.0,23,1404745.0,4.399802099313399,North America,0.08392982356228354,16.373078387892463,17.376406313148394,5.961936152113017,25.330161870977133,2.7121448645862953
Trinidad and Tobago,TTO,2021-05-21,63539.0,62360.0,1179.0,14,1404745.0,4.439239862039018,North America,0.08392982356228354,9.966221627412805,17.376406313148394,5.961936152113017,25.330161870977133,2.7121448645862953
Trinidad and Tobago,TTO,2021-05-22,65818.0,64639.0,1179.0,10,1404745.0,4.60147571267383,North America,0.08392982356228354,7.118729733866289,17.376406313148394,5.961936152113017,25.330161870977133,2.7121448645862953
Trinidad and Tobago,TTO,2021-05-23,67478.0,66299.0,1179.0,7,1404745.0,4.7196466262560115,North America,0.08392982356228354,4.983110813706403,17.376406313148394,5.961936152113017,25.330161870977133,2.7121448645862953
Trinidad and Tobago,TTO,2021-05-24,68503.0,67324.0,1179.0,17,1404745.0,4.792613606028141,North America,0.08392982356228354,12.101840547572692,17.376406313148394,5.961936152113017,25.330161870977133,2.7121448645862953
Trinidad and Tobago,TTO,2021-05-25,73299.0,72120.0,1179.0,10,1404745.0,5.134027884064367,North America,0.08392982356228354,7.118729733866289,17.376406313148394,5.961936152113017,25.330161870977133,2.7121448645862953
Trinidad and Tobago,TTO,2021-05-26,76765.0,75586.0,1179.0,15,1404745.0,5.380763056640173,North America,0.08392982356228354,10.678094600799433,17.376406313148394,5.961936152113017,25.330161870977133,2.7121448645862953
Trinidad and Tobago,TTO,2021-05-27,79461.0,78282.0,1179.0,18,1404745.0,5.572684010265208,North America,0.08392982356228354,12.81371352095932,17.376406313148394,5.961936152113017,25.330161870977133,2.7121448645862953
Trinidad and Tobago,TTO,2021-05-28,86079.0,84900.0,1179.0,17,1404745.0,6.04380154405248,North America,0.08392982356228354,12.101840547572692,17.376406313148394,5.961936152113017,25.330161870977133,2.7121448645862953
Trinidad and Tobago,TTO,2021-05-29,92044.0,90865.0,1179.0,15,1404745.0,6.468433772677604,North America,0.08392982356228354,10.678094600799433,17.376406313148394,5.961936152113017,25.330161870977133,2.7121448645862953
Trinidad and Tobago,TTO,2021-05-30,94472.0,93293.0,1179.0,18,1404745.0,6.641276530615876,North America,0.08392982356228354,12.81371352095932,17.376406313148394,5.961936152113017,25.330161870977133,2.7121448645862953
Trinidad and Tobago,TTO,2021-05-31,95850.0,94671.0,1179.0,12,1404745.0,6.739372626348554,North America,0.08392982356228354,8.542475680639546,17.376406313148394,5.961936152113017,25.330161870977133,2.7121448645862953
Trinidad and Tobago,TTO,2021-06-01,99738.0,98559.0,1179.0,9,1404745.0,7.016148838401276,North America,0.08392982356228354,6.40685676047966,17.376406313148394,5.961936152113017,25.330161870977133,2.7121448645862953
Trinidad and Tobago,TTO,2021-06-02,105065.0,103886.0,1179.0,16,1404745.0,7.395363571324333,North America,0.08392982356228354,11.38996757418606,17.376406313148394,5.961936152113017,25.330161870977133,2.7121448645862953
Trinidad and Tobago,TTO,2021-06-03,107766.0,106587.0,1179.0,12,1404745.0,7.587640461436061,North America,0.08392982356228354,8.542475680639546,17.376406313148394,5.961936152113017,25.330161870977133,2.7121448645862953
Trinidad and Tobago,TTO,2021-06-04,111289.0,110110.0,1179.0,16,1404745.0,7.838433309960171,North America,0.08392982356228354,11.38996757418606,17.376406313148394,5.961936152113017,25.330161870977133,2.7121448645862953
Trinidad and Tobago,TTO,2021-06-05,115340.0,114161.0,1179.0,14,1404745.0,8.126813051479093,North America,0.08392982356228354,9.966221627412805,17.376406313148394,5.961936152113017,25.330161870977133,2.7121448645862953
Trinidad and Tobago,TTO,2021-06-06,119756.0,118577.0,1179.0,19,1404745.0,8.441176156526629,North America,0.08392982356228354,13.52558649434595,17.376406313148394,5.961936152113017,25.330161870977133,2.7121448645862953
Trinidad and Tobago,TTO,2021-06-07,125344.0,123016.0,2328.0,8,1404745.0,8.757176569412954,North America,0.1657240282044072,5.69498378709303,17.376406313148394,5.961936152113017,25.330161870977133,2.7121448645862953
Trinidad and Tobago,TTO,2021-06-08,132926.0,129437.0,3489.0,13,1404745.0,9.214270205624508,North America,0.24837248041459484,9.254348654026176,17.376406313148394,5.961936152113017,25.330161870977133,2.7121448645862953
Trinidad and Tobago,TTO,2021-06-09,142493.0,136597.0,5896.0,12,1404745.0,9.723971254569337,North America,0.4197203051087564,8.542475680639546,17.376406313148394,5.961936152113017,25.330161870977133,2.7121448645862953
Trinidad and Tobago,TTO,2021-06-10,151659.0,144502.0,7157.0,10,1404745.0,10.286706840031464,North America,0.5094874870528103,7.118729733866289,17.376406313148394,5.961936152113017,25.330161870977133,2.7121448645862953
Trinidad and Tobago,TTO,2021-06-11,159709.0,150213.0,9496.0,17,1404745.0,10.693257495132569,North America,0.6759945755279428,12.101840547572692,17.376406313148394,5.961936152113017,25.330161870977133,2.7121448645862953
Trinidad and Tobago,TTO,2021-06-12,164033.0,153983.0,10050.0,14,1404745.0,10.961633606099328,North America,0.715432338253562,9.966221627412805,17.376406313148394,5.961936152113017,25.330161870977133,2.7121448645862953
Trinidad and Tobago,TTO,2021-06-13,170164.0,158515.0,11649.0,14,1404745.0,11.284254437638149,North America,0.829260826698084,9.966221627412805,17.376406313148394,5.961936152113017,25.330161870977133,2.7121448645862953
Tunisia,TUN,2021-04-07,112254.0,108266.0,3988.0,46,11974742.0,0.9041196879231302,Africa,0.03330343150608172,3.8414188798389137,11.929254050414851,6.061627027378662,6.7162313205294755,1.7302538308583773
Tunisia,TUN,2021-04-08,124779.0,119919.0,4860.0,48,11974742.0,1.0014328492421798,Africa,0.04058542555655896,4.008437092005823,11.929254050414851,6.061627027378662,6.7162313205294755,1.7302538308583773
Tunisia,TUN,2021-04-09,130374.0,125395.0,4979.0,49,11974742.0,1.0471624357334797,Africa,0.04157918391895207,4.0919461980892775,11.929254050414851,6.061627027378662,6.7162313205294755,1.7302538308583773
Tunisia,TUN,2021-04-10,142932.0,134901.0,8031.0,43,11974742.0,1.1265461919764117,Africa,0.06706616309562244,3.5908915615885504,11.929254050414851,6.061627027378662,6.7162313205294755,1.7302538308583773
Tunisia,TUN,2021-04-11,154647.0,146284.0,8363.0,56,11974742.0,1.221604607431208,Africa,0.06983866541759312,4.676509940673461,11.929254050414851,6.061627027378662,6.7162313205294755,1.7302538308583773
Tunisia,TUN,2021-04-12,166093.0,157617.0,8476.0,58,11974742.0,1.3162454773555872,Africa,0.07078231831633616,4.84352815284037,11.929254050414851,6.061627027378662,6.7162313205294755,1.7302538308583773
Tunisia,TUN,2021-04-13,175439.0,166959.0,8480.0,39,11974742.0,1.394259684258751,Africa,0.07081572195876955,3.2568551372547314,11.929254050414851,6.061627027378662,6.7162313205294755,1.7302538308583773
Tunisia,TUN,2021-04-14,183025.0,174534.0,8491.0,64,11974742.0,1.4575178321169675,Africa,0.07090758197546135,5.344582789341098,11.929254050414851,6.061627027378662,6.7162313205294755,1.7302538308583773
Tunisia,TUN,2021-04-15,191625.0,180829.0,10796.0,84,11974742.0,1.5100868143965025,Africa,0.09015643092769765,7.014764911010191,11.929254050414851,6.061627027378662,6.7162313205294755,1.7302538308583773
Tunisia,TUN,2021-04-18,225900.0,192881.0,33019.0,78,11974742.0,1.610731989048282,Africa,0.27573871737695893,6.513710274509463,11.929254050414851,6.061627027378662,6.7162313205294755,1.7302538308583773
Tunisia,TUN,2021-04-19,239398.0,197437.0,41961.0,66,11974742.0,1.648778737779904,Africa,0.35041256003678406,5.511601001508008,11.929254050414851,6.061627027378662,6.7162313205294755,1.7302538308583773
Tunisia,TUN,2021-04-20,252672.0,204975.0,47697.0,42,11974742.0,1.711727901945612,Africa,0.39831338328625365,3.5073824555050956,11.929254050414851,6.061627027378662,6.7162313205294755,1.7302538308583773
Tunisia,TUN,2021-04-21,265365.0,214150.0,51215.0,93,11974742.0,1.7883475067771817,Africa,0.427691886806413,7.766346865761283,11.929254050414851,6.061627027378662,6.7162313205294755,1.7302538308583773
Tunisia,TUN,2021-04-22,279890.0,225834.0,54056.0,75,11974742.0,1.8859195463250895,Africa,0.45141682384472254,6.2631829562591,11.929254050414851,6.061627027378662,6.7162313205294755,1.7302538308583773
Tunisia,TUN,2021-04-23,293073.0,235977.0,57096.0,70,11974742.0,1.970622832625538,Africa,0.47680359209409273,5.845637425841827,11.929254050414851,6.061627027378662,6.7162313205294755,1.7302538308583773
Tunisia,TUN,2021-04-24,306612.0,244387.0,62225.0,107,11974742.0,2.0408539908417236,Africa,0.5196354126042966,8.935474350929647,11.929254050414851,6.061627027378662,6.7162313205294755,1.7302538308583773
Tunisia,TUN,2021-04-25,320009.0,254096.0,65913.0,61,11974742.0,2.1219329819381496,Africa,0.5504335709278747,5.094055471090734,11.929254050414851,6.061627027378662,6.7162313205294755,1.7302538308583773
Tunisia,TUN,2021-04-26,333000.0,263189.0,69811.0,73,11974742.0,2.197867812099835,Africa,0.5829854204792053,6.0961647440921904,11.929254050414851,6.061627027378662,6.7162313205294755,1.7302538308583773
Tunisia,TUN,2021-04-27,345914.0,271129.0,74785.0,48,11974742.0,2.264174042330098,Africa,0.6245228498451156,4.008437092005823,11.929254050414851,6.061627027378662,6.7162313205294755,1.7302538308583773
Tunisia,TUN,2021-04-28,358746.0,277918.0,80828.0,92,11974742.0,2.3208683744501553,Africa,0.6749874026513473,7.6828377596778274,11.929254050414851,6.061627027378662,6.7162313205294755,1.7302538308583773
Tunisia,TUN,2021-04-30,372083.0,282121.0,89962.0,78,11974742.0,2.355967251737031,Africa,0.7512646201479748,6.513710274509463,11.929254050414851,6.061627027378662,6.7162313205294755,1.7302538308583773
Tunisia,TUN,2021-05-01,400364.0,305484.0,94880.0,81,11974742.0,2.5510695762798066,Africa,0.7923343985198178,6.764237592759827,11.929254050414851,6.061627027378662,6.7162313205294755,1.7302538308583773
Tunisia,TUN,2021-05-02,415801.0,314357.0,101444.0,86,11974742.0,2.6251672061076556,Africa,0.8471497757529974,7.181783123177101,11.929254050414851,6.061627027378662,6.7162313205294755,1.7302538308583773
Tunisia,TUN,2021-05-03,424485.0,320652.0,103833.0,60,11974742.0,2.67773618838719,Africa,0.8671001011963348,5.010546365007279,11.929254050414851,6.061627027378662,6.7162313205294755,1.7302538308583773
Tunisia,TUN,2021-05-04,432878.0,325740.0,107138.0,47,11974742.0,2.720225621562452,Africa,0.8946998607569164,3.9249279859223685,11.929254050414851,6.061627027378662,6.7162313205294755,1.7302538308583773
Tunisia,TUN,2021-05-05,444490.0,330794.0,113696.0,101,11974742.0,2.76243112377703,Africa,0.949465132526446,8.43441971442892,11.929254050414851,6.061627027378662,6.7162313205294755,1.7302538308583773
Turkey,TUR,2021-02-12,3404354.0,3067822.0,336532.0,94,85298137.0,3.5965873439885323,Asia,0.39453616671604447,1.1020170346745088,23.775568666093296,1.924552986587802,23.2444639828785,1.6257203533003144
Turkey,TUR,2021-02-13,3709896.0,3253005.0,456891.0,97,85298137.0,3.813688216895054,Asia,0.5356400691377351,1.137187791100291,23.775568666093296,1.924552986587802,23.2444639828785,1.6257203533003144
Turkey,TUR,2021-02-14,3825101.0,3336164.0,488937.0,93,85298137.0,3.911180381348774,Asia,0.5732094711517557,1.090293449199248,23.775568666093296,1.924552986587802,23.2444639828785,1.6257203533003144
Turkey,TUR,2021-02-15,4182027.0,3608148.0,573879.0,94,85298137.0,4.230043148539106,Asia,0.6727919508957153,1.1020170346745088,23.775568666093296,1.924552986587802,23.2444639828785,1.6257203533003144
Turkey,TUR,2021-02-16,4630784.0,3984622.0,646162.0,91,85298137.0,4.671405660360437,Asia,0.7575335437865425,1.0668462782487267,23.775568666093296,1.924552986587802,23.2444639828785,1.6257203533003144
Turkey,TUR,2021-02-17,5223602.0,4477432.0,746170.0,90,85298137.0,5.249155676166761,Asia,0.8747787774075301,1.0551226927734658,23.775568666093296,1.924552986587802,23.2444639828785,1.6257203533003144
Turkmenistan,TKM,2021-02-28,51746.0,32240.0,19506.0,0,6147312.0,0.5244568683027638,Asia,0.31730941914124416,0.0,26.23738635683369,0.0,23.2444639828785,1.6257203533003144
Uganda,UGA,2021-05-22,513338.0,511064.0,2274.0,0,47596722.0,1.0737378090869367,Africa,0.004777639939153792,0.0,0.5322614443910655,0.08403940086462258,6.7162313205294755,1.7302538308583773
Uganda,UGA,2021-05-23,530653.0,527917.0,2736.0,0,47596722.0,1.1091457096562238,Africa,0.005748295019140184,0.0,0.5322614443910655,0.08403940086462258,6.7162313205294755,1.7302538308583773
Uganda,UGA,2021-05-24,541569.0,537440.0,4129.0,6,47596722.0,1.1291533900170687,Africa,0.008674967154250665,0.12605910129693385,0.5322614443910655,0.08403940086462258,6.7162313205294755,1.7302538308583773
Uganda,UGA,2021-08-20,1163451.0,901900.0,242310.0,14,47596722.0,1.8948783909950777,Africa,0.5090896805876673,0.29413790302617904,0.5322614443910655,0.08403940086462258,6.7162313205294755,1.7302538308583773
Uganda,UGA,2021-09-01,1436264.0,1030447.0,366658.0,6,47596722.0,2.1649537125686935,Africa,0.7703429660555196,0.12605910129693385,0.5322614443910655,0.08403940086462258,6.7162313205294755,1.7302538308583773
Uganda,UGA,2021-09-22,2058553.0,1643067.0,415486.0,0,47596722.0,3.45205915651082,Africa,0.8729298626909644,0.0,0.5322614443910655,0.08403940086462258,6.7162313205294755,1.7302538308583773
Uganda,UGA,2021-10-07,2615807.0,2200321.0,415486.0,5,47596722.0,4.62284146374618,Africa,0.8729298626909644,0.10504925108077821,0.5322614443910655,0.08403940086462258,6.7162313205294755,1.7302538308583773
Uganda,UGA,2021-10-14,2793657.0,2378171.0,415486.0,0,47596722.0,4.996501649840508,Africa,0.8729298626909644,0.0,0.5322614443910655,0.08403940086462258,6.7162313205294755,1.7302538308583773
Uganda,UGA,2021-10-21,2990507.0,2575021.0,415486.0,5,47596722.0,5.410080551345532,Africa,0.8729298626909644,0.10504925108077821,0.5322614443910655,0.08403940086462258,6.7162313205294755,1.7302538308583773
Ukraine,UKR,2021-03-17,92714.0,92713.0,1.0,289,43377411.0,0.2137356699319837,Europe,2.305347361556456e-06,6.6624538748981585,4.8909025957329435,3.6530060294569826,24.78207907735958,3.0760247467090363
Ukraine,UKR,2021-03-19,104342.0,104341.0,1.0,262,43377411.0,0.2405422490521622,Europe,2.305347361556456e-06,6.040010087277915,4.8909025957329435,3.6530060294569826,24.78207907735958,3.0760247467090363
Ukraine,UKR,2021-03-20,108310.0,108309.0,1.0,260,43377411.0,0.2496898673828182,Europe,2.305347361556456e-06,5.993903140046786,4.8909025957329435,3.6530060294569826,24.78207907735958,3.0760247467090363
Ukraine,UKR,2021-03-21,111025.0,111024.0,1.0,166,43377411.0,0.255948885469444,Europe,2.305347361556456e-06,3.826876620183717,4.8909025957329435,3.6530060294569826,24.78207907735958,3.0760247467090363
Ukraine,UKR,2021-03-22,121929.0,121928.0,1.0,157,43377411.0,0.2810863930998555,Europe,2.305347361556456e-06,3.6193953576436364,4.8909025957329435,3.6530060294569826,24.78207907735958,3.0760247467090363
Ukraine,UKR,2021-03-23,155587.0,155586.0,1.0,333,43377411.0,0.3586797745951228,Europe,2.305347361556456e-06,7.676806713983,4.8909025957329435,3.6530060294569826,24.78207907735958,3.0760247467090363
Ukraine,UKR,2021-03-25,192264.0,192263.0,1.0,362,43377411.0,0.4432329997749289,Europe,2.305347361556456e-06,8.345357448834372,4.8909025957329435,3.6530060294569826,24.78207907735958,3.0760247467090363
Ukraine,UKR,2021-03-28,198465.0,198464.0,1.0,203,43377411.0,0.4575284587639405,Europe,2.305347361556456e-06,4.679855143959607,4.8909025957329435,3.6530060294569826,24.78207907735958,3.0760247467090363
Ukraine,UKR,2021-03-29,212898.0,212896.0,2.0,178,43377411.0,0.4907992318859233,Europe,4.610694723112912e-06,4.103518303570492,4.8909025957329435,3.6530060294569826,24.78207907735958,3.0760247467090363
Ukraine,UKR,2021-03-30,231566.0,231564.0,2.0,286,43377411.0,0.5338354564314592,Europe,4.610694723112912e-06,6.593293454051465,4.8909025957329435,3.6530060294569826,24.78207907735958,3.0760247467090363
Ukraine,UKR,2021-03-31,248736.0,248734.0,2.0,407,43377411.0,0.5734182706293836,Europe,4.610694723112912e-06,9.382763761534775,4.8909025957329435,3.6530060294569826,24.78207907735958,3.0760247467090363
Ukraine,UKR,2021-04-01,267835.0,267833.0,2.0,421,43377411.0,0.6174480998877504,Europe,4.610694723112912e-06,9.70551239215268,4.8909025957329435,3.6530060294569826,24.78207907735958,3.0760247467090363
Ukraine,UKR,2021-04-02,286647.0,286645.0,2.0,433,43377411.0,0.6608162944533504,Europe,4.610694723112912e-06,9.982154075539455,4.8909025957329435,3.6530060294569826,24.78207907735958,3.0760247467090363
Ukraine,UKR,2021-04-04,291826.0,291824.0,2.0,258,43377411.0,0.6727556884388513,Europe,4.610694723112912e-06,5.947796192815657,4.8909025957329435,3.6530060294569826,24.78207907735958,3.0760247467090363
Ukraine,UKR,2021-04-05,304682.0,304680.0,2.0,254,43377411.0,0.7023932341190211,Europe,4.610694723112912e-06,5.855582298353399,4.8909025957329435,3.6530060294569826,24.78207907735958,3.0760247467090363
Ukraine,UKR,2021-04-06,320265.0,320263.0,2.0,430,43377411.0,0.7383174620541553,Europe,4.610694723112912e-06,9.912993654692762,4.8909025957329435,3.6530060294569826,24.78207907735958,3.0760247467090363
Ukraine,UKR,2021-04-07,334578.0,334576.0,2.0,481,43377411.0,0.7713138988401129,Europe,4.610694723112912e-06,11.088720809086555,4.8909025957329435,3.6530060294569826,24.78207907735958,3.0760247467090363
Ukraine,UKR,2021-04-08,353147.0,353142.0,5.0,464,43377411.0,0.8141149779547701,Europe,1.1526736807782282e-05,10.696811757621957,4.8909025957329435,3.6530060294569826,24.78207907735958,3.0760247467090363
Ukraine,UKR,2021-04-09,373005.0,373000.0,5.0,419,43377411.0,0.8598945658605581,Europe,1.1526736807782282e-05,9.659405444921552,4.8909025957329435,3.6530060294569826,24.78207907735958,3.0760247467090363
Ukraine,UKR,2021-04-10,377053.0,377048.0,5.0,398,43377411.0,0.8692266119801386,Europe,1.1526736807782282e-05,9.175282498994696,4.8909025957329435,3.6530060294569826,24.78207907735958,3.0760247467090363
Ukraine,UKR,2021-04-11,378269.0,378264.0,5.0,235,43377411.0,0.8720299143717913,Europe,1.1526736807782282e-05,5.417566299657672,4.8909025957329435,3.6530060294569826,24.78207907735958,3.0760247467090363
Ukraine,UKR,2021-04-12,388404.0,388399.0,5.0,287,43377411.0,0.8953946098811661,Europe,1.1526736807782282e-05,6.6163469276670295,4.8909025957329435,3.6530060294569826,24.78207907735958,3.0760247467090363
Ukraine,UKR,2021-04-13,403556.0,403551.0,5.0,457,43377411.0,0.9303252331034694,Europe,1.1526736807782282e-05,10.535437442313004,4.8909025957329435,3.6530060294569826,24.78207907735958,3.0760247467090363
Ukraine,UKR,2021-04-14,419300.0,419295.0,5.0,467,43377411.0,0.9666206219638144,Europe,1.1526736807782282e-05,10.765972178468651,4.8909025957329435,3.6530060294569826,24.78207907735958,3.0760247467090363
Ukraine,UKR,2021-04-15,432820.0,432815.0,5.0,433,43377411.0,0.9977889182920576,Europe,1.1526736807782282e-05,9.982154075539455,4.8909025957329435,3.6530060294569826,24.78207907735958,3.0760247467090363
Ukraine,UKR,2021-04-16,445864.0,445859.0,5.0,438,43377411.0,1.0278598692762,Europe,1.1526736807782282e-05,10.097421443617279,4.8909025957329435,3.6530060294569826,24.78207907735958,3.0760247467090363
Ukraine,UKR,2021-04-17,449197.0,449192.0,5.0,440,43377411.0,1.0355435920322678,Europe,1.1526736807782282e-05,10.143528390848408,4.8909025957329435,3.6530060294569826,24.78207907735958,3.0760247467090363
Ukraine,UKR,2021-04-18,450650.0,450645.0,5.0,250,43377411.0,1.038893261748609,Europe,1.1526736807782282e-05,5.76336840389114,4.8909025957329435,3.6530060294569826,24.78207907735958,3.0760247467090363
Ukraine,UKR,2021-04-19,462794.0,462789.0,5.0,214,43377411.0,1.0668894001073508,Europe,1.1526736807782282e-05,4.933443353730816,4.8909025957329435,3.6530060294569826,24.78207907735958,3.0760247467090363
Ukraine,UKR,2021-04-20,477836.0,477831.0,5.0,367,43377411.0,1.101566435119883,Europe,1.1526736807782282e-05,8.460624816912194,4.8909025957329435,3.6530060294569826,24.78207907735958,3.0760247467090363
Ukraine,UKR,2021-04-21,491880.0,491875.0,5.0,429,43377411.0,1.133942733465582,Europe,1.1526736807782282e-05,9.889940181077197,4.8909025957329435,3.6530060294569826,24.78207907735958,3.0760247467090363
Ukraine,UKR,2021-04-22,508049.0,508044.0,5.0,470,43377411.0,1.1712178949545884,Europe,1.1526736807782282e-05,10.835132599315344,4.8909025957329435,3.6530060294569826,24.78207907735958,3.0760247467090363
Ukraine,UKR,2021-04-23,522388.0,522383.0,5.0,434,43377411.0,1.2042742707719465,Europe,1.1526736807782282e-05,10.00520754915502,4.8909025957329435,3.6530060294569826,24.78207907735958,3.0760247467090363
Ukraine,UKR,2021-04-25,528033.0,528028.0,5.0,231,43377411.0,1.2172879566279324,Europe,1.1526736807782282e-05,5.325352405195414,4.8909025957329435,3.6530060294569826,24.78207907735958,3.0760247467090363
Ukraine,UKR,2021-04-26,539133.0,539124.0,9.0,195,43377411.0,1.2428680909517629,Europe,2.0748126254008105e-05,4.49542735503509,4.8909025957329435,3.6530060294569826,24.78207907735958,3.0760247467090363
Ukraine,UKR,2021-04-27,558723.0,558714.0,9.0,432,43377411.0,1.288029845764654,Europe,2.0748126254008105e-05,9.95910060192389,4.8909025957329435,3.6530060294569826,24.78207907735958,3.0760247467090363
Ukraine,UKR,2021-04-28,629192.0,629182.0,10.0,441,43377411.0,1.4504830636388142,Europe,2.3053473615564564e-05,10.166581864463971,4.8909025957329435,3.6530060294569826,24.78207907735958,3.0760247467090363
Ukraine,UKR,2021-04-29,702568.0,702438.0,130.0,387,43377411.0,1.619363589956994,Europe,0.0002996951570023393,8.921694289223487,4.8909025957329435,3.6530060294569826,24.78207907735958,3.0760247467090363
Ukraine,UKR,2021-04-30,752553.0,752293.0,260.0,307,43377411.0,1.7342966826673911,Europe,0.0005993903140046786,7.07741639997832,4.8909025957329435,3.6530060294569826,24.78207907735958,3.0760247467090363
Ukraine,UKR,2021-05-01,755214.0,754924.0,290.0,351,43377411.0,1.740362051575646,Europe,0.0006685507348513723,8.091769239063161,4.8909025957329435,3.6530060294569826,24.78207907735958,3.0760247467090363
Ukraine,UKR,2021-05-02,755391.0,755101.0,290.0,160,43377411.0,1.7407700980586416,Europe,0.0006685507348513723,3.68855577849033,4.8909025957329435,3.6530060294569826,24.78207907735958,3.0760247467090363
Ukraine,UKR,2021-05-03,756310.0,756020.0,290.0,154,43377411.0,1.742888712283912,Europe,0.0006685507348513723,3.5502349367969424,4.8909025957329435,3.6530060294569826,24.78207907735958,3.0760247467090363
Ukraine,UKR,2021-05-04,759735.0,759432.0,303.0,166,43377411.0,1.7507545574815426,Europe,0.0006985202505516063,3.826876620183717,4.8909025957329435,3.6530060294569826,24.78207907735958,3.0760247467090363
Ukraine,UKR,2021-05-05,784229.0,783810.0,419.0,161,43377411.0,1.8069543154615664,Europe,0.0009659405444921551,3.7116092521058945,4.8909025957329435,3.6530060294569826,24.78207907735958,3.0760247467090363
Ukraine,UKR,2021-05-06,822196.0,821768.0,428.0,374,43377411.0,1.8944606906115256,Europe,0.0009866886707461631,8.621999132221145,4.8909025957329435,3.6530060294569826,24.78207907735958,3.0760247467090363
Ukraine,UKR,2021-05-07,858242.0,857796.0,446.0,379,43377411.0,1.977517745353682,Europe,0.0010281849232541794,8.737266500298968,4.8909025957329435,3.6530060294569826,24.78207907735958,3.0760247467090363
Ukraine,UKR,2021-05-08,863085.0,862639.0,446.0,370,43377411.0,1.9886825426257,Europe,0.0010281849232541794,8.529785237758887,4.8909025957329435,3.6530060294569826,24.78207907735958,3.0760247467090363
Ukraine,UKR,2021-05-10,866283.0,865588.0,695.0,119,43377411.0,1.9954810119949296,Europe,0.001602216416281737,2.7433633602521827,4.8909025957329435,3.6530060294569826,24.78207907735958,3.0760247467090363
Ukraine,UKR,2021-05-11,884547.0,882619.0,1928.0,119,43377411.0,2.0347433829095976,Europe,0.004444709713080848,2.7433633602521827,4.8909025957329435,3.6530060294569826,24.78207907735958,3.0760247467090363
Ukraine,UKR,2021-05-12,904933.0,901105.0,3828.0,356,43377411.0,2.0773600342353307,Europe,0.008824869700038115,8.207036607140983,4.8909025957329435,3.6530060294569826,24.78207907735958,3.0760247467090363
Ukraine,UKR,2021-05-13,926520.0,918162.0,8358.0,346,43377411.0,2.116682344181399,Europe,0.01926809324788886,7.976501870985338,4.8909025957329435,3.6530060294569826,24.78207907735958,3.0760247467090363
Ukraine,UKR,2021-05-14,950158.0,936497.0,13661.0,287,43377411.0,2.1589508880555366,Europe,0.03149335030622275,6.6163469276670295,4.8909025957329435,3.6530060294569826,24.78207907735958,3.0760247467090363
Ukraine,UKR,2021-05-15,956322.0,939236.0,17086.0,322,43377411.0,2.1652652344788397,Europe,0.039389165019553606,7.423218504211789,4.8909025957329435,3.6530060294569826,24.78207907735958,3.0760247467090363
Ukraine,UKR,2021-05-16,958552.0,940158.0,18394.0,133,43377411.0,2.167390764746195,Europe,0.04240455936846946,3.0661119908700867,4.8909025957329435,3.6530060294569826,24.78207907735958,3.0760247467090363
Ukraine,UKR,2021-05-17,975784.0,948330.0,27454.0,109,43377411.0,2.186230063384834,Europe,0.06329100646417095,2.512828624096537,4.8909025957329435,3.6530060294569826,24.78207907735958,3.0760247467090363
Ukraine,UKR,2021-05-18,994872.0,957346.0,37526.0,285,43377411.0,2.207015075196627,Europe,0.08651046508976758,6.5702399804359,4.8909025957329435,3.6530060294569826,24.78207907735958,3.0760247467090363
Ukraine,UKR,2021-05-19,1012815.0,964745.0,48070.0,227,43377411.0,2.2240723403247835,Europe,0.11081804767001885,5.233138510733156,4.8909025957329435,3.6530060294569826,24.78207907735958,3.0760247467090363
Ukraine,UKR,2021-05-20,1031728.0,971032.0,60696.0,203,43377411.0,2.238566059186889,Europe,0.13992536345703066,4.679855143959607,4.8909025957329435,3.6530060294569826,24.78207907735958,3.0760247467090363
Ukraine,UKR,2021-05-21,1049311.0,977009.0,72302.0,202,43377411.0,2.2523451203669116,Europe,0.1666812249352549,4.656801670344041,4.8909025957329435,3.6530060294569826,24.78207907735958,3.0760247467090363
Ukraine,UKR,2021-05-22,1052814.0,978031.0,74783.0,178,43377411.0,2.2547011853704224,Europe,0.17240079173927647,4.103518303570492,4.8909025957329435,3.6530060294569826,24.78207907735958,3.0760247467090363
Ukraine,UKR,2021-05-23,1054139.0,978352.0,75787.0,89,43377411.0,2.2554412018734817,Europe,0.17471536049027914,2.051759151785246,4.8909025957329435,3.6530060294569826,24.78207907735958,3.0760247467090363
Ukraine,UKR,2021-05-24,1068195.0,981970.0,86225.0,68,43377411.0,2.263781948627593,Europe,0.19877857625020542,1.5676362058583901,4.8909025957329435,3.6530060294569826,24.78207907735958,3.0760247467090363
Ukraine,UKR,2021-05-25,1084582.0,987191.0,97391.0,249,43377411.0,2.2758181672022793,Europe,0.22452008488934483,5.740314930275576,4.8909025957329435,3.6530060294569826,24.78207907735958,3.0760247467090363
Ukraine,UKR,2021-05-26,1099713.0,992189.0,107524.0,208,43377411.0,2.2873402933153386,Europe,0.2478801697039964,4.7951225120374295,4.8909025957329435,3.6530060294569826,24.78207907735958,3.0760247467090363
Ukraine,UKR,2021-05-27,1116006.0,999072.0,116934.0,183,43377411.0,2.3032079992049317,Europe,0.2695734883762427,4.218785671648315,4.8909025957329435,3.6530060294569826,24.78207907735958,3.0760247467090363
Ukraine,UKR,2021-05-28,1132821.0,1008857.0,123964.0,156,43377411.0,2.325765823137762,Europe,0.2857800803279845,3.5963418840280714,4.8909025957329435,3.6530060294569826,24.78207907735958,3.0760247467090363
Ukraine,UKR,2021-05-29,1141413.0,1015976.0,125437.0,156,43377411.0,2.342177591004682,Europe,0.28917585699155723,3.5963418840280714,4.8909025957329435,3.6530060294569826,24.78207907735958,3.0760247467090363
Ukraine,UKR,2021-05-30,1147581.0,1021804.0,125777.0,84,43377411.0,2.3556131554278332,Europe,0.2899596750944864,1.9364917837074231,4.8909025957329435,3.6530060294569826,24.78207907735958,3.0760247467090363
Ukraine,UKR,2021-05-31,1161518.0,1032036.0,129482.0,64,43377411.0,2.379201469631279,Europe,0.2985009870690531,1.475422311396132,4.8909025957329435,3.6530060294569826,24.78207907735958,3.0760247467090363
Ukraine,UKR,2021-06-01,1180402.0,1047894.0,132508.0,163,43377411.0,2.415759668090841,Europe,0.3054769681851229,3.7577161993370236,4.8909025957329435,3.6530060294569826,24.78207907735958,3.0760247467090363
Ukraine,UKR,2021-06-02,1214883.0,1076793.0,138090.0,158,43377411.0,2.482381901492461,Europe,0.31834541715733106,3.642448831259201,4.8909025957329435,3.6530060294569826,24.78207907735958,3.0760247467090363
Ukraine,UKR,2021-06-03,1265723.0,1123661.0,142062.0,102,43377411.0,2.5904289216338894,Europe,0.3275022568774333,2.351454308787585,4.8909025957329435,3.6530060294569826,24.78207907735958,3.0760247467090363
Ukraine,UKR,2021-06-04,1323163.0,1177371.0,145792.0,95,43377411.0,2.714249128423086,Europe,0.33610120253603887,2.1900799934786335,4.8909025957329435,3.6530060294569826,24.78207907735958,3.0760247467090363
Ukraine,UKR,2021-06-05,1363264.0,1216600.0,146664.0,86,43377411.0,2.8046856000695843,Europe,0.33811146543531606,1.9825987309385524,4.8909025957329435,3.6530060294569826,24.78207907735958,3.0760247467090363
Ukraine,UKR,2021-06-06,1388124.0,1241006.0,147118.0,42,43377411.0,2.8609499077757317,Europe,0.3391580931374627,0.9682458918537116,4.8909025957329435,3.6530060294569826,24.78207907735958,3.0760247467090363
Ukraine,UKR,2021-06-07,1436285.0,1284143.0,152142.0,33,43377411.0,2.9603956769111925,Europe,0.3507401582819224,0.7607646293136305,4.8909025957329435,3.6530060294569826,24.78207907735958,3.0760247467090363
Ukraine,UKR,2021-06-08,1489446.0,1328068.0,161378.0,118,43377411.0,3.06165805976756,Europe,0.3720323465132578,2.720309886636618,4.8909025957329435,3.6530060294569826,24.78207907735958,3.0760247467090363
Ukraine,UKR,2021-06-09,1545019.0,1364566.0,180453.0,77,43377411.0,3.145798627769647,Europe,0.4160068474349472,1.7751174683984712,4.8909025957329435,3.6530060294569826,24.78207907735958,3.0760247467090363
Ukraine,UKR,2021-06-10,1599348.0,1395310.0,204038.0,97,43377411.0,3.2166742270533386,Europe,0.4703784649572562,2.2361869407097625,4.8909025957329435,3.6530060294569826,24.78207907735958,3.0760247467090363
Ukraine,UKR,2021-06-11,1661410.0,1430990.0,230420.0,70,43377411.0,3.2989290209136732,Europe,0.5311981390498387,1.6137431530895194,4.8909025957329435,3.6530060294569826,24.78207907735958,3.0760247467090363
Ukraine,UKR,2021-06-12,1696280.0,1459374.0,236906.0,69,43377411.0,3.3643640004240916,Europe,0.5461506220368938,1.5906896794739547,4.8909025957329435,3.6530060294569826,24.78207907735958,3.0760247467090363
Ukraine,UKR,2021-06-13,1718499.0,1479701.0,238798.0,33,43377411.0,3.41122479624245,Europe,0.5505123392449587,0.7607646293136305,4.8909025957329435,3.6530060294569826,24.78207907735958,3.0760247467090363
Ukraine,UKR,2021-06-14,1768556.0,1507801.0,260755.0,13,43377411.0,3.4760050571021863,Europe,0.6011308512626538,0.29969515700233934,4.8909025957329435,3.6530060294569826,24.78207907735958,3.0760247467090363
Ukraine,UKR,2021-06-15,1831147.0,1543263.0,287884.0,77,43377411.0,3.557757285237701,Europe,0.6636726198343188,1.7751174683984712,4.8909025957329435,3.6530060294569826,24.78207907735958,3.0760247467090363
Ukraine,UKR,2021-06-16,1907695.0,1594083.0,313612.0,78,43377411.0,3.6749150381520006,Europe,0.7229845967524433,1.7981709420140357,4.8909025957329435,3.6530060294569826,24.78207907735958,3.0760247467090363
Ukraine,UKR,2021-06-17,1989398.0,1652053.0,337345.0,55,43377411.0,3.808556024701428,Europe,0.7776974056842627,1.267941048856051,4.8909025957329435,3.6530060294569826,24.78207907735958,3.0760247467090363
Ukraine,UKR,2021-06-19,2082102.0,1722325.0,359777.0,40,43377411.0,3.9705573944927233,Europe,0.8294109576986971,0.9221389446225825,4.8909025957329435,3.6530060294569826,24.78207907735958,3.0760247467090363
Ukraine,UKR,2021-06-20,2086492.0,1726040.0,360452.0,24,43377411.0,3.9791217599409054,Europe,0.8309670671677477,0.5532833667735495,4.8909025957329435,3.6530060294569826,24.78207907735958,3.0760247467090363
Ukraine,UKR,2021-06-21,2095458.0,1732611.0,362847.0,16,43377411.0,3.9942701974536936,Europe,0.8364883740986755,0.368855577849033,4.8909025957329435,3.6530060294569826,24.78207907735958,3.0760247467090363
Ukraine,UKR,2021-06-22,2149244.0,1755137.0,394107.0,21,43377411.0,4.0462004521201145,Europe,0.9085535326209303,0.4841229459268558,4.8909025957329435,3.6530060294569826,24.78207907735958,3.0760247467090363
The United Kingdom,GBR,2021-01-10,2677971.0,2286572.0,391399.0,1035,68319188.0,3.3468957505759582,Unknown,0.5728976169915837,15.14947747915271,34.13565332920874,3.0236658325574335,20.260881057678773,2.048871017881066
The United Kingdom,GBR,2021-01-11,2843815.0,2431648.0,412167.0,563,68319188.0,3.559246049587123,Unknown,0.603296104748786,8.24073026160674,34.13565332920874,3.0236658325574335,20.260881057678773,2.048871017881066
The United Kingdom,GBR,2021-01-12,3067541.0,2639309.0,428232.0,529,68319188.0,3.86320311652416,Unknown,0.6268107284881664,7.743066267122496,34.13565332920874,3.0236658325574335,20.260881057678773,2.048871017881066
The United Kingdom,GBR,2021-01-13,3356229.0,2918252.0,437977.0,1243,68319188.0,4.27149690362245,Unknown,0.6410746568006634,18.19401015129161,34.13565332920874,3.0236658325574335,20.260881057678773,2.048871017881066
The United Kingdom,GBR,2021-01-14,3678180.0,3234946.0,443234.0,1564,68319188.0,4.735047495002429,Unknown,0.6487694203859683,22.892543746275205,34.13565332920874,3.0236658325574335,20.260881057678773,2.048871017881066
The United Kingdom,GBR,2021-01-15,4023705.0,3576263.0,447442.0,1248,68319188.0,5.234639205606483,Unknown,0.6549287441765262,18.26719603283341,34.13565332920874,3.0236658325574335,20.260881057678773,2.048871017881066
The United Kingdom,GBR,2021-01-16,4322456.0,3872394.0,450062.0,1280,68319188.0,5.668091371343582,Unknown,0.6587636843693165,18.735585674700935,34.13565332920874,3.0236658325574335,20.260881057678773,2.048871017881066
The United Kingdom,GBR,2021-01-17,4514802.0,4062501.0,452301.0,1295,68319188.0,5.9463543389889235,Unknown,0.6620409481447584,18.955143319326336,34.13565332920874,3.0236658325574335,20.260881057678773,2.048871017881066
The United Kingdom,GBR,2021-01-18,4723443.0,4266577.0,456866.0,671,68319188.0,6.245063978219413,Unknown,0.6687228191295248,9.821545302909632,34.13565332920874,3.0236658325574335,20.260881057678773,2.048871017881066
The United Kingdom,GBR,2021-01-19,5070365.0,4609740.0,460625.0,599,68319188.0,6.747357711569991,Unknown,0.6742249337038373,8.767668608707703,34.13565332920874,3.0236658325574335,20.260881057678773,2.048871017881066
The United Kingdom,GBR,2021-01-20,5437284.0,4973248.0,464036.0,1610,68319188.0,7.279430780119927,Unknown,0.679217674542619,23.565853856459768,34.13565332920874,3.0236658325574335,20.260881057678773,2.048871017881066
The United Kingdom,GBR,2021-01-21,5849899.0,5383103.0,466796.0,1820,68319188.0,7.879342769706222,Unknown,0.6832575352037263,26.63966088121539,34.13565332920874,3.0236658325574335,20.260881057678773,2.048871017881066
The United Kingdom,GBR,2021-01-22,6329968.0,5861351.0,468617.0,1290,68319188.0,8.57936279921828,Unknown,0.6859229650094788,18.881957437784536,34.13565332920874,3.0236658325574335,20.260881057678773,2.048871017881066
The United Kingdom,GBR,2021-01-23,6822981.0,6353321.0,469660.0,1401,68319188.0,9.299467962060673,Unknown,0.6874496224984407,20.50668400801251,34.13565332920874,3.0236658325574335,20.260881057678773,2.048871017881066
The United Kingdom,GBR,2021-01-24,7044048.0,6573570.0,470478.0,1348,68319188.0,9.621850306534672,Unknown,0.6886469435204646,19.730913663669423,34.13565332920874,3.0236658325574335,20.260881057678773,2.048871017881066
The United Kingdom,GBR,2021-01-25,7325773.0,6853327.0,472446.0,610,68319188.0,10.031335559784464,Unknown,0.6915275398179498,8.928677548099664,34.13565332920874,3.0236658325574335,20.260881057678773,2.048871017881066
The United Kingdom,GBR,2021-01-26,7638543.0,7164387.0,474156.0,592,68319188.0,10.486639566032313,Unknown,0.6940304969666794,8.665208374549183,34.13565332920874,3.0236658325574335,20.260881057678773,2.048871017881066
The United Kingdom,GBR,2021-01-27,7953250.0,7476765.0,476485.0,1631,68319188.0,10.943872752117604,Unknown,0.6974394953288965,23.87323455893533,34.13565332920874,3.0236658325574335,20.260881057678773,2.048871017881066
The United Kingdom,GBR,2021-01-28,8369438.0,7891184.0,478254.0,1725,68319188.0,11.550465148971032,Unknown,0.7000288118178454,25.249129131921183,34.13565332920874,3.0236658325574335,20.260881057678773,2.048871017881066
The United Kingdom,GBR,2021-01-29,8859372.0,8378940.0,480432.0,1239,68319188.0,12.26440220571708,Unknown,0.7032167888178062,18.135461446058173,34.13565332920874,3.0236658325574335,20.260881057678773,2.048871017881066
The United Kingdom,GBR,2021-01-30,9468382.0,8977329.0,491053.0,1223,68319188.0,13.140274735115412,Unknown,0.7187629337749155,17.901266625124407,34.13565332920874,3.0236658325574335,20.260881057678773,2.048871017881066
The United Kingdom,GBR,2021-01-31,9790576.0,9296367.0,494209.0,1222,68319188.0,13.607256280622073,Unknown,0.7233824266178339,17.88662944881605,34.13565332920874,3.0236658325574335,20.260881057678773,2.048871017881066
The United Kingdom,GBR,2021-02-01,10143511.0,9646715.0,496796.0,587,68319188.0,14.120066825150204,Unknown,0.7271690641288067,8.592022493007383,34.13565332920874,3.0236658325574335,20.260881057678773,2.048871017881066
The United Kingdom,GBR,2021-02-02,10520433.0,10021471.0,498962.0,406,68319188.0,14.668603789611788,Unknown,0.7303394765171974,5.942693581194203,34.13565332920874,3.0236658325574335,20.260881057678773,2.048871017881066
The United Kingdom,GBR,2021-02-03,10992444.0,10490487.0,501957.0,1449,68319188.0,15.355110777955968,Unknown,0.7347233108215514,21.209268470813793,34.13565332920874,3.0236658325574335,20.260881057678773,2.048871017881066
The United Kingdom,GBR,2021-02-04,11477040.0,10971047.0,505993.0,1322,68319188.0,16.058514922630522,Unknown,0.7406308751796055,19.35034707965206,34.13565332920874,3.0236658325574335,20.260881057678773,2.048871017881066
The United Kingdom,GBR,2021-02-05,11975267.0,11465210.0,510057.0,915,68319188.0,16.781830018237336,Unknown,0.746579423631323,13.393016322149496,34.13565332920874,3.0236658325574335,20.260881057678773,2.048871017881066
The United Kingdom,GBR,2021-02-06,12526737.0,12015018.0,511719.0,1014,68319188.0,17.586593681412023,Unknown,0.7490121223337725,14.842096776677145,34.13565332920874,3.0236658325574335,20.260881057678773,2.048871017881066
The United Kingdom,GBR,2021-02-07,12806587.0,12294006.0,512581.0,828,68319188.0,17.9949533358037,Unknown,0.7502738469315531,12.119581983322167,34.13565332920874,3.0236658325574335,20.260881057678773,2.048871017881066
The United Kingdom,GBR,2021-02-08,13162878.0,12646486.0,516392.0,373,68319188.0,18.510884526320776,Unknown,0.7558520748226691,5.459666763018319,34.13565332920874,3.0236658325574335,20.260881057678773,2.048871017881066
The United Kingdom,GBR,2021-02-09,13577851.0,13058298.0,519553.0,333,68319188.0,19.113661011310615,Unknown,0.7604788862537417,4.874179710683915,34.13565332920874,3.0236658325574335,20.260881057678773,2.048871017881066
The United Kingdom,GBR,2021-02-10,14033555.0,13509108.0,524447.0,1052,68319188.0,19.773519556467797,Unknown,0.7676423203390532,15.398309476394832,34.13565332920874,3.0236658325574335,20.260881057678773,2.048871017881066
The United Kingdom,GBR,2021-02-11,14542318.0,14012224.0,530094.0,1001,68319188.0,20.509939316023488,Unknown,0.7759079338003841,14.651813484668466,34.13565332920874,3.0236658325574335,20.260881057678773,2.048871017881066
The United Kingdom,GBR,2021-02-12,15091696.0,14556827.0,534869.0,678,68319188.0,21.30708432892967,Unknown,0.7828971854876261,9.924005537068151,34.13565332920874,3.0236658325574335,20.260881057678773,2.048871017881066
The United Kingdom,GBR,2021-02-13,15599904.0,15062189.0,537715.0,758,68319188.0,22.04679159828422,Unknown,0.7870629258649854,11.094979641736959,34.13565332920874,3.0236658325574335,20.260881057678773,2.048871017881066
The United Kingdom,GBR,2021-02-14,15839781.0,15300151.0,539630.0,621,68319188.0,22.395100773153217,Unknown,0.7898659451280364,9.089686487491626,34.13565332920874,3.0236658325574335,20.260881057678773,2.048871017881066
The United Kingdom,GBR,2021-02-15,16122272.0,15576107.0,546165.0,258,68319188.0,22.799022435688197,Unknown,0.7994313398455497,3.776391487556907,34.13565332920874,3.0236658325574335,20.260881057678773,2.048871017881066
The United Kingdom,GBR,2021-02-16,16499549.0,15940972.0,558577.0,230,68319188.0,23.33308176906318,Unknown,0.8175990030794863,3.3665505509228244,34.13565332920874,3.0236658325574335,20.260881057678773,2.048871017881066
The United Kingdom,GBR,2021-02-17,16996806.0,16423082.0,573724.0,799,68319188.0,24.03875467606553,Unknown,0.8397699340337593,11.695103870379723,34.13565332920874,3.0236658325574335,20.260881057678773,2.048871017881066
The United Kingdom,GBR,2021-02-18,17465127.0,16875536.0,589591.0,738,68319188.0,24.701019573007805,Unknown,0.8629947416822343,10.802236115569757,34.13565332920874,3.0236658325574335,20.260881057678773,2.048871017881066
The United Kingdom,GBR,2021-02-19,17852327.0,17247442.0,604885.0,454,68319188.0,25.245384942221506,Unknown,0.8853808391282402,6.645278043995488,34.13565332920874,3.0236658325574335,20.260881057678773,2.048871017881066
The United Kingdom,GBR,2021-02-20,18197269.0,17582121.0,615148.0,533,68319188.0,25.73526049519207,Unknown,0.9004029731735101,7.801614972355936,34.13565332920874,3.0236658325574335,20.260881057678773,2.048871017881066
The United Kingdom,GBR,2021-02-21,18348165.0,17723840.0,624325.0,445,68319188.0,25.94269709411652,Unknown,0.9138355098716923,6.513543457220247,34.13565332920874,3.0236658325574335,20.260881057678773,2.048871017881066
The United Kingdom,GBR,2021-02-22,18558969.0,17916181.0,642788.0,215,68319188.0,26.224230006949146,Unknown,0.9408601284898175,3.1469929062974225,34.13565332920874,3.0236658325574335,20.260881057678773,2.048871017881066
The United Kingdom,GBR,2021-02-23,18911978.0,18242873.0,669105.0,177,68319188.0,26.70241484720222,Unknown,0.9793807853805289,2.5907802065797387,34.13565332920874,3.0236658325574335,20.260881057678773,2.048871017881066
United States of America,USA,2021-01-14,11148991.0,9690757.0,1342086.0,4102,333575672.0,2.905115034887796,North America,0.4023332972555625,12.297059840742822,34.283913378431265,3.3002188698962653,25.330161870977133,2.7121448645862953
United States of America,USA,2021-01-15,12279180.0,10595866.0,1610524.0,4157,333575672.0,3.176450469685331,North America,0.4828061921733909,12.461939970250588,34.283913378431265,3.3002188698962653,25.330161870977133,2.7121448645862953
United States of America,USA,2021-01-19,15707588.0,13595803.0,2023124.0,2763,333575672.0,4.075777744367401,North America,0.6064962675095802,8.282978142362852,34.283913378431265,3.3002188698962653,25.330161870977133,2.7121448645862953
United States of America,USA,2021-01-20,16525281.0,14270441.0,2161419.0,2735,333575672.0,4.278022109478056,North America,0.6479546266191738,8.199039167340718,34.283913378431265,3.3002188698962653,25.330161870977133,2.7121448645862953
United States of America,USA,2021-01-21,17546374.0,15053257.0,2394961.0,3032,333575672.0,4.512696297588512,North America,0.717966326992815,9.089391866682652,34.283913378431265,3.3002188698962653,25.330161870977133,2.7121448645862953
United States of America,USA,2021-01-22,19107959.0,16243093.0,2756953.0,4030,333575672.0,4.869387777175789,North America,0.8264850321578606,12.081216762114474,34.283913378431265,3.3002188698962653,25.330161870977133,2.7121448645862953
United States of America,USA,2021-01-23,20537990.0,17390345.0,3027865.0,3781,333575672.0,5.213313337790413,North America,0.9076995878764205,11.334759448524771,34.283913378431265,3.3002188698962653,25.330161870977133,2.7121448645862953
United States of America,USA,2021-01-24,21848655.0,18502131.0,3216836.0,3647,333575672.0,5.546606828090269,North America,0.9643497023368058,10.933051496633123,34.283913378431265,3.3002188698962653,25.330161870977133,2.7121448645862953
Uruguay,URY,2021-03-29,576922.0,559674.0,17248.0,26,3489011.0,16.041050028217168,South America,0.4943521244272374,7.451968480466241,48.2634488035678,7.024751129263895,20.998690731896094,6.493491552577863
Uruguay,URY,2021-03-30,629008.0,597810.0,31198.0,14,3489011.0,17.134081835798167,South America,0.8941788948214837,4.012598412558745,48.2634488035678,7.024751129263895,20.998690731896094,6.493491552577863
Uzbekistan,UZB,2021-05-10,1173978.0,1057094.0,116884.0,0,34093037.0,3.1006155303794145,Asia,0.34283833382165396,0.0,10.411613013305553,0.09250704634633031,23.2444639828785,1.6257203533003144
Uzbekistan,UZB,2021-05-12,1285215.0,1095112.0,190103.0,2,34093037.0,3.2121280365841267,Asia,0.5576006619768137,0.0586630050001119,10.411613013305553,0.09250704634633031,23.2444639828785,1.6257203533003144
Uzbekistan,UZB,2021-05-18,1412312.0,1125995.0,286317.0,2,34093037.0,3.30271251575505,Asia,0.839810780130852,0.0586630050001119,10.411613013305553,0.09250704634633031,23.2444639828785,1.6257203533003144
Vanuatu,VUT,2021-07-27,23995.0,23881.0,114.0,0,316954.0,7.534531824807384,Oceania,0.03596736434940086,0.0,4.416378682360497,0.0,19.18131929371784,1.0644858758359335
Vanuatu,VUT,2021-08-16,31042.0,29321.0,1721.0,0,316954.0,9.25086921130511,Oceania,0.542981000397534,0.0,4.416378682360497,0.0,19.18131929371784,1.0644858758359335
Venezuela (Bolivarian Republic of),VEN,2021-06-11,739962.0,588066.0,151896.0,14,28784649.0,2.042984786786874,Unknown,0.527697940662747,0.4863703566439181,9.364398363864016,0.5697481320685898,20.260881057678773,2.048871017881066
Venezuela (Bolivarian Republic of),VEN,2021-06-18,1302992.0,1079134.0,223858.0,21,28784649.0,3.748991346046985,Unknown,0.7776992521256729,0.7295555349658771,9.364398363864016,0.5697481320685898,20.260881057678773,2.048871017881066
Venezuela (Bolivarian Republic of),VEN,2021-06-25,1466988.0,1223130.0,223858.0,18,28784649.0,4.2492441022991105,Unknown,0.7776992521256729,0.6253333156850375,9.364398363864016,0.5697481320685898,20.260881057678773,2.048871017881066
Venezuela (Bolivarian Republic of),VEN,2021-07-05,2508201.0,2284343.0,223858.0,19,28784649.0,7.935976568621698,Unknown,0.7776992521256729,0.6600740554453174,9.364398363864016,0.5697481320685898,20.260881057678773,2.048871017881066
Viet Nam,VNM,2021-04-30,519262.0,509855.0,9407.0,0,98450257.0,0.517880821783939,Asia,0.009555079170590688,0.0,3.840431734131646,1.4525101747575937,23.2444639828785,1.6257203533003144
Viet Nam,VNM,2021-05-14,969697.0,948655.0,21042.0,0,98450257.0,0.963588139744521,Asia,0.02137323013793656,0.0,3.840431734131646,1.4525101747575937,23.2444639828785,1.6257203533003144
Viet Nam,VNM,2021-05-15,977032.0,954520.0,22512.0,0,98450257.0,0.969545462943789,Asia,0.02286636996793213,0.0,3.840431734131646,1.4525101747575937,23.2444639828785,1.6257203533003144
Viet Nam,VNM,2021-05-16,979238.0,956677.0,22561.0,1,98450257.0,0.9717364171024968,Asia,0.022916141295598647,0.010157413809493662,3.840431734131646,1.4525101747575937,23.2444639828785,1.6257203533003144
Viet Nam,VNM,2021-05-18,1011395.0,982543.0,28852.0,0,98450257.0,0.9980095836621332,Asia,0.029306170323151113,0.0,3.840431734131646,1.4525101747575937,23.2444639828785,1.6257203533003144
Viet Nam,VNM,2021-05-22,1027659.0,998698.0,28961.0,2,98450257.0,1.01441888567137,Asia,0.029416886133674595,0.020314827618987324,3.840431734131646,1.4525101747575937,23.2444639828785,1.6257203533003144
Viet Nam,VNM,2021-05-26,1034867.0,1005906.0,28961.0,0,98450257.0,1.021740349545253,Asia,0.029416886133674595,0.0,3.840431734131646,1.4525101747575937,23.2444639828785,1.6257203533003144
Viet Nam,VNM,2021-05-31,1102099.0,1071497.0,30602.0,0,98450257.0,1.088363842463103,Asia,0.0310837177398125,0.0,3.840431734131646,1.4525101747575937,23.2444639828785,1.6257203533003144
Viet Nam,VNM,2021-06-02,1110111.0,1078934.0,31177.0,1,98450257.0,1.0959179111132236,Asia,0.03166776903385839,0.010157413809493662,3.840431734131646,1.4525101747575937,23.2444639828785,1.6257203533003144
Viet Nam,VNM,2021-06-03,1156056.0,1124505.0,31551.0,1,98450257.0,1.1422062615844668,Asia,0.032047656310333454,0.010157413809493662,3.840431734131646,1.4525101747575937,23.2444639828785,1.6257203533003144
Viet Nam,VNM,2021-06-04,1217607.0,1185206.0,32401.0,0,98450257.0,1.2038627791494745,Asia,0.03291103648414041,0.0,3.840431734131646,1.4525101747575937,23.2444639828785,1.6257203533003144
Viet Nam,VNM,2021-06-05,1243304.0,1209672.0,33632.0,2,98450257.0,1.2287139077757816,Asia,0.03416141412408908,0.020314827618987324,3.840431734131646,1.4525101747575937,23.2444639828785,1.6257203533003144
Viet Nam,VNM,2021-06-06,1248559.0,1214916.0,33643.0,2,98450257.0,1.23404045557748,Asia,0.03417258727927953,0.020314827618987324,3.840431734131646,1.4525101747575937,23.2444639828785,1.6257203533003144
Viet Nam,VNM,2021-06-07,1340098.0,1301932.0,38166.0,0,98450257.0,1.3224262075821702,Asia,0.03876678554531351,0.0,3.840431734131646,1.4525101747575937,23.2444639828785,1.6257203533003144
Viet Nam,VNM,2021-06-08,1354856.0,1312741.0,42115.0,1,98450257.0,1.333405356168852,Asia,0.04277794825868256,0.010157413809493662,3.840431734131646,1.4525101747575937,23.2444639828785,1.6257203533003144
Viet Nam,VNM,2021-06-09,1389887.0,1342708.0,47179.0,2,98450257.0,1.3638440781317616,Asia,0.04792166261181015,0.020314827618987324,3.840431734131646,1.4525101747575937,23.2444639828785,1.6257203533003144
Viet Nam,VNM,2021-06-10,1411548.0,1361525.0,50023.0,0,98450257.0,1.3829572836970858,Asia,0.05081043109923015,0.0,3.840431734131646,1.4525101747575937,23.2444639828785,1.6257203533003144
Viet Nam,VNM,2021-06-11,1445723.0,1392596.0,53127.0,0,98450257.0,1.4145173841445635,Asia,0.05396329234569697,0.0,3.840431734131646,1.4525101747575937,23.2444639828785,1.6257203533003144
Viet Nam,VNM,2021-06-12,1454221.0,1399836.0,54385.0,2,98450257.0,1.421871351742637,Asia,0.05524109500293127,0.020314827618987324,3.840431734131646,1.4525101747575937,23.2444639828785,1.6257203533003144
Viet Nam,VNM,2021-06-13,1498323.0,1443058.0,55265.0,1,98450257.0,1.4657737257100305,Asia,0.05613494741816672,0.010157413809493662,3.840431734131646,1.4525101747575937,23.2444639828785,1.6257203533003144
Viet Nam,VNM,2021-06-14,1552651.0,1493043.0,59608.0,1,98450257.0,1.5165455586367844,Asia,0.06054631223562981,0.010157413809493662,3.840431734131646,1.4525101747575937,23.2444639828785,1.6257203533003144
Viet Nam,VNM,2021-06-15,1648072.0,1584436.0,63636.0,0,98450257.0,1.60937721066589,Asia,0.06463771851809387,0.0,3.840431734131646,1.4525101747575937,23.2444639828785,1.6257203533003144
Viet Nam,VNM,2021-06-16,1773297.0,1700972.0,72325.0,2,98450257.0,1.7277476482362053,Asia,0.0734634953771629,0.020314827618987324,3.840431734131646,1.4525101747575937,23.2444639828785,1.6257203533003144
Viet Nam,VNM,2021-06-17,1991059.0,1901226.0,89833.0,0,98450257.0,1.9311539227368395,Asia,0.0912470954748244,0.0,3.840431734131646,1.4525101747575937,23.2444639828785,1.6257203533003144
Viet Nam,VNM,2021-06-18,2233208.0,2127352.0,105856.0,0,98450257.0,2.160839458245396,Asia,0.1075223196217761,0.0,3.840431734131646,1.4525101747575937,23.2444639828785,1.6257203533003144
Viet Nam,VNM,2021-06-19,2359376.0,2244061.0,115315.0,1,98450257.0,2.2793856190746156,Asia,0.11713021734417615,0.010157413809493662,3.840431734131646,1.4525101747575937,23.2444639828785,1.6257203533003144
Viet Nam,VNM,2021-06-20,2422643.0,2300960.0,121683.0,2,98450257.0,2.337180287909254,Asia,0.12359845845806172,0.020314827618987324,3.840431734131646,1.4525101747575937,23.2444639828785,1.6257203533003144
Viet Nam,VNM,2021-06-22,2569156.0,2435313.0,133843.0,4,98450257.0,2.473648189663944,Asia,0.13594987365040603,0.04062965523797465,3.840431734131646,1.4525101747575937,23.2444639828785,1.6257203533003144
Viet Nam,VNM,2021-06-23,2626337.0,2488655.0,137682.0,0,98450257.0,2.5278298664065444,Asia,0.13984930481187063,0.0,3.840431734131646,1.4525101747575937,23.2444639828785,1.6257203533003144
Viet Nam,VNM,2021-06-24,2920248.0,2777127.0,143121.0,1,98450257.0,2.8208428140517703,Asia,0.14537392218285425,0.010157413809493662,3.840431734131646,1.4525101747575937,23.2444639828785,1.6257203533003144
Viet Nam,VNM,2021-06-25,3087580.0,2937264.0,150316.0,3,98450257.0,2.983500591572859,Asia,0.15268218141878492,0.030472241428480984,3.840431734131646,1.4525101747575937,23.2444639828785,1.6257203533003144
Viet Nam,VNM,2021-06-26,3299232.0,3143744.0,155488.0,2,98450257.0,3.193230871911284,Asia,0.15793559584105504,0.020314827618987324,3.840431734131646,1.4525101747575937,23.2444639828785,1.6257203533003144
Viet Nam,VNM,2021-06-27,3386607.0,3229471.0,157136.0,0,98450257.0,3.28030733327593,Asia,0.15960953763685962,0.0,3.840431734131646,1.4525101747575937,23.2444639828785,1.6257203533003144
Viet Nam,VNM,2021-06-28,3497104.0,3324110.0,172994.0,3,98450257.0,3.3764360818275976,Asia,0.17571716445595464,0.030472241428480984,3.840431734131646,1.4525101747575937,23.2444639828785,1.6257203533003144
Viet Nam,VNM,2021-06-29,3593970.0,3411489.0,182481.0,2,98450257.0,3.465190547953572,Asia,0.18535350293702127,0.020314827618987324,3.840431734131646,1.4525101747575937,23.2444639828785,1.6257203533003144
Viet Nam,VNM,2021-06-30,3776980.0,3583939.0,193041.0,2,98450257.0,3.6403551490982906,Asia,0.1960797319198466,0.020314827618987324,3.840431734131646,1.4525101747575937,23.2444639828785,1.6257203533003144
Viet Nam,VNM,2021-07-01,3813767.0,3609761.0,204006.0,3,98450257.0,3.6665836230371647,Asia,0.20721733616195637,0.030472241428480984,3.840431734131646,1.4525101747575937,23.2444639828785,1.6257203533003144
Viet Nam,VNM,2021-07-02,3842646.0,3628241.0,214405.0,0,98450257.0,3.685354523757109,Asia,0.2177800307824488,0.0,3.840431734131646,1.4525101747575937,23.2444639828785,1.6257203533003144
Viet Nam,VNM,2021-07-03,3867407.0,3648805.0,218602.0,5,98450257.0,3.706242229514952,Asia,0.22204309735829333,0.050787069047468304,3.840431734131646,1.4525101747575937,23.2444639828785,1.6257203533003144
Viet Nam,VNM,2021-07-04,3890855.0,3667519.0,223336.0,0,98450257.0,3.7252508137180382,Asia,0.2268516170557076,0.0,3.840431734131646,1.4525101747575937,23.2444639828785,1.6257203533003144
Viet Nam,VNM,2021-07-05,3903105.0,3676247.0,226858.0,7,98450257.0,3.734116204490965,Asia,0.2304290581994113,0.07110189666645562,3.840431734131646,1.4525101747575937,23.2444639828785,1.6257203533003144
Viet Nam,VNM,2021-07-06,3928001.0,3692431.0,235570.0,7,98450257.0,3.7505549630002486,Asia,0.23927819711024217,0.07110189666645562,3.840431734131646,1.4525101747575937,23.2444639828785,1.6257203533003144
Viet Nam,VNM,2021-07-07,3960956.0,3719043.0,241913.0,7,98450257.0,3.7775858726300737,Asia,0.245721044689604,0.07110189666645562,3.840431734131646,1.4525101747575937,23.2444639828785,1.6257203533003144
Viet Nam,VNM,2021-07-08,3983800.0,3734268.0,249532.0,8,98450257.0,3.793050535155028,Asia,0.25345997827105726,0.0812593104759493,3.840431734131646,1.4525101747575937,23.2444639828785,1.6257203533003144
Viet Nam,VNM,2021-07-09,4010786.0,3752512.0,258274.0,6,98450257.0,3.811581720909068,Asia,0.2623395894233166,0.06094448285696197,3.840431734131646,1.4525101747575937,23.2444639828785,1.6257203533003144
Viet Nam,VNM,2021-07-10,4040783.0,3769374.0,271409.0,11,98450257.0,3.828709152074636,Asia,0.2756813524620865,0.11173155190443028,3.840431734131646,1.4525101747575937,23.2444639828785,1.6257203533003144
Viet Nam,VNM,2021-07-11,4051585.0,3774138.0,277447.0,8,98450257.0,3.833548144013479,Asia,0.2818143989202588,0.0812593104759493,3.840431734131646,1.4525101747575937,23.2444639828785,1.6257203533003144
Viet Nam,VNM,2021-07-12,4063872.0,3783505.0,280367.0,16,98450257.0,3.843062593528832,Asia,0.28478036375263094,0.1625186209518986,3.840431734131646,1.4525101747575937,23.2444639828785,1.6257203533003144
Viet Nam,VNM,2021-07-13,4079066.0,3795182.0,283884.0,17,98450257.0,3.8549234056341777,Asia,0.28835272618942986,0.17267603476139223,3.840431734131646,1.4525101747575937,23.2444639828785,1.6257203533003144
Viet Nam,VNM,2021-07-14,4146767.0,3859995.0,286772.0,15,98450257.0,3.9207566517576486,Asia,0.29128618729761163,0.15236120714240492,3.840431734131646,1.4525101747575937,23.2444639828785,1.6257203533003144
Viet Nam,VNM,2021-07-15,4185623.0,3890947.0,294676.0,11,98450257.0,3.952195878980793,Asia,0.2993146071726354,0.11173155190443028,3.840431734131646,1.4525101747575937,23.2444639828785,1.6257203533003144
Viet Nam,VNM,2021-07-16,4233896.0,3935719.0,298177.0,2,98450257.0,3.9976726520886583,Asia,0.30287071774733915,0.020314827618987324,3.840431734131646,1.4525101747575937,23.2444639828785,1.6257203533003144
Viet Nam,VNM,2021-07-17,4261252.0,3956254.0,304998.0,18,98450257.0,4.018530901346454,Asia,0.30979908970679476,0.1828334485708859,3.840431734131646,1.4525101747575937,23.2444639828785,1.6257203533003144
Viet Nam,VNM,2021-07-18,4283906.0,3977431.0,306475.0,0,98450257.0,4.040041256570818,Asia,0.31129933972645696,0.0,3.840431734131646,1.4525101747575937,23.2444639828785,1.6257203533003144
Viet Nam,VNM,2021-07-19,4305501.0,3995710.0,309791.0,29,98450257.0,4.058607993273192,Asia,0.3146675381456851,0.2945650004753162,3.840431734131646,1.4525101747575937,23.2444639828785,1.6257203533003144
Viet Nam,VNM,2021-07-20,4336833.0,4019161.0,317672.0,0,98450257.0,4.082428144397835,Asia,0.32267259596894704,0.0,3.840431734131646,1.4525101747575937,23.2444639828785,1.6257203533003144
Viet Nam,VNM,2021-07-21,4367939.0,4042984.0,324955.0,80,98450257.0,4.106626151316192,Asia,0.33007024044640126,0.8125931047594929,3.840431734131646,1.4525101747575937,23.2444639828785,1.6257203533003144
Viet Nam,VNM,2021-07-22,4411659.0,4077099.0,334560.0,36,98450257.0,4.14127816852728,Asia,0.33982643641041993,0.3656668971417718,3.840431734131646,1.4525101747575937,23.2444639828785,1.6257203533003144
Viet Nam,VNM,2021-07-23,4478757.0,4125156.0,353601.0,0,98450257.0,4.190091652071564,Asia,0.3591671680450768,0.0,3.840431734131646,1.4525101747575937,23.2444639828785,1.6257203533003144
Viet Nam,VNM,2021-07-24,4535741.0,4163388.0,372353.0,0,98450257.0,4.22892547654802,Asia,0.37821435042063933,0.0,3.840431734131646,1.4525101747575937,23.2444639828785,1.6257203533003144
Viet Nam,VNM,2021-07-25,4613491.0,4223628.0,389863.0,0,98450257.0,4.2901137373364095,Asia,0.3959999820010628,0.0,3.840431734131646,1.4525101747575937,23.2444639828785,1.6257203533003144
Viet Nam,VNM,2021-07-26,4746642.0,4323571.0,423071.0,0,98450257.0,4.391629978172632,Asia,0.42973072177962923,0.0,3.840431734131646,1.4525101747575937,23.2444639828785,1.6257203533003144
Viet Nam,VNM,2021-07-27,5013175.0,4562339.0,450836.0,154,98450257.0,4.63415651621915,Asia,0.4579327812216884,1.5642417266620237,3.840431734131646,1.4525101747575937,23.2444639828785,1.6257203533003144
Viet Nam,VNM,2021-07-28,5321839.0,4825209.0,496630.0,0,98450257.0,4.90116445302931,Asia,0.5044476420208838,0.0,3.840431734131646,1.4525101747575937,23.2444639828785,1.6257203533003144
Viet Nam,VNM,2021-07-29,5529898.0,4983496.0,546402.0,106,98450257.0,5.061943108995642,Asia,0.5550031220334956,1.076685863806328,3.840431734131646,1.4525101747575937,23.2444639828785,1.6257203533003144
Viet Nam,VNM,2021-07-30,5931376.0,5342483.0,588893.0,392,98450257.0,5.4265810601185125,Asia,0.5981629890514151,3.981706213321515,3.840431734131646,1.4525101747575937,23.2444639828785,1.6257203533003144
Viet Nam,VNM,2021-07-31,6203866.0,5583255.0,620611.0,139,98450257.0,5.671143143892453,Asia,0.6303802741723671,1.411880519519619,3.840431734131646,1.4525101747575937,23.2444639828785,1.6257203533003144
Viet Nam,VNM,2021-08-01,6415219.0,5756155.0,659064.0,145,98450257.0,5.846764828658599,Asia,0.669438577494013,1.4728250023765808,3.840431734131646,1.4525101747575937,23.2444639828785,1.6257203533003144
Viet Nam,VNM,2021-08-02,6959197.0,6246333.0,712864.0,0,98450257.0,6.344658907289596,Asia,0.7240854637890889,0.0,3.840431734131646,1.4525101747575937,23.2444639828785,1.6257203533003144
Viet Nam,VNM,2021-08-03,7291808.0,6547477.0,744331.0,575,98450257.0,6.650543329714213,Asia,0.7560477978234227,5.840512940458855,3.840431734131646,1.4525101747575937,23.2444639828785,1.6257203533003144
Viet Nam,VNM,2021-08-04,7553318.0,6774332.0,778986.0,190,98450257.0,6.880969340689481,Asia,0.7912483153802229,1.9299086238037957,3.840431734131646,1.4525101747575937,23.2444639828785,1.6257203533003144
Viet Nam,VNM,2021-08-05,8061116.0,7241093.0,820023.0,256,98450257.0,7.355077803402789,Asia,0.8329312944302422,2.6002979352303774,3.840431734131646,1.4525101747575937,23.2444639828785,1.6257203533003144
Viet Nam,VNM,2021-08-06,8528267.0,7664944.0,863323.0,393,98450257.0,7.785600803459558,Asia,0.8769128962253496,3.991863627131009,3.840431734131646,1.4525101747575937,23.2444639828785,1.6257203533003144
Viet Nam,VNM,2021-08-07,8896615.0,8008156.0,888459.0,296,98450257.0,8.134215434297952,Asia,0.902444571576893,3.006594487610124,3.840431734131646,1.4525101747575937,23.2444639828785,1.6257203533003144
Viet Nam,VNM,2021-08-08,9405819.0,8460013.0,945806.0,234,98450257.0,8.59318528746959,Asia,0.9606942925501962,2.3768348314215166,3.840431734131646,1.4525101747575937,23.2444639828785,1.6257203533003144
Yemen,YEM,2021-07-12,297405.0,288828.0,8577.0,0,30717024.0,0.940286402745266,Asia,0.027922626879478947,0.0,0.06914406812326611,0.17091499489013,23.2444639828785,1.6257203533003144
Yemen,YEM,2021-07-27,311483.0,298161.0,13322.0,1,30717024.0,0.9706702055511628,Asia,0.04337008689383451,0.03255523712192952,0.06914406812326611,0.17091499489013,23.2444639828785,1.6257203533003144
Yemen,YEM,2021-09-12,322934.0,308025.0,14909.0,8,30717024.0,1.002782691448234,Asia,0.048536603025084724,0.2604418969754362,0.06914406812326611,0.17091499489013,23.2444639828785,1.6257203533003144
Yemen,YEM,2021-09-27,356173.0,308025.0,48148.0,12,30717024.0,1.002782691448234,Asia,0.15674695569466626,0.3906628454631543,0.06914406812326611,0.17091499489013,23.2444639828785,1.6257203533003144
Zambia,ZMB,2021-05-21,129941.0,128834.0,1107.0,2,19104075.0,0.6743796807749132,Africa,0.005794575241146196,0.10468970625377046,0.5740754870057979,1.2388281906696172,6.7162313205294755,1.7302538308583773
Zambia,ZMB,2021-05-22,134832.0,131633.0,3199.0,1,19104075.0,0.6890310051651284,Africa,0.016745118515290584,0.05234485312688523,0.5740754870057979,1.2388281906696172,6.7162313205294755,1.7302538308583773
Zambia,ZMB,2021-05-23,138201.0,133134.0,5067.0,1,19104075.0,0.6968879676194739,Africa,0.026523137079392745,0.05234485312688523,0.5740754870057979,1.2388281906696172,6.7162313205294755,1.7302538308583773
Zambia,ZMB,2021-05-25,144085.0,138799.0,5286.0,3,19104075.0,0.7265413269158544,Africa,0.02766948936287153,0.1570345593806557,0.5740754870057979,1.2388281906696172,6.7162313205294755,1.7302538308583773
Zambia,ZMB,2021-05-26,145198.0,139912.0,5286.0,0,19104075.0,0.7323673090688767,Africa,0.02766948936287153,0.0,0.5740754870057979,1.2388281906696172,6.7162313205294755,1.7302538308583773
Zambia,ZMB,2021-05-27,146129.0,140843.0,5286.0,2,19104075.0,0.7372406148949896,Africa,0.02766948936287153,0.10468970625377046,0.5740754870057979,1.2388281906696172,6.7162313205294755,1.7302538308583773
Zambia,ZMB,2021-05-28,146645.0,141359.0,5286.0,2,19104075.0,0.7399416093163369,Africa,0.02766948936287153,0.10468970625377046,0.5740754870057979,1.2388281906696172,6.7162313205294755,1.7302538308583773
Zambia,ZMB,2021-05-29,147033.0,141747.0,5286.0,0,19104075.0,0.7419725896176601,Africa,0.02766948936287153,0.0,0.5740754870057979,1.2388281906696172,6.7162313205294755,1.7302538308583773
Zambia,ZMB,2021-06-02,147115.0,141829.0,5286.0,1,19104075.0,0.7424018174133006,Africa,0.02766948936287153,0.05234485312688523,0.5740754870057979,1.2388281906696172,6.7162313205294755,1.7302538308583773
Zambia,ZMB,2021-06-15,148304.0,142089.0,6215.0,27,19104075.0,0.7437627835945996,Africa,0.03253232621835917,1.4133110344259012,0.5740754870057979,1.2388281906696172,6.7162313205294755,1.7302538308583773
Zambia,ZMB,2021-06-24,149002.0,142089.0,6913.0,50,19104075.0,0.7437627835945996,Africa,0.03618599696661576,2.6172426563442617,0.5740754870057979,1.2388281906696172,6.7162313205294755,1.7302538308583773
Zambia,ZMB,2021-06-25,149699.0,142089.0,7610.0,61,19104075.0,0.7437627835945996,Africa,0.03983443322955966,3.1930360407399996,0.5740754870057979,1.2388281906696172,6.7162313205294755,1.7302538308583773
Zambia,ZMB,2021-06-26,150476.0,142089.0,8387.0,60,19104075.0,0.7437627835945996,Africa,0.04390162831751865,3.140691187613114,0.5740754870057979,1.2388281906696172,6.7162313205294755,1.7302538308583773
Zambia,ZMB,2021-06-27,151205.0,142125.0,9080.0,52,19104075.0,0.7439512250658564,Africa,0.04752912663921179,2.721932362598032,0.5740754870057979,1.2388281906696172,6.7162313205294755,1.7302538308583773
Zambia,ZMB,2021-06-29,153106.0,142125.0,10981.0,69,19104075.0,0.7439512250658564,Africa,0.05747988321863268,3.611794865755081,0.5740754870057979,1.2388281906696172,6.7162313205294755,1.7302538308583773
Zambia,ZMB,2021-06-30,154819.0,142125.0,12694.0,47,19104075.0,0.7439512250658564,Africa,0.06644655655926811,2.4602080969636058,0.5740754870057979,1.2388281906696172,6.7162313205294755,1.7302538308583773
Zambia,ZMB,2021-07-01,156584.0,142125.0,14459.0,61,19104075.0,0.7439512250658564,Africa,0.07568542313616336,3.1930360407399996,0.5740754870057979,1.2388281906696172,6.7162313205294755,1.7302538308583773
Zambia,ZMB,2021-07-02,158786.0,142125.0,16661.0,72,19104075.0,0.7439512250658564,Africa,0.08721175979470348,3.7688294251357366,0.5740754870057979,1.2388281906696172,6.7162313205294755,1.7302538308583773
Zambia,ZMB,2021-07-03,162383.0,142125.0,20258.0,70,19104075.0,0.7439512250658564,Africa,0.1060402034644441,3.6641397188819664,0.5740754870057979,1.2388281906696172,6.7162313205294755,1.7302538308583773
Zambia,ZMB,2021-07-04,164370.0,142125.0,22245.0,56,19104075.0,0.7439512250658564,Africa,0.11644112578075619,2.931311775105573,0.5740754870057979,1.2388281906696172,6.7162313205294755,1.7302538308583773
Zambia,ZMB,2021-07-07,169922.0,142198.0,27724.0,67,19104075.0,0.7443333424936827,Africa,0.14512087080897662,3.5071051595013105,0.5740754870057979,1.2388281906696172,6.7162313205294755,1.7302538308583773
Zambia,ZMB,2021-07-08,171238.0,142198.0,29040.0,59,19104075.0,0.7443333424936827,Africa,0.15200945348047473,3.0883463344862285,0.5740754870057979,1.2388281906696172,6.7162313205294755,1.7302538308583773
Zambia,ZMB,2021-07-09,175244.0,142198.0,33046.0,54,19104075.0,0.7443333424936827,Africa,0.17297880164310495,2.8266220688518024,0.5740754870057979,1.2388281906696172,6.7162313205294755,1.7302538308583773
Zambia,ZMB,2021-07-10,181219.0,144457.0,36762.0,64,19104075.0,0.756158044815046,Africa,0.19243014906505548,3.3500706001206546,0.5740754870057979,1.2388281906696172,6.7162313205294755,1.7302538308583773
Zambia,ZMB,2021-07-11,191272.0,150161.0,41111.0,39,19104075.0,0.7860155490386214,Africa,0.21519492568993787,2.041449271948524,0.5740754870057979,1.2388281906696172,6.7162313205294755,1.7302538308583773
Zambia,ZMB,2021-07-12,197744.0,155129.0,42615.0,47,19104075.0,0.812020472072058,Africa,0.22306759160022144,2.4602080969636058,0.5740754870057979,1.2388281906696172,6.7162313205294755,1.7302538308583773
Zambia,ZMB,2021-07-13,210992.0,164503.0,46489.0,45,19104075.0,0.8610885373932002,Africa,0.24334598770157675,2.355518390709835,0.5740754870057979,1.2388281906696172,6.7162313205294755,1.7302538308583773
Zambia,ZMB,2021-07-14,215784.0,167816.0,47968.0,37,19104075.0,0.8784303872341372,Africa,0.2510877914790431,1.9367595656947538,0.5740754870057979,1.2388281906696172,6.7162313205294755,1.7302538308583773
Zambia,ZMB,2021-07-15,243818.0,189408.0,54410.0,45,19104075.0,0.9914533941057078,Africa,0.28480834586338255,2.355518390709835,0.5740754870057979,1.2388281906696172,6.7162313205294755,1.7302538308583773
Zambia,ZMB,2021-07-16,260882.0,202690.0,58192.0,42,19104075.0,1.060977828028837,Africa,0.30460516931597054,2.1984838313291797,0.5740754870057979,1.2388281906696172,6.7162313205294755,1.7302538308583773
Zambia,ZMB,2021-07-17,275253.0,213237.0,62016.0,0,19104075.0,1.1161859446217626,Africa,0.32462184115169146,0.0,0.5740754870057979,1.2388281906696172,6.7162313205294755,1.7302538308583773
Zambia,ZMB,2021-07-18,283617.0,219467.0,64150.0,61,19104075.0,1.1487967881198122,Africa,0.33579223280896875,3.1930360407399996,0.5740754870057979,1.2388281906696172,6.7162313205294755,1.7302538308583773
Zambia,ZMB,2021-07-19,289948.0,224420.0,65528.0,32,19104075.0,1.1747231938735585,Africa,0.34300535356985357,1.6750353000603273,0.5740754870057979,1.2388281906696172,6.7162313205294755,1.7302538308583773
Zambia,ZMB,2021-07-20,301220.0,232383.0,68837.0,29,19104075.0,1.216405400418497,Africa,0.3603262654695399,1.5180007406796718,0.5740754870057979,1.2388281906696172,6.7162313205294755,1.7302538308583773
Zambia,ZMB,2021-07-21,312479.0,243642.0,68837.0,25,19104075.0,1.2753404705540572,Africa,0.3603262654695399,1.3086213281721308,0.5740754870057979,1.2388281906696172,6.7162313205294755,1.7302538308583773
Zambia,ZMB,2021-07-22,322358.0,246553.0,75805.0,24,19104075.0,1.2905780572992935,Africa,0.3968001591283535,1.2562764750452455,0.5740754870057979,1.2388281906696172,6.7162313205294755,1.7302538308583773
Zambia,ZMB,2021-07-24,343223.0,256059.0,87164.0,25,19104075.0,1.3403370746817105,Africa,0.4562586777951824,1.3086213281721308,0.5740754870057979,1.2388281906696172,6.7162313205294755,1.7302538308583773
Zambia,ZMB,2021-07-26,361333.0,266262.0,95071.0,22,19104075.0,1.3937445283270715,Africa,0.4976477531626106,1.1515867687914751,0.5740754870057979,1.2388281906696172,6.7162313205294755,1.7302538308583773
Zambia,ZMB,2021-07-27,381015.0,269762.0,111253.0,23,19104075.0,1.4120652269214815,Africa,0.5823521944925363,1.2039316219183605,0.5740754870057979,1.2388281906696172,6.7162313205294755,1.7302538308583773
Zambia,ZMB,2021-07-28,400639.0,282556.0,118083.0,21,19104075.0,1.4790352320120184,Africa,0.6181037291781989,1.0992419156645898,0.5740754870057979,1.2388281906696172,6.7162313205294755,1.7302538308583773
Zambia,ZMB,2021-07-29,413774.0,283481.0,130293.0,22,19104075.0,1.4838771309262553,Africa,0.6820167948461258,1.1515867687914751,0.5740754870057979,1.2388281906696172,6.7162313205294755,1.7302538308583773
Zambia,ZMB,2021-07-30,424519.0,284110.0,140409.0,17,19104075.0,1.4871696221879365,Africa,0.7349688482692829,0.889862503157049,0.5740754870057979,1.2388281906696172,6.7162313205294755,1.7302538308583773
Zambia,ZMB,2021-07-31,433716.0,284700.0,149016.0,21,19104075.0,1.4902579685224226,Africa,0.780022063355593,1.0992419156645898,0.5740754870057979,1.2388281906696172,6.7162313205294755,1.7302538308583773
Zambia,ZMB,2021-08-01,438885.0,285288.0,153597.0,13,19104075.0,1.493335845886283,Africa,0.8040012405730191,0.680483090649508,0.5740754870057979,1.2388281906696172,6.7162313205294755,1.7302538308583773
Zambia,ZMB,2021-08-02,441113.0,285979.0,155134.0,17,19104075.0,1.496952875237351,Africa,0.8120466444986214,0.889862503157049,0.5740754870057979,1.2388281906696172,6.7162313205294755,1.7302538308583773
Zambia,ZMB,2021-08-03,444574.0,286967.0,157607.0,6,19104075.0,1.5021245467262876,Africa,0.8249915266769001,0.3140691187613114,0.5740754870057979,1.2388281906696172,6.7162313205294755,1.7302538308583773
Zambia,ZMB,2021-08-04,454406.0,289482.0,164924.0,10,19104075.0,1.5152892772876991,Africa,0.863292255709842,0.5234485312688523,0.5740754870057979,1.2388281906696172,6.7162313205294755,1.7302538308583773
Zambia,ZMB,2021-08-05,465760.0,292922.0,172838.0,8,19104075.0,1.5332959067633476,Africa,0.904717972474459,0.4187588250150818,0.5740754870057979,1.2388281906696172,6.7162313205294755,1.7302538308583773
Zambia,ZMB,2021-08-06,478129.0,297173.0,180956.0,17,19104075.0,1.5555477038275864,Africa,0.9472115242428645,0.889862503157049,0.5740754870057979,1.2388281906696172,6.7162313205294755,1.7302538308583773
Zambia,ZMB,2021-08-07,490441.0,302222.0,188219.0,12,19104075.0,1.581976620171351,Africa,0.9852295910689212,0.6281382375226228,0.5740754870057979,1.2388281906696172,6.7162313205294755,1.7302538308583773
Zimbabwe,ZWE,2021-03-22,44120.0,43840.0,280.0,2,15171742.0,0.2889582488286447,Africa,0.0018455362607668916,0.13182401862620652,6.220811972109518,0.8800412499744492,6.7162313205294755,1.7302538308583773
Zimbabwe,ZWE,2021-03-23,45743.0,44681.0,1062.0,2,15171742.0,0.2945014488118767,Africa,0.006999855389051566,0.13182401862620652,6.220811972109518,0.8800412499744492,6.7162313205294755,1.7302538308583773
Zimbabwe,ZWE,2021-03-24,52439.0,49950.0,2489.0,2,15171742.0,0.3292304865189508,Africa,0.0164054991180314,0.13182401862620652,6.220811972109518,0.8800412499744492,6.7162313205294755,1.7302538308583773
Zimbabwe,ZWE,2021-03-25,59533.0,55438.0,4095.0,0,15171742.0,0.3654029972299819,Africa,0.02699096781371579,0.0,6.220811972109518,0.8800412499744492,6.7162313205294755,1.7302538308583773
Zimbabwe,ZWE,2021-03-26,68208.0,61639.0,6569.0,2,15171742.0,0.4062750342050372,Africa,0.04329759891777754,0.13182401862620652,6.220811972109518,0.8800412499744492,6.7162313205294755,1.7302538308583773
Zimbabwe,ZWE,2021-03-27,73977.0,66012.0,7965.0,0,15171742.0,0.4350983558776573,Africa,0.052498915417886746,0.0,6.220811972109518,0.8800412499744492,6.7162313205294755,1.7302538308583773
Zimbabwe,ZWE,2021-03-28,79685.0,69057.0,10628.0,1,15171742.0,0.4551685627134972,Africa,0.07005128349796615,0.06591200931310326,6.220811972109518,0.8800412499744492,6.7162313205294755,1.7302538308583773
Zimbabwe,ZWE,2021-03-29,82156.0,70297.0,11859.0,1,15171742.0,0.463341651868322,Africa,0.07816505184440917,0.06591200931310326,6.220811972109518,0.8800412499744492,6.7162313205294755,1.7302538308583773
Zimbabwe,ZWE,2021-03-30,86412.0,73490.0,12922.0,0,15171742.0,0.4843873564419959,Africa,0.08517149843439205,0.0,6.220811972109518,0.8800412499744492,6.7162313205294755,1.7302538308583773
Zimbabwe,ZWE,2021-03-31,92426.0,77541.0,14885.0,1,15171742.0,0.511088311414734,Africa,0.09811002586255421,0.06591200931310326,6.220811972109518,0.8800412499744492,6.7162313205294755,1.7302538308583773
Zimbabwe,ZWE,2021-04-01,105853.0,88337.0,17516.0,2,15171742.0,0.5822469166691604,Africa,0.11545147551283168,0.13182401862620652,6.220811972109518,0.8800412499744492,6.7162313205294755,1.7302538308583773
Zimbabwe,ZWE,2021-04-02,125299.0,104361.0,20938.0,0,15171742.0,0.687864320392477,Africa,0.1380065650997756,0.0,6.220811972109518,0.8800412499744492,6.7162313205294755,1.7302538308583773
Zimbabwe,ZWE,2021-04-03,133461.0,112134.0,21327.0,1,15171742.0,0.7390977252315521,Africa,0.14057054226205534,0.06591200931310326,6.220811972109518,0.8800412499744492,6.7162313205294755,1.7302538308583773
Zimbabwe,ZWE,2021-04-04,139446.0,117843.0,21603.0,0,15171742.0,0.7767268913484029,Africa,0.14238971371909698,0.0,6.220811972109518,0.8800412499744492,6.7162313205294755,1.7302538308583773
Zimbabwe,ZWE,2021-04-05,146056.0,124000.0,22056.0,1,15171742.0,0.8173089154824805,Africa,0.1453755277409806,0.06591200931310326,6.220811972109518,0.8800412499744492,6.7162313205294755,1.7302538308583773
Zimbabwe,ZWE,2021-04-06,162633.0,139133.0,23500.0,0,15171742.0,0.9170535591759996,Africa,0.1548932218857927,0.0,6.220811972109518,0.8800412499744492,6.7162313205294755,1.7302538308583773
Zimbabwe,ZWE,2021-04-07,179417.0,153238.0,26179.0,6,15171742.0,1.0100224483121318,Africa,0.17255104918077305,0.3954720558786196,6.220811972109518,0.8800412499744492,6.7162313205294755,1.7302538308583773
Zimbabwe,ZWE,2021-04-08,181700.0,154566.0,27134.0,0,15171742.0,1.018775563148912,Africa,0.1788456460701744,0.0,6.220811972109518,0.8800412499744492,6.7162313205294755,1.7302538308583773
Zimbabwe,ZWE,2021-04-09,194228.0,166260.0,27968.0,1,15171742.0,1.0958530668396549,Africa,0.1843427076468872,0.06591200931310326,6.220811972109518,0.8800412499744492,6.7162313205294755,1.7302538308583773
Zimbabwe,ZWE,2021-04-10,210756.0,181959.0,28797.0,3,15171742.0,1.1993283302602955,Africa,0.1898068132189435,0.1977360279393098,6.220811972109518,0.8800412499744492,6.7162313205294755,1.7302538308583773
Zimbabwe,ZWE,2021-04-11,211515.0,182617.0,28898.0,3,15171742.0,1.203665340473098,Africa,0.19047252451300584,0.1977360279393098,6.220811972109518,0.8800412499744492,6.7162313205294755,1.7302538308583773
Zimbabwe,ZWE,2021-04-12,222602.0,193298.0,29304.0,0,15171742.0,1.2740659576204234,Africa,0.19314855209111784,0.0,6.220811972109518,0.8800412499744492,6.7162313205294755,1.7302538308583773
Zimbabwe,ZWE,2021-04-13,250151.0,219655.0,30496.0,4,15171742.0,1.4477902405669698,Africa,0.20100526360123971,0.26364803725241304,6.220811972109518,0.8800412499744492,6.7162313205294755,1.7302538308583773
Zimbabwe,ZWE,2021-04-15,292724.0,257755.0,34969.0,5,15171742.0,1.6989149960498933,Africa,0.2304877053669908,0.32956004656551635,6.220811972109518,0.8800412499744492,6.7162313205294755,1.7302538308583773
Zimbabwe,ZWE,2021-04-17,299924.0,264118.0,35806.0,0,15171742.0,1.7408548075758208,Africa,0.23600454054649755,0.0,6.220811972109518,0.8800412499744492,6.7162313205294755,1.7302538308583773
Zimbabwe,ZWE,2021-04-18,305014.0,268591.0,36423.0,2,15171742.0,1.770337249341572,Africa,0.24007131152111602,0.13182401862620652,6.220811972109518,0.8800412499744492,6.7162313205294755,1.7302538308583773
Zimbabwe,ZWE,2021-04-20,313030.0,276252.0,36778.0,0,15171742.0,1.8208324396763405,Africa,0.24241118785173119,0.0,6.220811972109518,0.8800412499744492,6.7162313205294755,1.7302538308583773
Zimbabwe,ZWE,2021-04-21,332929.0,295584.0,37345.0,1,15171742.0,1.9482535360804316,Africa,0.24614839877978414,0.06591200931310326,6.220811972109518,0.8800412499744492,6.7162313205294755,1.7302538308583773
Zimbabwe,ZWE,2021-04-22,332929.0,295584.0,37345.0,1,15171742.0,1.9482535360804316,Africa,0.24614839877978414,0.06591200931310326,6.220811972109518,0.8800412499744492,6.7162313205294755,1.7302538308583773
Zimbabwe,ZWE,2021-04-23,347115.0,307245.0,39870.0,0,15171742.0,2.025113530140441,Africa,0.2627911811313427,0.0,6.220811972109518,0.8800412499744492,6.7162313205294755,1.7302538308583773
Zimbabwe,ZWE,2021-04-24,371717.0,324486.0,47231.0,1,15171742.0,2.1387524253971626,Africa,0.311309011186718,0.06591200931310326,6.220811972109518,0.8800412499744492,6.7162313205294755,1.7302538308583773
Zimbabwe,ZWE,2021-04-25,389636.0,336598.0,53038.0,0,15171742.0,2.2185850510771936,Africa,0.3495841149948371,0.0,6.220811972109518,0.8800412499744492,6.7162313205294755,1.7302538308583773
Zimbabwe,ZWE,2021-04-26,411228.0,353832.0,57396.0,1,15171742.0,2.332177807927396,Africa,0.3783085686534875,0.06591200931310326,6.220811972109518,0.8800412499744492,6.7162313205294755,1.7302538308583773
Zimbabwe,ZWE,2021-04-27,433917.0,370674.0,63243.0,3,15171742.0,2.443186814012524,Africa,0.41684732049885903,0.1977360279393098,6.220811972109518,0.8800412499744492,6.7162313205294755,1.7302538308583773
Zimbabwe,ZWE,2021-04-28,457991.0,388019.0,69972.0,5,15171742.0,2.5575111941661017,Africa,0.46119951156564615,0.32956004656551635,6.220811972109518,0.8800412499744492,6.7162313205294755,1.7302538308583773
Zimbabwe,ZWE,2021-04-29,500320.0,414733.0,85587.0,0,15171742.0,2.7335885358451257,Africa,0.5641211141080569,0.0,6.220811972109518,0.8800412499744492,6.7162313205294755,1.7302538308583773
Zimbabwe,ZWE,2021-05-01,520277.0,428133.0,92144.0,0,15171742.0,2.821910628324684,Africa,0.6073396186146588,0.0,6.220811972109518,0.8800412499744492,6.7162313205294755,1.7302538308583773
Zimbabwe,ZWE,2021-05-02,524177.0,430066.0,94111.0,1,15171742.0,2.8346514197249073,Africa,0.6203045108465461,0.06591200931310326,6.220811972109518,0.8800412499744492,6.7162313205294755,1.7302538308583773
Zimbabwe,ZWE,2021-05-03,537494.0,437749.0,99745.0,2,15171742.0,2.8852916164801643,Africa,0.6574393368935486,0.13182401862620652,6.220811972109518,0.8800412499744492,6.7162313205294755,1.7302538308583773
Zimbabwe,ZWE,2021-05-04,559755.0,452189.0,107566.0,3,15171742.0,2.9804685579282855,Africa,0.7089891193773266,0.1977360279393098,6.220811972109518,0.8800412499744492,6.7162313205294755,1.7302538308583773
Zimbabwe,ZWE,2021-05-05,576211.0,461021.0,115190.0,1,15171742.0,3.0386820445536182,Africa,0.7592404352776365,0.06591200931310326,6.220811972109518,0.8800412499744492,6.7162313205294755,1.7302538308583773
Zimbabwe,ZWE,2021-05-06,607333.0,478172.0,129161.0,0,15171742.0,3.1517277317265218,Africa,0.8513261034889731,0.0,6.220811972109518,0.8800412499744492,6.7162313205294755,1.7302538308583773
Zimbabwe,ZWE,2021-05-07,640740.0,500420.0,140320.0,1,15171742.0,3.298368770046314,Africa,0.9248773146814651,0.06591200931310326,6.220811972109518,0.8800412499744492,6.7162313205294755,1.7302538308583773
Zimbabwe,ZWE,2021-05-08,657816.0,509272.0,148544.0,1,15171742.0,3.356714080690273,Africa,0.9790833511405611,0.06591200931310326,6.220811972109518,0.8800412499744492,6.7162313205294755,1.7302538308583773
